-- STRESS_TIMESTAMP_WITH_LOCAL_TIMEZONE.table
drop sequence "SCOTT"."STRESS_TIMESTAMP_WITH_LTZ_SEQ";
drop table "SCOTT"."STRESS_TIMESTAMP_WITH_LOCAL_TZ";

create sequence "SCOTT"."STRESS_TIMESTAMP_WITH_LTZ_SEQ" increment by 1 start with 1 nocache;
create table "SCOTT"."STRESS_TIMESTAMP_WITH_LOCAL_TZ" (  "id" integer not null ,"timestamp_default" timestamp with local time zone ,"timestamp_0" timestamp(0) with local time zone ,"timestamp_1" timestamp(1) with local time zone ,"timestamp_2" timestamp(2) with local time zone ,"timestamp_3" timestamp(3) with local time zone ,"timestamp_4" timestamp(4) with local time zone ,"timestamp_5" timestamp(5) with local time zone ,"timestamp_6" timestamp(6) with local time zone ,"timestamp_7" timestamp(7) with local time zone ,"timestamp_8" timestamp(8) with local time zone ,"timestamp_9" timestamp(9) with local time zone);
alter table "SCOTT"."STRESS_TIMESTAMP_WITH_LOCAL_TZ"  add constraint "PK_STRESS_TIMESTAMP_WITH_LTZ"  primary key ("id");

insert into "SCOTT".STRESS_TIMESTAMP_WITH_LOCAL_TZ ("id", "timestamp_default", "timestamp_0", "timestamp_1", "timestamp_2", "timestamp_3", "timestamp_4", "timestamp_5", "timestamp_6", "timestamp_7", "timestamp_8", "timestamp_9") values ("SCOTT".STRESS_TIMESTAMP_WITH_LTZ_SEQ.nextval, current_timestamp, current_timestamp(0), current_timestamp(1), current_timestamp(2), current_timestamp(3), current_timestamp(4), current_timestamp(5), current_timestamp(6), current_timestamp(7), current_timestamp(8), current_timestamp(9));
insert into "SCOTT".STRESS_TIMESTAMP_WITH_LOCAL_TZ ("id", "timestamp_default", "timestamp_0", "timestamp_1", "timestamp_2", "timestamp_3", "timestamp_4", "timestamp_5", "timestamp_6", "timestamp_7", "timestamp_8", "timestamp_9") values ("SCOTT".STRESS_TIMESTAMP_WITH_LTZ_SEQ.nextval, TIMESTAMP '1999-12-31 23:59:59.123456789', TIMESTAMP '1999-12-31 23:59:59.123456789', TIMESTAMP '1999-12-31 23:59:59.123456789', TIMESTAMP '1999-12-31 23:59:59.123456789', TIMESTAMP '1999-12-31 23:59:59.123456789', TIMESTAMP '1999-12-31 23:59:59.123456789', TIMESTAMP '1999-12-31 23:59:59.123456789', TIMESTAMP '1999-12-31 23:59:59.123456789', TIMESTAMP '1999-12-31 23:59:59.123456789', TIMESTAMP '1999-12-31 23:59:59.123456789', TIMESTAMP '1999-12-31 23:59:59.123456789');
insert into "SCOTT".STRESS_TIMESTAMP_WITH_LOCAL_TZ ("id", "timestamp_default", "timestamp_0", "timestamp_1", "timestamp_2", "timestamp_3", "timestamp_4", "timestamp_5", "timestamp_6", "timestamp_7", "timestamp_8", "timestamp_9") values ("SCOTT".STRESS_TIMESTAMP_WITH_LTZ_SEQ.nextval, TIMESTAMP '1999-12-31 23:59:59.123456789 -01:12', TIMESTAMP '1999-12-31 23:59:59.123456789 -01:12', TIMESTAMP '1999-12-31 23:59:59.123456789 -01:12', TIMESTAMP '1999-12-31 23:59:59.123456789 -01:12', TIMESTAMP '1999-12-31 23:59:59.123456789 -01:12', TIMESTAMP '1999-12-31 23:59:59.123456789 -01:12', TIMESTAMP '1999-12-31 23:59:59.123456789 -01:12', TIMESTAMP '1999-12-31 23:59:59.123456789 -01:12', TIMESTAMP '1999-12-31 23:59:59.123456789 -01:12', TIMESTAMP '1999-12-31 23:59:59.123456789 -01:12', TIMESTAMP '1999-12-31 23:59:59.123456789 -01:12');

-- STRESS_TIMESTAMP.table
drop sequence "SCOTT"."STRESS_TIMESTAMP_SEQ";
drop table "SCOTT"."STRESS_TIMESTAMP";

create sequence "SCOTT"."STRESS_TIMESTAMP_SEQ" increment by 1 start with 1 nocache;
create table "SCOTT"."STRESS_TIMESTAMP" (  "id" integer not null ,"timestamp_default" timestamp ,"timestamp_0" timestamp(0) ,"timestamp_1" timestamp(1) ,"timestamp_2" timestamp(2) ,"timestamp_3" timestamp(3) ,"timestamp_4" timestamp(4) ,"timestamp_5" timestamp(5) ,"timestamp_6" timestamp(6) ,"timestamp_7" timestamp(7) ,"timestamp_8" timestamp(8) ,"timestamp_9" timestamp(9));
alter table "SCOTT"."STRESS_TIMESTAMP"  add constraint "PK_STRESS_TIMESTAMP"  primary key ("id");

insert into "SCOTT"."STRESS_TIMESTAMP" ( "id", "timestamp_default", "timestamp_0", "timestamp_1", "timestamp_2", "timestamp_3", "timestamp_4", "timestamp_5", "timestamp_6", "timestamp_7", "timestamp_8", "timestamp_9") values ("SCOTT"."STRESS_TIMESTAMP_SEQ".nextval, current_timestamp, current_timestamp(0), current_timestamp(1), current_timestamp(2), current_timestamp(3), current_timestamp(4), current_timestamp(5), current_timestamp(6), current_timestamp(7), current_timestamp(8), current_timestamp(9));
insert into "SCOTT"."STRESS_TIMESTAMP" ( "id", "timestamp_default", "timestamp_0", "timestamp_1", "timestamp_2", "timestamp_3", "timestamp_4", "timestamp_5", "timestamp_6", "timestamp_7", "timestamp_8", "timestamp_9") values ("SCOTT"."STRESS_TIMESTAMP_SEQ".nextval, TIMESTAMP '1999-12-31 23:59:59.123456789', TIMESTAMP '1999-12-31 23:59:59.123456789', TIMESTAMP '1999-12-31 23:59:59.123456789', TIMESTAMP '1999-12-31 23:59:59.123456789', TIMESTAMP '1999-12-31 23:59:59.123456789', TIMESTAMP '1999-12-31 23:59:59.123456789', TIMESTAMP '1999-12-31 23:59:59.123456789', TIMESTAMP '1999-12-31 23:59:59.123456789', TIMESTAMP '1999-12-31 23:59:59.123456789', TIMESTAMP '1999-12-31 23:59:59.123456789', TIMESTAMP '1999-12-31 23:59:59.123456789');
insert into "SCOTT"."STRESS_TIMESTAMP" ( "id", "timestamp_default", "timestamp_0", "timestamp_1", "timestamp_2", "timestamp_3", "timestamp_4", "timestamp_5", "timestamp_6", "timestamp_7", "timestamp_8", "timestamp_9") values ("SCOTT"."STRESS_TIMESTAMP_SEQ".nextval, TIMESTAMP '1999-12-31 23:59:59.123456789 -01:12', TIMESTAMP '1999-12-31 23:59:59.123456789 -01:12', TIMESTAMP '1999-12-31 23:59:59.123456789 -01:12', TIMESTAMP '1999-12-31 23:59:59.123456789 -01:12', TIMESTAMP '1999-12-31 23:59:59.123456789 -01:12', TIMESTAMP '1999-12-31 23:59:59.123456789 -01:12', TIMESTAMP '1999-12-31 23:59:59.123456789 -01:12', TIMESTAMP '1999-12-31 23:59:59.123456789 -01:12', TIMESTAMP '1999-12-31 23:59:59.123456789 -01:12', TIMESTAMP '1999-12-31 23:59:59.123456789 -01:12', TIMESTAMP '1999-12-31 23:59:59.123456789 -01:12');

-- STRESS_UROWID.table
drop sequence "SCOTT"."STRESS_UROWID_SEQ";
drop table "SCOTT"."STRESS_UROWID";

create sequence "SCOTT"."STRESS_UROWID_SEQ" increment by 1 start with 1 nocache;
create table "SCOTT"."STRESS_UROWID" (  "id" integer not null ,"urowid" UROWID ,"urowid(2000)" UROWID(2000) ,"urowid(4000)" UROWID(4000));
REM note the DMBS_ROWID.CREATE is a test only procalter table "SCOTT"."STRESS_UROWID"  add constraint "PK_STRESS_UROWID"  primary key ("id");

insert into "SCOTT"."STRESS_UROWID" values ("SCOTT"."STRESS_UROWID_SEQ".nextval, DBMS_ROWID.ROWID_CREATE(1,1,1,1,1), DBMS_ROWID.ROWID_CREATE(1,1,1,1,1), DBMS_ROWID.ROWID_CREATE(1,1,1,1,1));
insert into "SCOTT"."STRESS_UROWID" values ("SCOTT"."STRESS_UROWID_SEQ".nextval, null, null, null);
insert into "SCOTT"."STRESS_UROWID" values ("SCOTT"."STRESS_UROWID_SEQ".nextval, DBMS_ROWID.ROWID_CREATE(1,2,2,2,2), DBMS_ROWID.ROWID_CREATE(1,1,1,1,1), DBMS_ROWID.ROWID_CREATE(1,1,1,1,1));

-- STRESS_INTERVAL_DAY_SECOND.table
drop sequence "SCOTT"."STRESS_INTERVAL_DY_TO_SEC_SEQ";
drop table "SCOTT"."STRESS_INTERVAL_DAY_TO_SECOND";
create sequence "SCOTT"."STRESS_INTERVAL_DY_TO_SEC_SEQ" increment by 1 start with 1 nocache;
create table "SCOTT"."STRESS_INTERVAL_DAY_TO_SECOND" (  "id" integer not null ,"intds_default" interval day to second ,"intds_0_0" interval day(0) to second(0) ,"intds_0_1" interval day(0) to second(1) ,"intds_0_2" interval day(0) to second(2) ,"intds_0_3" interval day(0) to second(3) ,"intds_0_4" interval day(0) to second(4) ,"intds_0_5" interval day(0) to second(5) ,"intds_0_6" interval day(0) to second(6) ,"intds_0_7" interval day(0) to second(7) ,"intds_0_8" interval day(0) to second(8) ,"intds_0_9" interval day(0) to second(9) ,"intds_1_0" interval day(1) to second(0) ,"intds_1_1" interval day(1) to second(1) ,"intds_1_2" interval day(1) to second(2) ,"intds_1_3" interval day(1) to second(3) ,"intds_1_4" interval day(1) to second(4) ,"intds_1_5" interval day(1) to second(5) ,"intds_1_6" interval day(1) to second(6) ,"intds_1_7" interval day(1) to second(7) ,"intds_1_8" interval day(1) to second(8) ,"intds_1_9" interval day(1) to second(9) ,"intds_2_0" interval day(2) to second(0) ,"intds_2_1" interval day(2) to second(1) ,"intds_2_2" interval day(2) to second(2) ,"intds_2_3" interval day(2) to second(3) ,"intds_2_4" interval day(2) to second(4) ,"intds_2_5" interval day(2) to second(5) ,"intds_2_6" interval day(2) to second(6) ,"intds_2_7" interval day(2) to second(7) ,"intds_2_8" interval day(2) to second(8) ,"intds_2_9" interval day(2) to second(9) ,"intds_3_0" interval day(3) to second(0) ,"intds_3_1" interval day(3) to second(1) ,"intds_3_2" interval day(3) to second(2) ,"intds_3_3" interval day(3) to second(3) ,"intds_3_4" interval day(3) to second(4) ,"intds_3_5" interval day(3) to second(5) ,"intds_3_6" interval day(3) to second(6) ,"intds_3_7" interval day(3) to second(7) ,"intds_3_8" interval day(3) to second(8) ,"intds_3_9" interval day(3) to second(9) ,"intds_4_0" interval day(4) to second(0) ,"intds_4_1" interval day(4) to second(1) ,"intds_4_2" interval day(4) to second(2) ,"intds_4_3" interval day(4) to second(3) ,"intds_4_4" interval day(4) to second(4) ,"intds_4_5" interval day(4) to second(5) ,"intds_4_6" interval day(4) to second(6) ,"intds_4_7" interval day(4) to second(7) ,"intds_4_8" interval day(4) to second(8) ,"intds_4_9" interval day(4) to second(9) ,"intds_5_0" interval day(5) to second(0) ,"intds_5_1" interval day(5) to second(1) ,"intds_5_2" interval day(5) to second(2) ,"intds_5_3" interval day(5) to second(3) ,"intds_5_4" interval day(5) to second(4) ,"intds_5_5" interval day(5) to second(5) ,"intds_5_6" interval day(5) to second(6) ,"intds_5_7" interval day(5) to second(7) ,"intds_5_8" interval day(5) to second(8) ,"intds_5_9" interval day(5) to second(9) ,"intds_6_0" interval day(6) to second(0) ,"intds_6_1" interval day(6) to second(1) ,"intds_6_2" interval day(6) to second(2) ,"intds_6_3" interval day(6) to second(3) ,"intds_6_4" interval day(6) to second(4) ,"intds_6_5" interval day(6) to second(5) ,"intds_6_6" interval day(6) to second(6) ,"intds_6_7" interval day(6) to second(7) ,"intds_6_8" interval day(6) to second(8) ,"intds_6_9" interval day(6) to second(9) ,"intds_7_0" interval day(7) to second(0) ,"intds_7_1" interval day(7) to second(1) ,"intds_7_2" interval day(7) to second(2) ,"intds_7_3" interval day(7) to second(3) ,"intds_7_4" interval day(7) to second(4) ,"intds_7_5" interval day(7) to second(5) ,"intds_7_6" interval day(7) to second(6) ,"intds_7_7" interval day(7) to second(7) ,"intds_7_8" interval day(7) to second(8) ,"intds_7_9" interval day(7) to second(9) ,"intds_8_0" interval day(8) to second(0) ,"intds_8_1" interval day(8) to second(1) ,"intds_8_2" interval day(8) to second(2) ,"intds_8_3" interval day(8) to second(3) ,"intds_8_4" interval day(8) to second(4) ,"intds_8_5" interval day(8) to second(5) ,"intds_8_6" interval day(8) to second(6) ,"intds_8_7" interval day(8) to second(7) ,"intds_8_8" interval day(8) to second(8) ,"intds_8_9" interval day(8) to second(9) ,"intds_9_0" interval day(9) to second(0) ,"intds_9_1" interval day(9) to second(1) ,"intds_9_2" interval day(9) to second(2) ,"intds_9_3" interval day(9) to second(3) ,"intds_9_4" interval day(9) to second(4) ,"intds_9_5" interval day(9) to second(5) ,"intds_9_6" interval day(9) to second(6) ,"intds_9_7" interval day(9) to second(7) ,"intds_9_8" interval day(9) to second(8) ,"intds_9_9" interval day(9) to second(9));
alter table "SCOTT"."STRESS_INTERVAL_DAY_TO_SECOND"  add constraint "PK_STRESS_INTERVAL_DY_TO_SEC"  primary key ("id");

insert into "SCOTT"."STRESS_INTERVAL_DAY_TO_SECOND" (  "id" ,"intds_default" ,"intds_6_5" ,"intds_9_9") values (  "SCOTT"."STRESS_INTERVAL_DY_TO_SEC_SEQ".nextval  ,interval '99 23:59:59.999999' day(2) to second(6)  ,interval '999999 23:59:59.99999' day(6) to second(5)  ,interval '999999999 23:59:59.999999999' day(9) to second(9));
insert into "SCOTT"."STRESS_INTERVAL_DAY_TO_SECOND" (  "id" ,"intds_default" ,"intds_6_5" ,"intds_9_9") values (  "SCOTT"."STRESS_INTERVAL_DY_TO_SEC_SEQ".nextval  ,interval '-99 23:59:59.999999' day(2) to second(6)  ,interval '-999999 23:59:59.99999' day(6) to second(5)  ,interval '-999999999 23:59:59.999999999' day(9) to second(9));

-- STRESS_DATE.table
drop sequence "SCOTT"."STRESS_DATE_SEQ";
drop table "SCOTT"."STRESS_DATE";

create sequence "SCOTT"."STRESS_DATE_SEQ" increment by 1 start with 1 nocache;
create table "SCOTT"."STRESS_DATE" (  "id" integer not null ,"date_default" DATE);
alter table "SCOTT"."STRESS_DATE"  add constraint "PK_STRESS_DATE"  primary key ("id");

insert into "SCOTT"."STRESS_DATE" values ("SCOTT"."STRESS_DATE_SEQ".nextval, current_timestamp);
insert into "SCOTT"."STRESS_DATE" values ("SCOTT"."STRESS_DATE_SEQ".nextval, TIMESTAMP '1999-12-31 23:59:59.123456789');
insert into "SCOTT"."STRESS_DATE" values ("SCOTT"."STRESS_DATE_SEQ".nextval, TIMESTAMP '1999-12-31 23:59:59.123456789 -01:12');

-- STRESS_IDENTITY_02_BY_DEFAULT.table
drop table "SCOTT"."STRESS_IDENTITY_BY_DEFAULT";

create table "SCOTT"."STRESS_IDENTITY_BY_DEFAULT" (  "id" int generated by default as identity (increment by 1 start with 1 nocache) ,"some_text" varchar(40));
alter table "SCOTT"."STRESS_IDENTITY_BY_DEFAULT"  add constraint "PK_STRESS_IDENTITY_BY_DEFAULT"  primary key ("id");

insert into "SCOTT"."STRESS_IDENTITY_BY_DEFAULT"("some_text") values ('Hello 1');
insert into "SCOTT"."STRESS_IDENTITY_BY_DEFAULT"("id", "some_text") values (DEFAULT, 'Hello 2');
insert into "SCOTT"."STRESS_IDENTITY_BY_DEFAULT"("id", "some_text") values (-1, 'Hello 3');
-- this will failinsert into "SCOTT"."STRESS_IDENTITY_BY_DEFAULT"("id", "some_text") values (null, 'Hello 4');
-- this will succeedinsert into "SCOTT"."STRESS_IDENTITY_BY_DEFAULT"("some_text") values ('Hello 5');
insert into "SCOTT"."STRESS_IDENTITY_BY_DEFAULT"("some_text") values ('Hello 6');

-- STRESS_LONG.table
drop sequence "SCOTT"."STRESS_LONG_SEQ";
drop table "SCOTT"."STRESS_LONG";

create sequence "SCOTT"."STRESS_LONG_SEQ" increment by 1 start with 1 nocache;
create table "SCOTT"."STRESS_LONG" (  "id" integer not null ,"description" varchar2(100) ,"default_long" long);
alter table "SCOTT"."STRESS_LONG"  add constraint "PK_STRESS_LONG"  primary key ("id");

insert into "SCOTT"."STRESS_LONG" values ("SCOTT"."STRESS_LONG_SEQ".nextval, 'Large character value',  '0000AAAAAABBBBBBBBBBCCCCCCCCCCDDDDDDDDDDEEEEEEEEEEAAAAAAAAAABBBBBBBBBBCCCCCCCCCCDDDDDDDDDDEEEEEEEEEE'|| '0100AAAAAABBBBBBBBBBCCCCCCCCCCDDDDDDDDDDEEEEEEEEEEAAAAAAAAAABBBBBBBBBBCCCCCCCCCCDDDDDDDDDDEEEEEEEEEE'|| '0200AAAAAABBBBBBBBBBCCCCCCCCCCDDDDDDDDDDEEEEEEEEEEAAAAAAAAAABBBBBBBBBBCCCCCCCCCCDDDDDDDDDDEEEEEEEEEE'|| '0300AAAAAABBBBBBBBBBCCCCCCCCCCDDDDDDDDDDEEEEEEEEEEAAAAAAAAAABBBBBBBBBBCCCCCCCCCCDDDDDDDDDDEEEEEEEEEE'|| '0400AAAAAABBBBBBBBBBCCCCCCCCCCDDDDDDDDDDEEEEEEEEEEAAAAAAAAAABBBBBBBBBBCCCCCCCCCCDDDDDDDDDDEEEEEEEEEE'|| '0500AAAAAABBBBBBBBBBCCCCCCCCCCDDDDDDDDDDEEEEEEEEEEAAAAAAAAAABBBBBBBBBBCCCCCCCCCCDDDDDDDDDDEEEEEEEEEE'|| '0600AAAAAABBBBBBBBBBCCCCCCCCCCDDDDDDDDDDEEEEEEEEEEAAAAAAAAAABBBBBBBBBBCCCCCCCCCCDDDDDDDDDDEEEEEEEEEE'|| '0700AAAAAABBBBBBBBBBCCCCCCCCCCDDDDDDDDDDEEEEEEEEEEAAAAAAAAAABBBBBBBBBBCCCCCCCCCCDDDDDDDDDDEEEEEEEEEE'|| '0800AAAAAABBBBBBBBBBCCCCCCCCCCDDDDDDDDDDEEEEEEEEEEAAAAAAAAAABBBBBBBBBBCCCCCCCCCCDDDDDDDDDDEEEEEEEEEE'|| '0900AAAAAABBBBBBBBBBCCCCCCCCCCDDDDDDDDDDEEEEEEEEEEAAAAAAAAAABBBBBBBBBBCCCCCCCCCCDDDDDDDDDDEEEEEEEEEE'|| '1000AAAAAABBBBBBBBBBCCCCCCCCCCDDDDDDDDDDEEEEEEEEEEAAAAAAAAAABBBBBBBBBBCCCCCCCCCCDDDDDDDDDDEEEEEEEEEE'|| '1100AAAAAABBBBBBBBBBCCCCCCCCCCDDDDDDDDDDEEEEEEEEEEAAAAAAAAAABBBBBBBBBBCCCCCCCCCCDDDDDDDDDDEEEEEEEEEE'|| '1200AAAAAABBBBBBBBBBCCCCCCCCCCDDDDDDDDDDEEEEEEEEEEAAAAAAAAAABBBBBBBBBBCCCCCCCCCCDDDDDDDDDDEEEEEEEEEE'|| '1300AAAAAABBBBBBBBBBCCCCCCCCCCDDDDDDDDDDEEEEEEEEEEAAAAAAAAAABBBBBBBBBBCCCCCCCCCCDDDDDDDDDDEEEEEEEEEE'|| '1400AAAAAABBBBBBBBBBCCCCCCCCCCDDDDDDDDDDEEEEEEEEEEAAAAAAAAAABBBBBBBBBBCCCCCCCCCCDDDDDDDDDDEEEEEEEEEE'|| '1600AAAAAABBBBBBBBBBCCCCCCCCCCDDDDDDDDDDEEEEEEEEEEAAAAAAAAAABBBBBBBBBBCCCCCCCCCCDDDDDDDDDDEEEEEEEEEE'|| '1700AAAAAABBBBBBBBBBCCCCCCCCCCDDDDDDDDDDEEEEEEEEEEAAAAAAAAAABBBBBBBBBBCCCCCCCCCCDDDDDDDDDDEEEEEEEEEE'|| '1800AAAAAABBBBBBBBBBCCCCCCCCCCDDDDDDDDDDEEEEEEEEEEAAAAAAAAAABBBBBBBBBBCCCCCCCCCCDDDDDDDDDDEEEEEEEEEE'|| '1900AAAAAABBBBBBBBBBCCCCCCCCCCDDDDDDDDDDEEEEEEEEEEAAAAAAAAAABBBBBBBBBBCCCCCCCCCCDDDDDDDDDDEEEEEEEEEE'|| '0000AAAAAABBBBBBBBBBCCCCCCCCCCDDDDDDDDDDEEEEEEEEEEAAAAAAAAAABBBBBBBBBBCCCCCCCCCCDDDDDDDDDDEEEEEEEEEE'|| '0100AAAAAABBBBBBBBBBCCCCCCCCCCDDDDDDDDDDEEEEEEEEEEAAAAAAAAAABBBBBBBBBBCCCCCCCCCCDDDDDDDDDDEEEEEEEEEE'|| '0200AAAAAABBBBBBBBBBCCCCCCCCCCDDDDDDDDDDEEEEEEEEEEAAAAAAAAAABBBBBBBBBBCCCCCCCCCCDDDDDDDDDDEEEEEEEEEE'|| '0300AAAAAABBBBBBBBBBCCCCCCCCCCDDDDDDDDDDEEEEEEEEEEAAAAAAAAAABBBBBBBBBBCCCCCCCCCCDDDDDDDDDDEEEEEEEEEE'|| '0400AAAAAABBBBBBBBBBCCCCCCCCCCDDDDDDDDDDEEEEEEEEEEAAAAAAAAAABBBBBBBBBBCCCCCCCCCCDDDDDDDDDDEEEEEEEEEE'|| '0500AAAAAABBBBBBBBBBCCCCCCCCCCDDDDDDDDDDEEEEEEEEEEAAAAAAAAAABBBBBBBBBBCCCCCCCCCCDDDDDDDDDDEEEEEEEEEE'|| '0600AAAAAABBBBBBBBBBCCCCCCCCCCDDDDDDDDDDEEEEEEEEEEAAAAAAAAAABBBBBBBBBBCCCCCCCCCCDDDDDDDDDDEEEEEEEEEE'|| '0700AAAAAABBBBBBBBBBCCCCCCCCCCDDDDDDDDDDEEEEEEEEEEAAAAAAAAAABBBBBBBBBBCCCCCCCCCCDDDDDDDDDDEEEEEEEEEE'|| '0800AAAAAABBBBBBBBBBCCCCCCCCCCDDDDDDDDDDEEEEEEEEEEAAAAAAAAAABBBBBBBBBBCCCCCCCCCCDDDDDDDDDDEEEEEEEEEE'|| '0900AAAAAABBBBBBBBBBCCCCCCCCCCDDDDDDDDDDEEEEEEEEEEAAAAAAAAAABBBBBBBBBBCCCCCCCCCCDDDDDDDDDDEEEEEEEEEE'|| '1000AAAAAABBBBBBBBBBCCCCCCCCCCDDDDDDDDDDEEEEEEEEEEAAAAAAAAAABBBBBBBBBBCCCCCCCCCCDDDDDDDDDDEEEEEEEEEE'|| '1100AAAAAABBBBBBBBBBCCCCCCCCCCDDDDDDDDDDEEEEEEEEEEAAAAAAAAAABBBBBBBBBBCCCCCCCCCCDDDDDDDDDDEEEEEEEEEE'|| '1200AAAAAABBBBBBBBBBCCCCCCCCCCDDDDDDDDDDEEEEEEEEEEAAAAAAAAAABBBBBBBBBBCCCCCCCCCCDDDDDDDDDDEEEEEEEEEE'|| '1300AAAAAABBBBBBBBBBCCCCCCCCCCDDDDDDDDDDEEEEEEEEEEAAAAAAAAAABBBBBBBBBBCCCCCCCCCCDDDDDDDDDDEEEEEEEEEE'|| '1400AAAAAABBBBBBBBBBCCCCCCCCCCDDDDDDDDDDEEEEEEEEEEAAAAAAAAAABBBBBBBBBBCCCCCCCCCCDDDDDDDDDDEEEEEEEEEE'|| '1600AAAAAABBBBBBBBBBCCCCCCCCCCDDDDDDDDDDEEEEEEEEEEAAAAAAAAAABBBBBBBBBBCCCCCCCCCCDDDDDDDDDDEEEEEEEEEE'|| '1700AAAAAABBBBBBBBBBCCCCCCCCCCDDDDDDDDDDEEEEEEEEEEAAAAAAAAAABBBBBBBBBBCCCCCCCCCCDDDDDDDDDDEEEEEEEEEE'|| '1800AAAAAABBBBBBBBBBCCCCCCCCCCDDDDDDDDDDEEEEEEEEEEAAAAAAAAAABBBBBBBBBBCCCCCCCCCCDDDDDDDDDDEEEEEEEEEE');

-- STRESS_CHAR.table
drop sequence "SCOTT"."STRESS_CHAR_SEQ";
drop table "SCOTT"."STRESS_CHAR";

create sequence "SCOTT"."STRESS_CHAR_SEQ" increment by 1 start with 1 nocache;
create table "SCOTT"."STRESS_CHAR" (  "id" integer not null ,"char_default" char ,"char_1" char(1) ,"char_2" char(2) ,"char_2000" char(2000));
alter table "SCOTT"."STRESS_CHAR"  add constraint "PK_STRESS_CHAR"  primary key ("id");

insert into "SCOTT"."STRESS_CHAR" values ("SCOTT"."STRESS_CHAR_SEQ".nextval, 'A', 'A', 'AA',  '0000AAAAAABBBBBBBBBBCCCCCCCCCCDDDDDDDDDDEEEEEEEEEEAAAAAAAAAABBBBBBBBBBCCCCCCCCCCDDDDDDDDDDEEEEEEEEEE'|| '0100AAAAAABBBBBBBBBBCCCCCCCCCCDDDDDDDDDDEEEEEEEEEEAAAAAAAAAABBBBBBBBBBCCCCCCCCCCDDDDDDDDDDEEEEEEEEEE'|| '0200AAAAAABBBBBBBBBBCCCCCCCCCCDDDDDDDDDDEEEEEEEEEEAAAAAAAAAABBBBBBBBBBCCCCCCCCCCDDDDDDDDDDEEEEEEEEEE'|| '0300AAAAAABBBBBBBBBBCCCCCCCCCCDDDDDDDDDDEEEEEEEEEEAAAAAAAAAABBBBBBBBBBCCCCCCCCCCDDDDDDDDDDEEEEEEEEEE'|| '0400AAAAAABBBBBBBBBBCCCCCCCCCCDDDDDDDDDDEEEEEEEEEEAAAAAAAAAABBBBBBBBBBCCCCCCCCCCDDDDDDDDDDEEEEEEEEEE'|| '0500AAAAAABBBBBBBBBBCCCCCCCCCCDDDDDDDDDDEEEEEEEEEEAAAAAAAAAABBBBBBBBBBCCCCCCCCCCDDDDDDDDDDEEEEEEEEEE'|| '0600AAAAAABBBBBBBBBBCCCCCCCCCCDDDDDDDDDDEEEEEEEEEEAAAAAAAAAABBBBBBBBBBCCCCCCCCCCDDDDDDDDDDEEEEEEEEEE'|| '0700AAAAAABBBBBBBBBBCCCCCCCCCCDDDDDDDDDDEEEEEEEEEEAAAAAAAAAABBBBBBBBBBCCCCCCCCCCDDDDDDDDDDEEEEEEEEEE'|| '0800AAAAAABBBBBBBBBBCCCCCCCCCCDDDDDDDDDDEEEEEEEEEEAAAAAAAAAABBBBBBBBBBCCCCCCCCCCDDDDDDDDDDEEEEEEEEEE'|| '0900AAAAAABBBBBBBBBBCCCCCCCCCCDDDDDDDDDDEEEEEEEEEEAAAAAAAAAABBBBBBBBBBCCCCCCCCCCDDDDDDDDDDEEEEEEEEEE'|| '1000AAAAAABBBBBBBBBBCCCCCCCCCCDDDDDDDDDDEEEEEEEEEEAAAAAAAAAABBBBBBBBBBCCCCCCCCCCDDDDDDDDDDEEEEEEEEEE'|| '1100AAAAAABBBBBBBBBBCCCCCCCCCCDDDDDDDDDDEEEEEEEEEEAAAAAAAAAABBBBBBBBBBCCCCCCCCCCDDDDDDDDDDEEEEEEEEEE'|| '1200AAAAAABBBBBBBBBBCCCCCCCCCCDDDDDDDDDDEEEEEEEEEEAAAAAAAAAABBBBBBBBBBCCCCCCCCCCDDDDDDDDDDEEEEEEEEEE'|| '1300AAAAAABBBBBBBBBBCCCCCCCCCCDDDDDDDDDDEEEEEEEEEEAAAAAAAAAABBBBBBBBBBCCCCCCCCCCDDDDDDDDDDEEEEEEEEEE'|| '1400AAAAAABBBBBBBBBBCCCCCCCCCCDDDDDDDDDDEEEEEEEEEEAAAAAAAAAABBBBBBBBBBCCCCCCCCCCDDDDDDDDDDEEEEEEEEEE'|| '1600AAAAAABBBBBBBBBBCCCCCCCCCCDDDDDDDDDDEEEEEEEEEEAAAAAAAAAABBBBBBBBBBCCCCCCCCCCDDDDDDDDDDEEEEEEEEEE'|| '1700AAAAAABBBBBBBBBBCCCCCCCCCCDDDDDDDDDDEEEEEEEEEEAAAAAAAAAABBBBBBBBBBCCCCCCCCCCDDDDDDDDDDEEEEEEEEEE'|| '1800AAAAAABBBBBBBBBBCCCCCCCCCCDDDDDDDDDDEEEEEEEEEEAAAAAAAAAABBBBBBBBBBCCCCCCCCCCDDDDDDDDDDEEEEEEEEEE'|| '1900AAAAAABBBBBBBBBBCCCCCCCCCCDDDDDDDDDDEEEEEEEEEEAAAAAAAAAABBBBBBBBBBCCCCCCCCCCDDDDDDDDDDEEEEEEEEEE');

-- STRESS_NUMBER.table
drop sequence "SCOTT"."STRESS_NUMBER_SEQ";
drop table "SCOTT"."STRESS_NUMBER";

create sequence "SCOTT"."STRESS_NUMBER_SEQ" increment by 1 start with 1 nocache;
create table "SCOTT"."STRESS_NUMBER" (  "id" integer not null ,"description" varchar2(100) ,"number_default" number ,"number(1)" number(1) ,"number(1,0)" number(1,0) ,"number(*,0)" number(*,0) ,"number(*,1)" number(*,1) ,"number(*,-1)" number(*,-1) ,"number(10,5)" number(10,5) ,"number(38)" number(38) ,"number(10,-1)" number(10,-1) ,"number(10,-2)" number(10,-2) ,"number(10,-3)" number(10,-3) ,"number(10,-4)" number(10,-4) ,"number(38,80)" number(38,80));
alter table "SCOTT"."STRESS_NUMBER"  add constraint "PK_STRESS_NUMBER"  primary key ("id");

insert into "SCOTT"."STRESS_NUMBER" values ( "SCOTT"."STRESS_NUMBER_SEQ".nextval ,'0' ,0 ,0 ,0 ,0 ,0 ,0 ,0 ,0 ,0 ,0 ,0 ,0 ,0);
insert into "SCOTT"."STRESS_NUMBER" values ( "SCOTT"."STRESS_NUMBER_SEQ".nextval ,'1' ,1 ,1 ,1 ,1 ,null ,null ,1 ,1 ,null ,null ,null ,null ,null);
insert into "SCOTT"."STRESS_NUMBER" values ( "SCOTT"."STRESS_NUMBER_SEQ".nextval ,'-1' ,-1 ,-1 ,-1 ,-1 ,null ,null ,-1 ,-1 ,null ,null ,null ,null ,null);
insert into "SCOTT"."STRESS_NUMBER" values ( "SCOTT"."STRESS_NUMBER_SEQ".nextval ,'Max Values' ,9.9999999999999999999999999999999999999e125 ,9 ,9 ,9.9999999999999999999999999999999999999e125 ,90 ,0.9 ,99999.99999 ,99999999999999999999999999999999999999 ,99999999990 ,999999999900 ,9999999999000 ,99999999990000 ,9.999999999999999999999999999999999999E-44);
insert into "SCOTT"."STRESS_NUMBER" values ( "SCOTT"."STRESS_NUMBER_SEQ".nextval ,'Small Positive Values' ,1.e-130 ,1 ,1 ,1.e-130 ,10 ,0.1 ,0.00001 ,1 ,10 ,100 ,1000 ,100000 ,1e-80);
insert into "SCOTT"."STRESS_NUMBER" values ( "SCOTT"."STRESS_NUMBER_SEQ".nextval ,'Min Values' ,-9.9999999999999999999999999999999999999e125 ,-9 ,-9 ,-9.9999999999999999999999999999999999999e125 ,-90 ,-0.9 ,-99999.99999 ,-99999999999999999999999999999999999999 ,99999999990 ,999999999900 ,9999999999000 ,99999999990000 ,9.999999999999999999999999999999999999E-44);

-- STRESS_Relation.table
drop table  "SCOTT"."STRESS_REL_Parent";
drop table "SCOTT"."STRESS_REL_Child";

create table "SCOTT"."STRESS_REL_Parent" (  "account" int not null ,"customer" varchar(20) not null ,"description" varchar(100) not null);
alter table "SCOTT"."STRESS_REL_Parent"  add constraint "PK_STRESS_REL_Parent"  primary key ("account", "customer");
create table "SCOTT"."STRESS_REL_Child" (  "account" int not null ,"customer" varchar(20) not null ,"description" varchar(100) not null ,"another" number(10,2) not null);
alter table "SCOTT"."STRESS_REL_Child"  add constraint "PK_STRESS_REL_Child"  primary key ("account", "customer", "another");

alter table "SCOTT"."STRESS_REL_Child"  add constraint "FK_MyParent"  foreign key ("account", "customer")  references "SCOTT"."STRESS_REL_Parent"("account", "customer");

insert into "SCOTT"."STRESS_REL_Parent" values (1, 'David', 'parent 1');
insert into "SCOTT"."STRESS_REL_Parent" values (1, 'Max', 'parent 2');
insert into "SCOTT"."STRESS_REL_Parent" values (1, 'Val', 'parent 3');
insert into "SCOTT"."STRESS_REL_Parent" values (2, 'Tyler', 'parent 4');
insert into "SCOTT"."STRESS_REL_Parent" values (2, 'David', 'parent 5');
insert into "SCOTT"."STRESS_REL_Child" values (1, 'David', '1 david child 1', 1.2);
insert into "SCOTT"."STRESS_REL_Child" values (1, 'David', '1 david child 2', 2.2);
insert into "SCOTT"."STRESS_REL_Child" values (1, 'David', '1 david child 3', 3.2);
insert into "SCOTT"."STRESS_REL_Child" values (1, 'David', '1 david child 4', 4.2);
insert into "SCOTT"."STRESS_REL_Child" values (1, 'David', '1 david child 5', 5.2);
insert into "SCOTT"."STRESS_REL_Child" values (1, 'Val', '1 val child 1', 1.3);
insert into "SCOTT"."STRESS_REL_Child" values (1, 'Val', '1 val child 2', 2.3);
insert into "SCOTT"."STRESS_REL_Child" values (1, 'Val', '1 val child 3', 3.3);
insert into "SCOTT"."STRESS_REL_Child" values (2, 'Tyler', '2 tyler child 1', 1.4);
insert into "SCOTT"."STRESS_REL_Child" values (2, 'Tyler', '2 tyler child 2', 2.4);
insert into "SCOTT"."STRESS_REL_Child" values (2, 'Tyler', '2 tyler child 3', 3.4);
insert into "SCOTT"."STRESS_REL_Child" values (2, 'David', '2 david child 1', 1.5);

-- STRESS_CLOB.table
drop sequence "SCOTT"."STRESS_CLOB_SEQ";
drop table "SCOTT"."STRESS_CLOB";

create sequence "SCOTT"."STRESS_CLOB_SEQ" increment by 1 start with 1 nocache;
create table "SCOTT"."STRESS_CLOB" (  "id" integer not null ,"clob_default" CLOB);
alter table "SCOTT"."STRESS_CLOB"  add constraint "PK_STRESS_CLOB"  primary key ("id");

insert into "SCOTT"."STRESS_CLOB" values ("SCOTT"."STRESS_CLOB_SEQ".nextval, null);
insert into "SCOTT"."STRESS_CLOB" values ("SCOTT"."STRESS_CLOB_SEQ".nextval, 'Some Text');
insert into "SCOTT"."STRESS_CLOB" values ("SCOTT"."STRESS_CLOB_SEQ".nextval, EMPTY_CLOB());
declare  idx number(5) := 0;  limit number(5) := 10;  lob_pos number;  str varchar2(100);  str_len number;  MyLocalClob CLOB;begin  insert into "SCOTT"."STRESS_CLOB" values (    "SCOTT"."STRESS_CLOB_SEQ".nextval    , EMPTY_CLOB()    )    returning "clob_default" into MyLocalClob;  lob_pos := 1;  for idx in 0..limit loop    str := to_char(idx) || ': Hello world' || chr(10);    str_len := length(str);    dbms_lob.write(MyLocalClob, str_len, lob_pos, str);    lob_pos := lob_pos + str_len;  end loop;end;

-- STRESS_BLOB.table
drop sequence "SCOTT"."STRESS_BLOB_SEQ";
drop table "SCOTT"."STRESS_BLOB";

create sequence "SCOTT"."STRESS_BLOB_SEQ" increment by 1 start with 1 nocache;
create table "SCOTT"."STRESS_BLOB" (  "id" integer not null ,"blob_default" BLOB);
alter table "SCOTT"."STRESS_BLOB"  add constraint "PK_STRESS_BLOB"  primary key ("id");

insert into "SCOTT"."STRESS_BLOB" values ("SCOTT"."STRESS_BLOB_SEQ".nextval, null);
insert into "SCOTT"."STRESS_BLOB" values ("SCOTT"."STRESS_BLOB_SEQ".nextval, utl_raw.cast_to_raw('SampleString'));
insert into "SCOTT"."STRESS_BLOB" values ("SCOTT"."STRESS_BLOB_SEQ".nextval, EMPTY_BLOB());
declare  idx number(5) := 0;  limit number(5) := 10;  lob_pos number;  str varchar2(100);  str_len number;  MyLocalBlob BLOB;begin  insert into "SCOTT"."STRESS_BLOB" values (    "SCOTT"."STRESS_BLOB_SEQ".nextval    , EMPTY_BLOB()    )    returning "blob_default" into MyLocalBlob;  lob_pos := 1;  for idx in 0..limit loop    str := to_char(idx) || ': Hello world' || chr(10);    str_len := length(str);    dbms_lob.write(MyLocalBlob, str_len, lob_pos, utl_raw.cast_to_raw(str));    lob_pos := lob_pos + str_len;  end loop;end;
declare  idx number(5) := 0;  limit number(5) := 127;  lob_pos number;  str varchar2(100);  str_len number;  MyLocalBlob BLOB;begin  insert into "SCOTT"."STRESS_BLOB" values (    "SCOTT"."STRESS_BLOB_SEQ".nextval    , EMPTY_BLOB()    )    returning "blob_default" into MyLocalBlob;  lob_pos := 1;  for idx in 0..limit loop    str := to_char(idx) || ': ' || chr(idx) || chr(10);    str_len := length(str);    dbms_lob.write(MyLocalBlob, str_len, lob_pos, utl_raw.cast_to_raw(str));    lob_pos := lob_pos + str_len;  end loop;end;

-- STRESS_FLOAT.table
drop sequence "SCOTT"."STRESS_FLOAT_SEQ";
drop table "SCOTT"."STRESS_FLOAT";

create sequence "SCOTT"."STRESS_FLOAT_SEQ" increment by 1 start with 1 nocache;
create table "SCOTT"."STRESS_FLOAT" (  "id" integer not null ,"float_default" float ,"float_1" float(1) ,"float_2" float(2) ,"float_3" float(3) ,"float_4" float(4) ,"float_5" float(5) ,"float_6" float(6) ,"float_7" float(7) ,"float_8" float(8) ,"float_9" float(9) ,"float_10" float(10) ,"float_11" float(11) ,"float_12" float(12) ,"float_13" float(13) ,"float_14" float(14) ,"float_15" float(15) ,"float_16" float(16) ,"float_17" float(17) ,"float_18" float(18) ,"float_19" float(19) ,"float_20" float(20) ,"float_21" float(21) ,"float_22" float(22) ,"float_23" float(23) ,"float_24" float(24) ,"float_25" float(25) ,"float_26" float(26) ,"float_27" float(27) ,"float_28" float(28) ,"float_29" float(29) ,"float_30" float(30) ,"float_31" float(31) ,"float_32" float(32) ,"float_33" float(33) ,"float_34" float(34) ,"float_35" float(35) ,"float_36" float(36) ,"float_37" float(37) ,"float_38" float(38) ,"float_39" float(39) ,"float_40" float(40) ,"float_41" float(41) ,"float_42" float(42) ,"float_43" float(43) ,"float_44" float(44) ,"float_45" float(45) ,"float_46" float(46) ,"float_47" float(47) ,"float_48" float(48) ,"float_49" float(49) ,"float_50" float(50) ,"float_51" float(51) ,"float_52" float(52) ,"float_53" float(53) ,"float_54" float(54) ,"float_55" float(55) ,"float_56" float(56) ,"float_57" float(57) ,"float_58" float(58) ,"float_59" float(59) ,"float_60" float(60) ,"float_61" float(61) ,"float_62" float(62) ,"float_63" float(63) ,"float_64" float(64) ,"float_65" float(65) ,"float_66" float(66) ,"float_67" float(67) ,"float_68" float(68) ,"float_69" float(69) ,"float_70" float(70) ,"float_71" float(71) ,"float_72" float(72) ,"float_73" float(73) ,"float_74" float(74) ,"float_75" float(75) ,"float_76" float(76) ,"float_77" float(77) ,"float_78" float(78) ,"float_79" float(79) ,"float_80" float(80) ,"float_81" float(81) ,"float_82" float(82) ,"float_83" float(83) ,"float_84" float(84) ,"float_85" float(85) ,"float_86" float(86) ,"float_87" float(87) ,"float_88" float(88) ,"float_89" float(89) ,"float_90" float(90) ,"float_91" float(91) ,"float_92" float(92) ,"float_93" float(93) ,"float_94" float(94) ,"float_95" float(95) ,"float_96" float(96) ,"float_97" float(97) ,"float_98" float(98) ,"float_99" float(99) ,"float_100" float(100) ,"float_101" float(101) ,"float_102" float(102) ,"float_103" float(103) ,"float_104" float(104) ,"float_105" float(105) ,"float_106" float(106) ,"float_107" float(107) ,"float_108" float(108) ,"float_109" float(109) ,"float_110" float(110) ,"float_111" float(111) ,"float_112" float(112) ,"float_113" float(113) ,"float_114" float(114) ,"float_115" float(115) ,"float_116" float(116) ,"float_117" float(117) ,"float_118" float(118) ,"float_119" float(119) ,"float_120" float(120) ,"float_121" float(121) ,"float_122" float(122) ,"float_123" float(123) ,"float_124" float(124) ,"float_125" float(125) ,"float_126" float(126));
alter table "SCOTT"."STRESS_FLOAT"  add constraint "PK_STRESS_FLOAT"  primary key ("id");

insert into "SCOTT"."STRESS_FLOAT" values ("SCOTT"."STRESS_FLOAT_SEQ".nextval, 1, 1, 1, 1, 1, 1, 1, 1, 1, 1, 1, 1, 1, 1, 1, 1, 1, 1, 1, 1, 1, 1, 1, 1, 1, 1, 1, 1, 1, 1, 1, 1, 1, 1, 1, 1, 1, 1, 1, 1, 1, 1, 1, 1, 1, 1, 1, 1, 1, 1, 1, 1, 1, 1, 1, 1, 1, 1, 1, 1, 1, 1, 1, 1, 1, 1, 1, 1, 1, 1, 1, 1, 1, 1, 1, 1, 1, 1, 1, 1, 1, 1, 1, 1, 1, 1, 1, 1, 1, 1, 1, 1, 1, 1, 1, 1, 1, 1, 1, 1, 1, 1, 1, 1, 1, 1, 1, 1, 1, 1, 1, 1, 1, 1, 1, 1, 1, 1, 1, 1, 1, 1, 1, 1, 1, 1, 1);
insert into "SCOTT"."STRESS_FLOAT" values ("SCOTT"."STRESS_FLOAT_SEQ".nextval, 1.1, 1.1, 1.1, 1.1, 1.1, 1.1, 1.1, 1.1, 1.1, 1.1, 1.1, 1.1, 1.1, 1.1, 1.1, 1.1, 1.1, 1.1, 1.1, 1.1, 1.1, 1.1, 1.1, 1.1, 1.1, 1.1, 1.1, 1.1, 1.1, 1.1, 1.1, 1.1, 1.1, 1.1, 1.1, 1.1, 1.1, 1.1, 1.1, 1.1, 1.1, 1.1, 1.1, 1.1, 1.1, 1.1, 1.1, 1.1, 1.1, 1.1, 1.1, 1.1, 1.1, 1.1, 1.1, 1.1, 1.1, 1.1, 1.1, 1.1, 1.1, 1.1, 1.1, 1.1, 1.1, 1.1, 1.1, 1.1, 1.1, 1.1, 1.1, 1.1, 1.1, 1.1, 1.1, 1.1, 1.1, 1.1, 1.1, 1.1, 1.1, 1.1, 1.1, 1.1, 1.1, 1.1, 1.1, 1.1, 1.1, 1.1, 1.1, 1.1, 1.1, 1.1, 1.1, 1.1, 1.1, 1.1, 1.1, 1.1, 1.1, 1.1, 1.1, 1.1, 1.1, 1.1, 1.1, 1.1, 1.1, 1.1, 1.1, 1.1, 1.1, 1.1, 1.1, 1.1, 1.1, 1.1, 1.1, 1.1, 1.1, 1.1, 1.1, 1.1, 1.1, 1.1, 1.1);
insert into "SCOTT"."STRESS_FLOAT" values ("SCOTT"."STRESS_FLOAT_SEQ".nextval, 10.1, 10.1, 10.1, 10.1, 10.1, 10.1, 10.1, 10.1, 10.1, 10.1, 10.1, 10.1, 10.1, 10.1, 10.1, 10.1, 10.1, 10.1, 10.1, 10.1, 10.1, 10.1, 10.1, 10.1, 10.1, 10.1, 10.1, 10.1, 10.1, 10.1, 10.1, 10.1, 10.1, 10.1, 10.1, 10.1, 10.1, 10.1, 10.1, 10.1, 10.1, 10.1, 10.1, 10.1, 10.1, 10.1, 10.1, 10.1, 10.1, 10.1, 10.1, 10.1, 10.1, 10.1, 10.1, 10.1, 10.1, 10.1, 10.1, 10.1, 10.1, 10.1, 10.1, 10.1, 10.1, 10.1, 10.1, 10.1, 10.1, 10.1, 10.1, 10.1, 10.1, 10.1, 10.1, 10.1, 10.1, 10.1, 10.1, 10.1, 10.1, 10.1, 10.1, 10.1, 10.1, 10.1, 10.1, 10.1, 10.1, 10.1, 10.1, 10.1, 10.1, 10.1, 10.1, 10.1, 10.1, 10.1, 10.1, 10.1, 10.1, 10.1, 10.1, 10.1, 10.1, 10.1, 10.1, 10.1, 10.1, 10.1, 10.1, 10.1, 10.1, 10.1, 10.1, 10.1, 10.1, 10.1, 10.1, 10.1, 10.1, 10.1, 10.1, 10.1, 10.1, 10.1, 10.1);
insert into "SCOTT"."STRESS_FLOAT" values ("SCOTT"."STRESS_FLOAT_SEQ".nextval, .001, .001, .001, .001, .001, .001, .001, .001, .001, .001, .001, .001, .001, .001, .001, .001, .001, .001, .001, .001, .001, .001, .001, .001, .001, .001, .001, .001, .001, .001, .001, .001, .001, .001, .001, .001, .001, .001, .001, .001, .001, .001, .001, .001, .001, .001, .001, .001, .001, .001, .001, .001, .001, .001, .001, .001, .001, .001, .001, .001, .001, .001, .001, .001, .001, .001, .001, .001, .001, .001, .001, .001, .001, .001, .001, .001, .001, .001, .001, .001, .001, .001, .001, .001, .001, .001, .001, .001, .001, .001, .001, .001, .001, .001, .001, .001, .001, .001, .001, .001, .001, .001, .001, .001, .001, .001, .001, .001, .001, .001, .001, .001, .001, .001, .001, .001, .001, .001, .001, .001, .001, .001, .001, .001, .001, .001, .001);
insert into "SCOTT"."STRESS_FLOAT" values ("SCOTT"."STRESS_FLOAT_SEQ".nextval, 123.45678, 123.45678, 123.45678, 123.45678, 123.45678, 123.45678, 123.45678, 123.45678, 123.45678, 123.45678, 123.45678, 123.45678, 123.45678, 123.45678, 123.45678, 123.45678, 123.45678, 123.45678, 123.45678, 123.45678, 123.45678, 123.45678, 123.45678, 123.45678, 123.45678, 123.45678, 123.45678, 123.45678, 123.45678, 123.45678, 123.45678, 123.45678, 123.45678, 123.45678, 123.45678, 123.45678, 123.45678, 123.45678, 123.45678, 123.45678, 123.45678, 123.45678, 123.45678, 123.45678, 123.45678, 123.45678, 123.45678, 123.45678, 123.45678, 123.45678, 123.45678, 123.45678, 123.45678, 123.45678, 123.45678, 123.45678, 123.45678, 123.45678, 123.45678, 123.45678, 123.45678, 123.45678, 123.45678, 123.45678, 123.45678, 123.45678, 123.45678, 123.45678, 123.45678, 123.45678, 123.45678, 123.45678, 123.45678, 123.45678, 123.45678, 123.45678, 123.45678, 123.45678, 123.45678, 123.45678, 123.45678, 123.45678, 123.45678, 123.45678, 123.45678, 123.45678, 123.45678, 123.45678, 123.45678, 123.45678, 123.45678, 123.45678, 123.45678, 123.45678, 123.45678, 123.45678, 123.45678, 123.45678, 123.45678, 123.45678, 123.45678, 123.45678, 123.45678, 123.45678, 123.45678, 123.45678, 123.45678, 123.45678, 123.45678, 123.45678, 123.45678, 123.45678, 123.45678, 123.45678, 123.45678, 123.45678, 123.45678, 123.45678, 123.45678, 123.45678, 123.45678, 123.45678, 123.45678, 123.45678, 123.45678, 123.45678, 123.45678);

-- STRESS_RelHell.table
create table "SCOTT"."relhell_t1" (  "t1_desc" varchar2(20) ,"t1_a" number ,"t1_b" number ,"t1_c" number ,"t1_d" number);
create index "SCOTT"."idx_relhell_t1_dcab_NOT_uq"   on "SCOTT"."relhell_t1"("t1_d", "t1_a", "t1_b", "t1_c");
alter table "SCOTT"."relhell_t1"  add constraint "pk_bacd"  primary key("t1_b", "t1_a", "t1_c", "t1_d");
alter table "SCOTT"."relhell_t1"  add constraint "uq_desc_ab"  unique ("t1_desc", "t1_a", "t1_b");
create unique index "SCOTT"."idx_t1_dca_uq"   on "SCOTT"."relhell_t1"("t1_d", "t1_c", "t1_a");
create table "SCOTT"."relhell_t2" (  "t2_desc" varchar2(20) ,"t2_a" number ,"t2_b" number ,"t2_c" number ,"t2_d" number);

alter table  "SCOTT"."relhell_t2"  add constraint "fk_t2_t1_abcd_dcba" foreign key ("t2_a", "t2_b", "t2_c", "t2_d")  references "SCOTT"."relhell_t1"("t1_d", "t1_c", "t1_b", "t1_a");
alter table  "SCOTT"."relhell_t2"  add constraint "fk_t2_t1_abcd_dcab" foreign key ("t2_a", "t2_b", "t2_c", "t2_d")  references "SCOTT"."relhell_t1"("t1_d", "t1_c", "t1_a", "t1_b");
--Phase Constrain
alter table "SCOTT"."relhell_t1"  add constraint "weird" foreign key("t1_d", "t1_desc", "t1_c")  references "SCOTT"."relhell_t1"("t1_b", "t1_desc", "t1_a");

-- STRESS_TIMESTAMP_WITH_TIMEZONE.table
drop sequence "SCOTT".STRESS_TIMESTAMP_WITH_TZ_SEQ;
drop table "SCOTT".STRESS_TIMESTAMP_WITH_TIMEZONE;

create sequence "SCOTT".STRESS_TIMESTAMP_WITH_TZ_SEQ increment by 1 start with 1 nocache;
create table "SCOTT".STRESS_TIMESTAMP_WITH_TIMEZONE (  "id" integer not null ,"timestamp_default" timestamp with time zone ,"timestamp_0" timestamp(0) with time zone ,"timestamp_1" timestamp(1) with time zone ,"timestamp_2" timestamp(2) with time zone ,"timestamp_3" timestamp(3) with time zone ,"timestamp_4" timestamp(4) with time zone ,"timestamp_5" timestamp(5) with time zone ,"timestamp_6" timestamp(6) with time zone ,"timestamp_7" timestamp(7) with time zone ,"timestamp_8" timestamp(8) with time zone ,"timestamp_9" timestamp(9) with time zone);
alter table "SCOTT".STRESS_TIMESTAMP_WITH_TIMEZONE  add constraint "PK_STRESS_TIMESTAMP_WITH_TZ"  primary key ("id");

insert into "SCOTT".STRESS_TIMESTAMP_WITH_TIMEZONE ("id", "timestamp_default", "timestamp_0", "timestamp_1", "timestamp_2", "timestamp_3", "timestamp_4", "timestamp_5", "timestamp_6", "timestamp_7", "timestamp_8", "timestamp_9") values ("SCOTT".STRESS_TIMESTAMP_WITH_TZ_SEQ.nextval, current_timestamp, current_timestamp(0), current_timestamp(1), current_timestamp(2), current_timestamp(3), current_timestamp(4), current_timestamp(5), current_timestamp(6), current_timestamp(7), current_timestamp(8), current_timestamp(9));
insert into "SCOTT".STRESS_TIMESTAMP_WITH_TIMEZONE ("id", "timestamp_default", "timestamp_0", "timestamp_1", "timestamp_2", "timestamp_3", "timestamp_4", "timestamp_5", "timestamp_6", "timestamp_7", "timestamp_8", "timestamp_9") values ("SCOTT".STRESS_TIMESTAMP_WITH_TZ_SEQ.nextval, TIMESTAMP '1999-12-31 23:59:59.123456789', TIMESTAMP '1999-12-31 23:59:59.123456789', TIMESTAMP '1999-12-31 23:59:59.123456789', TIMESTAMP '1999-12-31 23:59:59.123456789', TIMESTAMP '1999-12-31 23:59:59.123456789', TIMESTAMP '1999-12-31 23:59:59.123456789', TIMESTAMP '1999-12-31 23:59:59.123456789', TIMESTAMP '1999-12-31 23:59:59.123456789', TIMESTAMP '1999-12-31 23:59:59.123456789', TIMESTAMP '1999-12-31 23:59:59.123456789', TIMESTAMP '1999-12-31 23:59:59.123456789');
insert into "SCOTT".STRESS_TIMESTAMP_WITH_TIMEZONE ("id", "timestamp_default", "timestamp_0", "timestamp_1", "timestamp_2", "timestamp_3", "timestamp_4", "timestamp_5", "timestamp_6", "timestamp_7", "timestamp_8", "timestamp_9") values ("SCOTT".STRESS_TIMESTAMP_WITH_TZ_SEQ.nextval, TIMESTAMP '1999-12-31 23:59:59.123456789 -01:12', TIMESTAMP '1999-12-31 23:59:59.123456789 -01:12', TIMESTAMP '1999-12-31 23:59:59.123456789 -01:12', TIMESTAMP '1999-12-31 23:59:59.123456789 -01:12', TIMESTAMP '1999-12-31 23:59:59.123456789 -01:12', TIMESTAMP '1999-12-31 23:59:59.123456789 -01:12', TIMESTAMP '1999-12-31 23:59:59.123456789 -01:12', TIMESTAMP '1999-12-31 23:59:59.123456789 -01:12', TIMESTAMP '1999-12-31 23:59:59.123456789 -01:12', TIMESTAMP '1999-12-31 23:59:59.123456789 -01:12', TIMESTAMP '1999-12-31 23:59:59.123456789 -01:12');
insert into "SCOTT".STRESS_TIMESTAMP_WITH_TIMEZONE ("id", "timestamp_default", "timestamp_0", "timestamp_1", "timestamp_2", "timestamp_3", "timestamp_4", "timestamp_5", "timestamp_6", "timestamp_7", "timestamp_8", "timestamp_9") values ("SCOTT".STRESS_TIMESTAMP_WITH_TZ_SEQ.nextval, TIMESTAMP '1999-12-31 23:59:59.123456789 -00:01', TIMESTAMP '1999-12-31 23:59:59.123456789 -00:01', TIMESTAMP '1999-12-31 23:59:59.123456789 -00:01', TIMESTAMP '1999-12-31 23:59:59.123456789 -00:01', TIMESTAMP '1999-12-31 23:59:59.123456789 -00:01', TIMESTAMP '1999-12-31 23:59:59.123456789 -00:01', TIMESTAMP '1999-12-31 23:59:59.123456789 -00:01', TIMESTAMP '1999-12-31 23:59:59.123456789 -00:01', TIMESTAMP '1999-12-31 23:59:59.123456789 -00:01', TIMESTAMP '1999-12-31 23:59:59.123456789 -00:01', TIMESTAMP '1999-12-31 23:59:59.123456789 -00:01');
insert into "SCOTT".STRESS_TIMESTAMP_WITH_TIMEZONE ("id", "timestamp_default", "timestamp_0", "timestamp_1", "timestamp_2", "timestamp_3", "timestamp_4", "timestamp_5", "timestamp_6", "timestamp_7", "timestamp_8", "timestamp_9") values ("SCOTT".STRESS_TIMESTAMP_WITH_TZ_SEQ.nextval, TIMESTAMP '1999-12-31 23:59:59.123456789 +00:01', TIMESTAMP '1999-12-31 23:59:59.123456789 +00:01', TIMESTAMP '1999-12-31 23:59:59.123456789 +00:01', TIMESTAMP '1999-12-31 23:59:59.123456789 +00:01', TIMESTAMP '1999-12-31 23:59:59.123456789 +00:01', TIMESTAMP '1999-12-31 23:59:59.123456789 +00:01', TIMESTAMP '1999-12-31 23:59:59.123456789 +00:01', TIMESTAMP '1999-12-31 23:59:59.123456789 +00:01', TIMESTAMP '1999-12-31 23:59:59.123456789 +00:01', TIMESTAMP '1999-12-31 23:59:59.123456789 +00:01', TIMESTAMP '1999-12-31 23:59:59.123456789 +00:01');
insert into "SCOTT".STRESS_TIMESTAMP_WITH_TIMEZONE ("id", "timestamp_default", "timestamp_0", "timestamp_1", "timestamp_2", "timestamp_3", "timestamp_4", "timestamp_5", "timestamp_6", "timestamp_7", "timestamp_8", "timestamp_9") values ("SCOTT".STRESS_TIMESTAMP_WITH_TZ_SEQ.nextval, TIMESTAMP '1999-12-31 23:59:59.123456789 -05:00', TIMESTAMP '1999-12-31 23:59:59.123456789 -05:00', TIMESTAMP '1999-12-31 23:59:59.123456789 -05:00', TIMESTAMP '1999-12-31 23:59:59.123456789 -05:00', TIMESTAMP '1999-12-31 23:59:59.123456789 -05:00', TIMESTAMP '1999-12-31 23:59:59.123456789 -05:00', TIMESTAMP '1999-12-31 23:59:59.123456789 -05:00', TIMESTAMP '1999-12-31 23:59:59.123456789 -05:00', TIMESTAMP '1999-12-31 23:59:59.123456789 -05:00', TIMESTAMP '1999-12-31 23:59:59.123456789 -05:00', TIMESTAMP '1999-12-31 23:59:59.123456789 -05:00');

-- STRESS_INTERVAL_YEAR_MONTH.table
drop sequence "SCOTT"."STRESS_INTERVAL_YR_TO_MTH_SEQ";
drop table "SCOTT"."STRESS_INTERVAL_YEAR_TO_MONTH";

create sequence "SCOTT"."STRESS_INTERVAL_YR_TO_MTH_SEQ" increment by 1 start with 1 nocache;
create table "SCOTT"."STRESS_INTERVAL_YEAR_TO_MONTH" (  "id" integer not null ,"interval_year_month_default" interval year to month ,"interval_year_month_0" interval year(0) to month ,"interval_year_month_1" interval year(1) to month ,"interval_year_month_2" interval year(2) to month ,"interval_year_month_3" interval year(3) to month ,"interval_year_month_4" interval year(4) to month ,"interval_year_month_5" interval year(5) to month ,"interval_year_month_6" interval year(6) to month ,"interval_year_month_7" interval year(7) to month ,"interval_year_month_8" interval year(8) to month ,"interval_year_month_9" interval year(9) to month);
alter table "SCOTT"."STRESS_INTERVAL_YEAR_TO_MONTH"  add constraint "PK_STRESS_INTERVAL_YR_TO_MTH"  primary key ("id");

insert into "SCOTT"."STRESS_INTERVAL_YEAR_TO_MONTH" values (  "SCOTT"."STRESS_INTERVAL_YR_TO_MTH_SEQ".nextval ,interval '0-0' year(2) to month ,interval '0-0' year(0) to month ,interval '0-0' year(1) to month ,interval '0-0' year(2) to month ,interval '0-0' year(3) to month ,interval '0-0' year(4) to month ,interval '0-0' year(5) to month ,interval '0-0' year(6) to month ,interval '0-0' year(7) to month ,interval '0-0' year(8) to month ,interval '0-0' year(9) to month);
insert into "SCOTT"."STRESS_INTERVAL_YEAR_TO_MONTH" values (  "SCOTT"."STRESS_INTERVAL_YR_TO_MTH_SEQ".nextval ,interval '0-1' year(2) to month ,interval '0-1' year(0) to month ,interval '0-1' year(1) to month ,interval '0-1' year(2) to month ,interval '0-1' year(3) to month ,interval '0-1' year(4) to month ,interval '0-1' year(5) to month ,interval '0-1' year(6) to month ,interval '0-1' year(7) to month ,interval '0-1' year(8) to month ,interval '0-1' year(9) to month);
insert into "SCOTT"."STRESS_INTERVAL_YEAR_TO_MONTH" values (  "SCOTT"."STRESS_INTERVAL_YR_TO_MTH_SEQ".nextval ,interval '-0-1' year(2) to month ,interval '-0-1' year(0) to month ,interval '-0-1' year(1) to month ,interval '-0-1' year(2) to month ,interval '-0-1' year(3) to month ,interval '-0-1' year(4) to month ,interval '-0-1' year(5) to month ,interval '-0-1' year(6) to month ,interval '-0-1' year(7) to month ,interval '-0-1' year(8) to month ,interval '-0-1' year(9) to month);
insert into "SCOTT"."STRESS_INTERVAL_YEAR_TO_MONTH" values (  "SCOTT"."STRESS_INTERVAL_YR_TO_MTH_SEQ".nextval ,interval '0-11' year(2) to month ,interval '0-11' year(0) to month ,interval '0-11' year(1) to month ,interval '0-11' year(2) to month ,interval '0-11' year(3) to month ,interval '0-11' year(4) to month ,interval '0-11' year(5) to month ,interval '0-11' year(6) to month ,interval '0-11' year(7) to month ,interval '0-11' year(8) to month ,interval '0-11' year(9) to month);
insert into "SCOTT"."STRESS_INTERVAL_YEAR_TO_MONTH" values (  "SCOTT"."STRESS_INTERVAL_YR_TO_MTH_SEQ".nextval ,interval '99-11' year(2) to month ,interval '0-11' year(0) to month ,interval '9-11' year(1) to month ,interval '99-11' year(2) to month ,interval '999-11' year(3) to month ,interval '9999-11' year(4) to month ,interval '99999-11' year(5) to month ,interval '999999-11' year(6) to month ,interval '9999999-11' year(7) to month ,interval '99999999-11' year(8) to month ,interval '999999999-11' year(9) to month);
insert into "SCOTT"."STRESS_INTERVAL_YEAR_TO_MONTH" values (  "SCOTT"."STRESS_INTERVAL_YR_TO_MTH_SEQ".nextval ,interval '-99-11' year(2) to month ,interval '-0-11' year(0) to month ,interval '-9-11' year(1) to month ,interval '-99-11' year(2) to month ,interval '-999-11' year(3) to month ,interval '-9999-11' year(4) to month ,interval '-99999-11' year(5) to month ,interval '-999999-11' year(6) to month ,interval '-9999999-11' year(7) to month ,interval '-99999999-11' year(8) to month ,interval '-999999999-11' year(9) to month);

-- STRESS_segment.table
drop sequence "SCOTT"."STRESS_segment_SEQ";
drop type "SCOTT"."pfm_segments";
drop type "SCOTT"."pfm_segment";
drop table "SCOTT"."STRESS_segment";
create or replace type "SCOTT"."pfm_segment" force as object(id number,segment_start integer,segment_finish integer,rate float);
create or replace type "SCOTT"."pfm_segments" as table of "pfm_segment";
create sequence "SCOTT"."STRESS_segment_SEQ" increment by 1 start with 1 nocache;
create table "SCOTT"."STRESS_segment"(   "id" integer not null  ,"description" varchar2(200)  ,"my_segments" "pfm_segments")nested table "my_segments" store as pfm_segments_test_nt_tab;
alter table "SCOTT"."STRESS_segment"  add constraint "PK_STRESS_segment"  primary key ("id");

insert into "SCOTT"."STRESS_segment" values (  "STRESS_segment_SEQ".nextval ,'"pfm_segments"("pfm_segment"(1,100,200,5.67))' ,"pfm_segments"("pfm_segment"(1,100,200,5.67)));

-- ['Stress table containing nested table of user defined objects containing a float value. Included specifically to', 'satisfy a test case which failed earlier.', '-- Phase Create']
-- STRESS_XMLTYPE.table
drop sequence "SCOTT"."STRESS_XMLTYPE_SEQ";
drop table "SCOTT"."STRESS_XMLTYPE";

create sequence "SCOTT"."STRESS_XMLTYPE_SEQ" increment by 1 start with 1 nocache;
create table "SCOTT"."STRESS_XMLTYPE" (  "id" integer not null ,"xmltype_default" XMLTYPE);
alter table "SCOTT"."STRESS_XMLTYPE"  add constraint "PK_STRESS_XMLTYPE"  primary key ("id");

insert into "SCOTT"."STRESS_XMLTYPE" values (  "SCOTT"."STRESS_XMLTYPE_SEQ".nextval ,XMLTYPE('<foo/>'));
insert into "SCOTT"."STRESS_XMLTYPE" values (  "SCOTT"."STRESS_XMLTYPE_SEQ".nextval ,XMLTYPE('<foo><bar><empty/>text</bar></foo>'));
insert into "SCOTT"."STRESS_XMLTYPE" values (  "SCOTT"."STRESS_XMLTYPE_SEQ".nextval ,'<foo><bar><empty/>text</bar></foo>');

-- STRESS_person.table
drop sequence "SCOTT"."STRESS_person_SEQ";
drop type "SCOTT"."number_tbl";
drop type "SCOTT"."string_tbl";
drop type "SCOTT"."person_tbl";
drop type "SCOTT"."person_obj";
drop table "SCOTT"."STRESS_person";
create sequence "SCOTT"."STRESS_person_SEQ" increment by 1 start with 1 nocache;
create table "SCOTT"."STRESS_person" (   "id" number not null  ,"prsn_id" number(10)  ,"first_name" varchar2(50)  ,"last_name" varchar2(50));
alter table "SCOTT"."STRESS_person"  add constraint "PK_STRESS_person"  primary key ("id");
create or replace type "SCOTT"."number_tbl" as table of NUMBER(20);
create or replace type "SCOTT"."string_tbl" as table of VARCHAR2(50);
create or replace type "SCOTT"."person_obj" IS object (    prsn_id NUMBER(10)   ,first_name varchar2(50)   ,last_name varchar2(50));
create or replace type "SCOTT"."person_tbl" as table of "SCOTT"."person_obj";
create or replace procedure "SCOTT"."prc_get_person"(    pv_nbr_tbl IN "SCOTT"."number_tbl"   ,pv_rset OUT SYS_REFCURSOR) ASBEGIN    open pv_rset for        select "prsn_id", "first_name", "last_name"        from "STRESS_person"        where "prsn_id" in (select column_Value from table(pv_nbr_tbl));END;
create or replace procedure "SCOTT"."prc_get_person_name"(   pv_last_name IN VARCHAR2  ,pv_name_tbl OUT "SCOTT"."string_tbl") ASBEGIN    select "first_name"    bulk collect into pv_name_tbl    from "STRESS_person"    where "last_name" = pv_last_name ;END;
create or replace function "SCOTT"."func_get_data"return "SCOTT"."person_tbl"IS    lv_tbl "SCOTT"."person_tbl";begin    select "person_obj"("prsn_id", "first_name", "last_name")      bulk collect      into lv_tbl      from "STRESS_person";    return lv_tbl;end;

insert into "SCOTT"."STRESS_person" values (  "STRESS_person_SEQ".nextval ,12345 ,'John' ,'Smith');
insert into "SCOTT"."STRESS_person" values (  "STRESS_person_SEQ".nextval ,10001 ,'Jane' ,'Doe');

-- ['This stress table demonstrate procedure call along with objects and nested tables.', '-- Phase Create']
-- STRESS_LONG_RAW.table
drop sequence "SCOTT"."STRESS_LONG_RAW_SEQ";
drop table "SCOTT"."STRESS_LONG_RAW";

create sequence "SCOTT"."STRESS_LONG_RAW_SEQ" increment by 1 start with 1 nocache;
create table "SCOTT"."STRESS_LONG_RAW" (  "id" integer not null ,"long_raw_default" LONG RAW);
alter table "SCOTT"."STRESS_LONG_RAW"  add constraint "PK_STRESS_LONG_RAW"  primary key ("id");

insert into "SCOTT"."STRESS_LONG_RAW" values ("SCOTT"."STRESS_LONG_RAW_SEQ".nextval, null);
insert into "SCOTT"."STRESS_LONG_RAW" values ("SCOTT"."STRESS_LONG_RAW_SEQ".nextval, utl_raw.cast_to_raw(chr(0)));
insert into "SCOTT"."STRESS_LONG_RAW" values ("SCOTT"."STRESS_LONG_RAW_SEQ".nextval, utl_raw.cast_to_raw(chr(0) || chr(1)));

-- STRESS_NESTED_TABLE.table
create sequence "SCOTT"."STRESS_NESTED_TABLE_SEQ" increment by 1 start with 1 nocache;
create or replace type "SCOTT"."varchar_nt" as table of varchar2(100);
create or replace type "SCOTT"."number_nt" as table of number;
create table "SCOTT"."STRESS_NESTED_TABLE" (  "id" integer not null ,"description" long ,"nested_table_varchar" "varchar_nt" ,"nested_table_number" "number_nt")NESTED TABLE "nested_table_varchar" STORE AS varchar_nt_tabNESTED TABLE "nested_table_number" STORE AS number_nt_tab;
alter table "SCOTT"."STRESS_NESTED_TABLE"  add constraint "PK_STRESS_NESTED_TABLE"  primary key ("id");

insert into "SCOTT"."STRESS_NESTED_TABLE" values (  "STRESS_NESTED_TABLE_SEQ".nextval ,'varchar_nt"(''0000AAAAAABBBBBBBBBBCCCCCCCCCC'',''CCCCCCCCCCDDDDDDDDDDEEEEEEEEEE'',''AAAAAAAAAABBBBBBBBBB'',''DDDDDDDDDDEEEEEEEEEE'')' || chr(10) || '"number_nt"(0,1,1e40,123144123123)' ,"varchar_nt"('0000AAAAAABBBBBBBBBBCCCCCCCCCC','CCCCCCCCCCDDDDDDDDDDEEEEEEEEEE','AAAAAAAAAABBBBBBBBBB','DDDDDDDDDDEEEEEEEEEE') ,"number_nt"(0,1,1e40,123144123123));
insert into "SCOTT"."STRESS_NESTED_TABLE" values (  "STRESS_NESTED_TABLE_SEQ".nextval ,'varchar_nt is null' || chr(10) || 'number_nt is null' ,null ,null);

-- ['This stress table has a nested table of different types that we currently support in Oracle.', 'Note: Object types are not currently supported.', 'drop sequence "SCOTT"."STRESS_NESTED_TABLE_SEQ"', '/', 'drop table "SCOTT"."STRESS_NESTED_TABLE"', '/', '-- Phase Create']
-- STRESS_VARCHAR2.table
drop sequence "SCOTT"."STRESS_VARCHAR2_SEQ";
drop table "SCOTT"."STRESS_VARCHAR2";

create sequence "SCOTT"."STRESS_VARCHAR2_SEQ" increment by 1 start with 1 nocache;
create table "SCOTT"."STRESS_VARCHAR2" (  "id" integer not null ,"varchar2_1" varchar2(1) ,"varchar2_2" varchar2(2) ,"varchar2_2000" varchar2(2000) ,"varchar2_4000" varchar2(4000));
alter table "SCOTT"."STRESS_VARCHAR2"  add constraint "PK_STRESS_VARCHAR2"  primary key ("id");

insert into "SCOTT"."STRESS_VARCHAR2" values ("SCOTT"."STRESS_VARCHAR2_SEQ".nextval, 'A', 'AA',  '0000AAAAAABBBBBBBBBBCCCCCCCCCCDDDDDDDDDDEEEEEEEEEEAAAAAAAAAABBBBBBBBBBCCCCCCCCCCDDDDDDDDDDEEEEEEEEEE'|| '0100AAAAAABBBBBBBBBBCCCCCCCCCCDDDDDDDDDDEEEEEEEEEEAAAAAAAAAABBBBBBBBBBCCCCCCCCCCDDDDDDDDDDEEEEEEEEEE'|| '0200AAAAAABBBBBBBBBBCCCCCCCCCCDDDDDDDDDDEEEEEEEEEEAAAAAAAAAABBBBBBBBBBCCCCCCCCCCDDDDDDDDDDEEEEEEEEEE'|| '0300AAAAAABBBBBBBBBBCCCCCCCCCCDDDDDDDDDDEEEEEEEEEEAAAAAAAAAABBBBBBBBBBCCCCCCCCCCDDDDDDDDDDEEEEEEEEEE'|| '0400AAAAAABBBBBBBBBBCCCCCCCCCCDDDDDDDDDDEEEEEEEEEEAAAAAAAAAABBBBBBBBBBCCCCCCCCCCDDDDDDDDDDEEEEEEEEEE'|| '0500AAAAAABBBBBBBBBBCCCCCCCCCCDDDDDDDDDDEEEEEEEEEEAAAAAAAAAABBBBBBBBBBCCCCCCCCCCDDDDDDDDDDEEEEEEEEEE'|| '0600AAAAAABBBBBBBBBBCCCCCCCCCCDDDDDDDDDDEEEEEEEEEEAAAAAAAAAABBBBBBBBBBCCCCCCCCCCDDDDDDDDDDEEEEEEEEEE'|| '0700AAAAAABBBBBBBBBBCCCCCCCCCCDDDDDDDDDDEEEEEEEEEEAAAAAAAAAABBBBBBBBBBCCCCCCCCCCDDDDDDDDDDEEEEEEEEEE'|| '0800AAAAAABBBBBBBBBBCCCCCCCCCCDDDDDDDDDDEEEEEEEEEEAAAAAAAAAABBBBBBBBBBCCCCCCCCCCDDDDDDDDDDEEEEEEEEEE'|| '0900AAAAAABBBBBBBBBBCCCCCCCCCCDDDDDDDDDDEEEEEEEEEEAAAAAAAAAABBBBBBBBBBCCCCCCCCCCDDDDDDDDDDEEEEEEEEEE'|| '1000AAAAAABBBBBBBBBBCCCCCCCCCCDDDDDDDDDDEEEEEEEEEEAAAAAAAAAABBBBBBBBBBCCCCCCCCCCDDDDDDDDDDEEEEEEEEEE'|| '1100AAAAAABBBBBBBBBBCCCCCCCCCCDDDDDDDDDDEEEEEEEEEEAAAAAAAAAABBBBBBBBBBCCCCCCCCCCDDDDDDDDDDEEEEEEEEEE'|| '1200AAAAAABBBBBBBBBBCCCCCCCCCCDDDDDDDDDDEEEEEEEEEEAAAAAAAAAABBBBBBBBBBCCCCCCCCCCDDDDDDDDDDEEEEEEEEEE'|| '1300AAAAAABBBBBBBBBBCCCCCCCCCCDDDDDDDDDDEEEEEEEEEEAAAAAAAAAABBBBBBBBBBCCCCCCCCCCDDDDDDDDDDEEEEEEEEEE'|| '1400AAAAAABBBBBBBBBBCCCCCCCCCCDDDDDDDDDDEEEEEEEEEEAAAAAAAAAABBBBBBBBBBCCCCCCCCCCDDDDDDDDDDEEEEEEEEEE'|| '1600AAAAAABBBBBBBBBBCCCCCCCCCCDDDDDDDDDDEEEEEEEEEEAAAAAAAAAABBBBBBBBBBCCCCCCCCCCDDDDDDDDDDEEEEEEEEEE'|| '1700AAAAAABBBBBBBBBBCCCCCCCCCCDDDDDDDDDDEEEEEEEEEEAAAAAAAAAABBBBBBBBBBCCCCCCCCCCDDDDDDDDDDEEEEEEEEEE'|| '1800AAAAAABBBBBBBBBBCCCCCCCCCCDDDDDDDDDDEEEEEEEEEEAAAAAAAAAABBBBBBBBBBCCCCCCCCCCDDDDDDDDDDEEEEEEEEEE'|| '1900AAAAAABBBBBBBBBBCCCCCCCCCCDDDDDDDDDDEEEEEEEEEEAAAAAAAAAABBBBBBBBBBCCCCCCCCCCDDDDDDDDDDEEEEEEEEEE',  '0000AAAAAABBBBBBBBBBCCCCCCCCCCDDDDDDDDDDEEEEEEEEEEAAAAAAAAAABBBBBBBBBBCCCCCCCCCCDDDDDDDDDDEEEEEEEEEE'|| '0100AAAAAABBBBBBBBBBCCCCCCCCCCDDDDDDDDDDEEEEEEEEEEAAAAAAAAAABBBBBBBBBBCCCCCCCCCCDDDDDDDDDDEEEEEEEEEE'|| '0200AAAAAABBBBBBBBBBCCCCCCCCCCDDDDDDDDDDEEEEEEEEEEAAAAAAAAAABBBBBBBBBBCCCCCCCCCCDDDDDDDDDDEEEEEEEEEE'|| '0300AAAAAABBBBBBBBBBCCCCCCCCCCDDDDDDDDDDEEEEEEEEEEAAAAAAAAAABBBBBBBBBBCCCCCCCCCCDDDDDDDDDDEEEEEEEEEE'|| '0400AAAAAABBBBBBBBBBCCCCCCCCCCDDDDDDDDDDEEEEEEEEEEAAAAAAAAAABBBBBBBBBBCCCCCCCCCCDDDDDDDDDDEEEEEEEEEE'|| '0500AAAAAABBBBBBBBBBCCCCCCCCCCDDDDDDDDDDEEEEEEEEEEAAAAAAAAAABBBBBBBBBBCCCCCCCCCCDDDDDDDDDDEEEEEEEEEE'|| '0600AAAAAABBBBBBBBBBCCCCCCCCCCDDDDDDDDDDEEEEEEEEEEAAAAAAAAAABBBBBBBBBBCCCCCCCCCCDDDDDDDDDDEEEEEEEEEE'|| '0700AAAAAABBBBBBBBBBCCCCCCCCCCDDDDDDDDDDEEEEEEEEEEAAAAAAAAAABBBBBBBBBBCCCCCCCCCCDDDDDDDDDDEEEEEEEEEE'|| '0800AAAAAABBBBBBBBBBCCCCCCCCCCDDDDDDDDDDEEEEEEEEEEAAAAAAAAAABBBBBBBBBBCCCCCCCCCCDDDDDDDDDDEEEEEEEEEE'|| '0900AAAAAABBBBBBBBBBCCCCCCCCCCDDDDDDDDDDEEEEEEEEEEAAAAAAAAAABBBBBBBBBBCCCCCCCCCCDDDDDDDDDDEEEEEEEEEE'|| '1000AAAAAABBBBBBBBBBCCCCCCCCCCDDDDDDDDDDEEEEEEEEEEAAAAAAAAAABBBBBBBBBBCCCCCCCCCCDDDDDDDDDDEEEEEEEEEE'|| '1100AAAAAABBBBBBBBBBCCCCCCCCCCDDDDDDDDDDEEEEEEEEEEAAAAAAAAAABBBBBBBBBBCCCCCCCCCCDDDDDDDDDDEEEEEEEEEE'|| '1200AAAAAABBBBBBBBBBCCCCCCCCCCDDDDDDDDDDEEEEEEEEEEAAAAAAAAAABBBBBBBBBBCCCCCCCCCCDDDDDDDDDDEEEEEEEEEE'|| '1300AAAAAABBBBBBBBBBCCCCCCCCCCDDDDDDDDDDEEEEEEEEEEAAAAAAAAAABBBBBBBBBBCCCCCCCCCCDDDDDDDDDDEEEEEEEEEE'|| '1400AAAAAABBBBBBBBBBCCCCCCCCCCDDDDDDDDDDEEEEEEEEEEAAAAAAAAAABBBBBBBBBBCCCCCCCCCCDDDDDDDDDDEEEEEEEEEE'|| '1600AAAAAABBBBBBBBBBCCCCCCCCCCDDDDDDDDDDEEEEEEEEEEAAAAAAAAAABBBBBBBBBBCCCCCCCCCCDDDDDDDDDDEEEEEEEEEE'|| '1700AAAAAABBBBBBBBBBCCCCCCCCCCDDDDDDDDDDEEEEEEEEEEAAAAAAAAAABBBBBBBBBBCCCCCCCCCCDDDDDDDDDDEEEEEEEEEE'|| '1800AAAAAABBBBBBBBBBCCCCCCCCCCDDDDDDDDDDEEEEEEEEEEAAAAAAAAAABBBBBBBBBBCCCCCCCCCCDDDDDDDDDDEEEEEEEEEE'|| '1900AAAAAABBBBBBBBBBCCCCCCCCCCDDDDDDDDDDEEEEEEEEEEAAAAAAAAAABBBBBBBBBBCCCCCCCCCCDDDDDDDDDDEEEEEEEEEE'|| '2000AAAAAABBBBBBBBBBCCCCCCCCCCDDDDDDDDDDEEEEEEEEEEAAAAAAAAAABBBBBBBBBBCCCCCCCCCCDDDDDDDDDDEEEEEEEEEE'|| '2100AAAAAABBBBBBBBBBCCCCCCCCCCDDDDDDDDDDEEEEEEEEEEAAAAAAAAAABBBBBBBBBBCCCCCCCCCCDDDDDDDDDDEEEEEEEEEE'|| '2200AAAAAABBBBBBBBBBCCCCCCCCCCDDDDDDDDDDEEEEEEEEEEAAAAAAAAAABBBBBBBBBBCCCCCCCCCCDDDDDDDDDDEEEEEEEEEE'|| '2300AAAAAABBBBBBBBBBCCCCCCCCCCDDDDDDDDDDEEEEEEEEEEAAAAAAAAAABBBBBBBBBBCCCCCCCCCCDDDDDDDDDDEEEEEEEEEE'|| '2400AAAAAABBBBBBBBBBCCCCCCCCCCDDDDDDDDDDEEEEEEEEEEAAAAAAAAAABBBBBBBBBBCCCCCCCCCCDDDDDDDDDDEEEEEEEEEE'|| '2500AAAAAABBBBBBBBBBCCCCCCCCCCDDDDDDDDDDEEEEEEEEEEAAAAAAAAAABBBBBBBBBBCCCCCCCCCCDDDDDDDDDDEEEEEEEEEE'|| '2600AAAAAABBBBBBBBBBCCCCCCCCCCDDDDDDDDDDEEEEEEEEEEAAAAAAAAAABBBBBBBBBBCCCCCCCCCCDDDDDDDDDDEEEEEEEEEE'|| '2700AAAAAABBBBBBBBBBCCCCCCCCCCDDDDDDDDDDEEEEEEEEEEAAAAAAAAAABBBBBBBBBBCCCCCCCCCCDDDDDDDDDDEEEEEEEEEE'|| '2800AAAAAABBBBBBBBBBCCCCCCCCCCDDDDDDDDDDEEEEEEEEEEAAAAAAAAAABBBBBBBBBBCCCCCCCCCCDDDDDDDDDDEEEEEEEEEE'|| '2900AAAAAABBBBBBBBBBCCCCCCCCCCDDDDDDDDDDEEEEEEEEEEAAAAAAAAAABBBBBBBBBBCCCCCCCCCCDDDDDDDDDDEEEEEEEEEE'|| '3000AAAAAABBBBBBBBBBCCCCCCCCCCDDDDDDDDDDEEEEEEEEEEAAAAAAAAAABBBBBBBBBBCCCCCCCCCCDDDDDDDDDDEEEEEEEEEE'|| '3100AAAAAABBBBBBBBBBCCCCCCCCCCDDDDDDDDDDEEEEEEEEEEAAAAAAAAAABBBBBBBBBBCCCCCCCCCCDDDDDDDDDDEEEEEEEEEE'|| '3200AAAAAABBBBBBBBBBCCCCCCCCCCDDDDDDDDDDEEEEEEEEEEAAAAAAAAAABBBBBBBBBBCCCCCCCCCCDDDDDDDDDDEEEEEEEEEE'|| '3300AAAAAABBBBBBBBBBCCCCCCCCCCDDDDDDDDDDEEEEEEEEEEAAAAAAAAAABBBBBBBBBBCCCCCCCCCCDDDDDDDDDDEEEEEEEEEE'|| '3400AAAAAABBBBBBBBBBCCCCCCCCCCDDDDDDDDDDEEEEEEEEEEAAAAAAAAAABBBBBBBBBBCCCCCCCCCCDDDDDDDDDDEEEEEEEEEE'|| '3600AAAAAABBBBBBBBBBCCCCCCCCCCDDDDDDDDDDEEEEEEEEEEAAAAAAAAAABBBBBBBBBBCCCCCCCCCCDDDDDDDDDDEEEEEEEEEE'|| '3700AAAAAABBBBBBBBBBCCCCCCCCCCDDDDDDDDDDEEEEEEEEEEAAAAAAAAAABBBBBBBBBBCCCCCCCCCCDDDDDDDDDDEEEEEEEEEE'|| '3800AAAAAABBBBBBBBBBCCCCCCCCCCDDDDDDDDDDEEEEEEEEEEAAAAAAAAAABBBBBBBBBBCCCCCCCCCCDDDDDDDDDDEEEEEEEEEE'|| '3900AAAAAABBBBBBBBBBCCCCCCCCCCDDDDDDDDDDEEEEEEEEEEAAAAAAAAAABBBBBBBBBBCCCCCCCCCCDDDDDDDDDDEEEEEEEEEE');

-- STRESS_ROWID.table
drop sequence "SCOTT"."STRESS_ROWID_SEQ";
drop table "SCOTT"."STRESS_ROWID";

create sequence "SCOTT"."STRESS_ROWID_SEQ" increment by 1 start with 1 nocache;
create table "SCOTT"."STRESS_ROWID" (  "id" integer not null ,"rowid_default" ROWID);
--  note the DMBS_ROWID.CREATE is a test only procalter table "SCOTT"."STRESS_ROWID"  add constraint "PK_STRESS_ROWID"  primary key ("id");

insert into "SCOTT"."STRESS_ROWID" values ("SCOTT"."STRESS_ROWID_SEQ".nextval, DBMS_ROWID.ROWID_CREATE(1,1,1,1,1));
insert into "SCOTT"."STRESS_ROWID" values ("SCOTT"."STRESS_ROWID_SEQ".nextval, null);
insert into "SCOTT"."STRESS_ROWID" values ("SCOTT"."STRESS_ROWID_SEQ".nextval, DBMS_ROWID.ROWID_CREATE(1,2,2,2,2));

-- STRESS_Names.table
create sequence "SCOTT".".empno_seq." increment by 1 start with 1 nocache;
create table "SCOTT".".emp."(  ".empno."  NUMBER ,".ename."  VARCHAR2(50) ,".job."    VARCHAR2(50) ,".mgr."    NUMBER ,".hiredate." DATE ,".sal."    NUMBER ,".comm."   NUMBER ,".deptno." NUMBER);
create view "SCOTT".".emp_view." as  select * from "SCOTT".".emp.";
CREATE OR REPLACE PACKAGE "SCOTT".".emp_actions." AS   TYPE ".EmpRecTyp." IS RECORD (".emp_id." INT, ".salary." REAL);   PROCEDURE ".doNothing.";   CURSOR ".desc_salary." RETURN ".EmpRecTyp.";   TYPE ".MyCursor." IS REF CURSOR;   PROCEDURE ".get_employee."(      "..given_empno.." in NUMBER     ,"..EmpCursor.." OUT ".MyCursor."   );   PROCEDURE ".set_employee."(      "..given_empno.." in NUMBER   );   FUNCTION ".doNothingFunc."   RETURN NUMBER   DETERMINISTIC;   FUNCTION ".doNothingFunc!."(      "..FirstArgument.." NUMBER   )   RETURN NUMBER   DETERMINISTIC;   PROCEDURE ".hire_employee."(      "..ename.."  VARCHAR2     ,"..job.."    VARCHAR2     ,"..mgr.."    NUMBER     ,"..sal.."    NUMBER     ,"..comm.."   NUMBER     ,"..deptno.." NUMBER   );   PROCEDURE ".fire_employee."(      "..emp_id.." NUMBER   );   FUNCTION ".doubleMe."(      "..some_value.." NUMBER   )   RETURN NUMBER   DETERMINISTIC;   FUNCTION ".doubleMe."(      "..some_value.." VARCHAR2   )   RETURN VARCHAR2   DETERMINISTIC;   FUNCTION ".Really:Really~Really Ugly.!."(      "..some_value.." VARCHAR2   )   RETURN VARCHAR2   DETERMINISTIC;END ".emp_actions.";
ALTER PACKAGE "SCOTT".".emp_actions." compile specification;
CREATE OR REPLACE PACKAGE BODY "SCOTT".".emp_actions." AS   CURSOR ".desc_salary." RETURN ".EmpRecTyp." IS      SELECT ".empno.", ".sal." FROM ".emp." ORDER BY ".sal." DESC;   PROCEDURE ".doNothing."   IS   BEGIN      DELETE FROM ".emp." where 1 = 0;   END ".doNothing.";   PROCEDURE ".get_employee."(      "..given_empno.." IN NUMBER     ,"..EmpCursor.." OUT ".MyCursor."   )   IS   BEGIN      OPEN "..EmpCursor.." FOR      select * from "SCOTT".".emp.";   END ".get_employee.";   PROCEDURE ".set_employee."(      "..given_empno.." in NUMBER   )   IS   BEGIN      UPDATE ".emp." SET ".job." = ".job." || 'a' where "..given_empno.." = ".empno.";   END ".set_employee.";   FUNCTION ".doNothingFunc."   RETURN NUMBER   DETERMINISTIC   IS      result NUMBER;   BEGIN      result := 1;      return(result);   END ".doNothingFunc.";   FUNCTION ".doNothingFunc!."(      "..FirstArgument.." NUMBER   )   RETURN NUMBER   DETERMINISTIC   IS      result NUMBER;   BEGIN      result := 1;      return(result);   END ".doNothingFunc!.";   PROCEDURE ".hire_employee."(      "..ename.."  VARCHAR2     ,"..job.."    VARCHAR2     ,"..mgr.."    NUMBER     ,"..sal.."    NUMBER     ,"..comm.."   NUMBER     ,"..deptno.." NUMBER   )   IS   BEGIN      INSERT INTO ".emp." VALUES (".empno_seq.".NEXTVAL, "..ename..", "..job..", "..mgr..", SYSDATE, "..sal..", "..comm..", "..deptno..");   END ".hire_employee.";   PROCEDURE ".fire_employee."(      "..emp_id.." NUMBER   )   IS   BEGIN      DELETE FROM ".emp." WHERE ".empno." = "..emp_id..";   END ".fire_employee.";   FUNCTION ".doubleMe." (     "..some_value.." NUMBER   )   RETURN NUMBER   DETERMINISTIC   IS      result NUMBER;   BEGIN      result := 2 * "..some_value..";      return(result);   END ".doubleMe.";   FUNCTION ".doubleMe."(      "..some_value.." VARCHAR2   )   RETURN VARCHAR2   DETERMINISTIC   IS      result VARCHAR2(200);   BEGIN      result := "..some_value.." || "..some_value..";      return(result);   END ".doubleMe.";   FUNCTION ".Really:Really~Really Ugly.!."(      "..some_value.." VARCHAR2   )   RETURN VARCHAR2   DETERMINISTIC   IS      result VARCHAR2(200);   BEGIN      result := "..some_value.." || "..some_value..";      return(result);   END ".Really:Really~Really Ugly.!.";END ".emp_actions.";
ALTER PACKAGE "SCOTT".".emp_actions." compile body;

call "SCOTT".".emp_actions.".".hire_employee."('Bob', 'Odd Job', null, null, null, null);

-- STRESS_IDENTITY_03_BYDFLT_ON_NULL.table
drop table "SCOTT"."STRESS_IDENTITY_BYDFLT_ON_NULL";

create table "SCOTT"."STRESS_IDENTITY_BYDFLT_ON_NULL" (  "id" int generated by default on null as identity (increment by 1 start with 1 nocache) ,"some_text" varchar(40));
alter table "SCOTT"."STRESS_IDENTITY_BYDFLT_ON_NULL"  add constraint "PK_STRESS_IDENTITY_BYDFLT_ON_NULL"  primary key ("id");

insert into "SCOTT"."STRESS_IDENTITY_BYDFLT_ON_NULL"("some_text") values ('Hello 1');
insert into "SCOTT"."STRESS_IDENTITY_BYDFLT_ON_NULL"("id", "some_text") values (DEFAULT, 'Hello 2');
insert into "SCOTT"."STRESS_IDENTITY_BYDFLT_ON_NULL"("id", "some_text") values (-1, 'Hello 3');
-- this will failinsert into "SCOTT"."STRESS_IDENTITY_BYDFLT_ON_NULL"("id", "some_text") values (null, 'Hello 4');
-- this will succeedinsert into "SCOTT"."STRESS_IDENTITY_BYDFLT_ON_NULL"("some_text") values ('Hello 5');
insert into "SCOTT"."STRESS_IDENTITY_BYDFLT_ON_NULL"("some_text") values ('Hello 6');

-- STRESS_NCLOB.table
drop sequence "SCOTT"."STRESS_NCLOB_SEQ";
drop table "SCOTT"."STRESS_NCLOB";

create sequence "SCOTT"."STRESS_NCLOB_SEQ" increment by 1 start with 1 nocache;
create table "SCOTT"."STRESS_NCLOB" (  "id" integer not null ,"nclob_default" NCLOB);
alter table "SCOTT"."STRESS_NCLOB"  add constraint "PK_STRESS_NCLOB"  primary key ("id");

insert into "SCOTT"."STRESS_NCLOB" values ("SCOTT"."STRESS_NCLOB_SEQ".nextval, null);
insert into "SCOTT"."STRESS_NCLOB" values ("SCOTT"."STRESS_NCLOB_SEQ".nextval, 'This is some text');
insert into "SCOTT"."STRESS_NCLOB" values ("SCOTT"."STRESS_NCLOB_SEQ".nextval, EMPTY_CLOB());
declare  idx number(5) := 0;  limit number(5) := 10;  lob_pos number;  str varchar2(100);  str_len number;  MyLocalNClob NCLOB;begin  insert into "SCOTT"."STRESS_NCLOB" values (    "SCOTT"."STRESS_NCLOB_SEQ".nextval    , EMPTY_CLOB()    )    returning "nclob_default" into MyLocalNClob;  lob_pos := 1;  for idx in 0..limit loop    str := to_char(idx) || ': Hello world' || chr(10);    str_len := length(str);    dbms_lob.write(MyLocalNClob, str_len, lob_pos, str);    lob_pos := lob_pos + str_len;  end loop;end;

-- STRESS_Package.table
create sequence "SCOTT"."empno_seq" increment by 1 start with 1 nocache;
create table "SCOTT"."emp"(  "empno"  NUMBER ,"ename"  VARCHAR2(50) ,"job"    VARCHAR2(50) ,"mgr"    NUMBER ,"hiredate" DATE ,"sal"    NUMBER ,"comm"   NUMBER ,"deptno" NUMBER);
create view "SCOTT"."emp_view" as  select * from "SCOTT"."emp";
CREATE OR REPLACE PACKAGE "SCOTT"."emp_actions" AS   TYPE "EmpRecTyp" IS RECORD ("emp_id" INT, "salary" REAL);   PROCEDURE "doNothing ";   CURSOR "desc_salary" RETURN "EmpRecTyp";   TYPE "MyCursor" IS REF CURSOR;   PROCEDURE "get_employee"(      "given_empno" in NUMBER     ,"EmpCursor" OUT "MyCursor"   );   PROCEDURE "set_employee"(      "given_empno" in NUMBER   );   FUNCTION "doNothingFunc"   RETURN NUMBER   DETERMINISTIC;   FUNCTION "doNothingFunc!" (      "FirstArgument" NUMBER   )   RETURN NUMBER   DETERMINISTIC;   PROCEDURE "hire_employee" (      "ename" VARCHAR2     ,"job"    VARCHAR2     ,"mgr"    NUMBER     ,"sal"    NUMBER     ,"comm"   NUMBER     ,"deptno" NUMBER   );   PROCEDURE "fire_employee" (      "emp_id" NUMBER   );   FUNCTION "doubleMe" (      "some_value" NUMBER   )   RETURN NUMBER   DETERMINISTIC;   FUNCTION "doubleMe" (      "some_value" VARCHAR2   )   RETURN VARCHAR2   DETERMINISTIC;   FUNCTION "Really:Really~Really Ugly.!" (      "some_value" VARCHAR2   )   RETURN VARCHAR2   DETERMINISTIC;END "emp_actions";
ALTER PACKAGE "SCOTT"."emp_actions" compile specification;
CREATE OR REPLACE PACKAGE BODY "SCOTT"."emp_actions" AS   CURSOR "desc_salary" RETURN "EmpRecTyp" IS      SELECT "empno", "sal" FROM "emp" ORDER BY "sal" DESC;   PROCEDURE "doNothing "   IS   BEGIN      DELETE FROM "emp" where 1 = 0;   END "doNothing ";   PROCEDURE "get_employee"(      "given_empno" IN NUMBER     ,"EmpCursor" OUT "MyCursor"   )   IS   BEGIN      OPEN "EmpCursor" FOR      select * from "SCOTT"."emp";   END "get_employee";   PROCEDURE "set_employee"(      "given_empno" in NUMBER   )   IS   BEGIN      UPDATE "emp" SET "job" = "job" || 'a' where "given_empno" = "empno";   END "set_employee";   FUNCTION "doNothingFunc"   RETURN NUMBER   DETERMINISTIC   IS      result NUMBER;   BEGIN      result := 1;      return(result);   END "doNothingFunc";   FUNCTION "doNothingFunc!" (      "FirstArgument" NUMBER   )   RETURN NUMBER   DETERMINISTIC   IS      result NUMBER;   BEGIN      result := 1;      return(result);   END "doNothingFunc!";   PROCEDURE "hire_employee"(      "ename"  VARCHAR2     ,"job"    VARCHAR2     ,"mgr"    NUMBER     ,"sal"    NUMBER     ,"comm"   NUMBER     ,"deptno" NUMBER   )   IS   BEGIN      INSERT INTO "emp" VALUES ("empno_seq".NEXTVAL, "ename", "job", "mgr", SYSDATE, "sal", "comm", "deptno");   END "hire_employee";   PROCEDURE "fire_employee"(      "emp_id" NUMBER   )   IS   BEGIN      DELETE FROM "emp" WHERE "empno" = "emp_id";   END "fire_employee";   FUNCTION "doubleMe"(      "some_value" NUMBER   )   RETURN NUMBER   DETERMINISTIC   IS      result NUMBER;   BEGIN      result := 2 * "some_value";      return(result);   END "doubleMe";   FUNCTION "doubleMe" (      "some_value" VARCHAR2   )   RETURN VARCHAR2   DETERMINISTIC   IS      result VARCHAR2(200);   BEGIN      result := "some_value" || "some_value";      return(result);   END "doubleMe";   FUNCTION "Really:Really~Really Ugly.!" (     "some_value" VARCHAR2   )   RETURN VARCHAR2   DETERMINISTIC   IS      result VARCHAR2(200);   BEGIN      result := "some_value" || "some_value";      return(result);   END "Really:Really~Really Ugly.!";END "emp_actions";
ALTER PACKAGE "SCOTT"."emp_actions" compile body;

call "SCOTT"."emp_actions"."hire_employee"('Bob', 'Odd Job', null, null, null, null);

-- STRESS_BINARY_DOUBLE.table
drop sequence "SCOTT"."STRESS_BINARY_DOUBLE_SEQ";
drop table "SCOTT"."STRESS_BINARY_DOUBLE";

create sequence "SCOTT"."STRESS_BINARY_DOUBLE_SEQ" increment by 1 start with 1 nocache;
create table "SCOTT"."STRESS_BINARY_DOUBLE" (  "id" integer not null ,"description" varchar2(100) ,"binary_double_default" binary_double);
alter table "SCOTT"."STRESS_BINARY_DOUBLE"  add constraint "PK_STRESS_BINARY_DOUBLE"  primary key ("id");

-- need this work with users running not with USA settingsalter session set nls_numeric_characters = '.,';
insert into "SCOTT"."STRESS_BINARY_DOUBLE" values (  "SCOTT"."STRESS_BINARY_DOUBLE_SEQ".nextval ,'0' || chr(10) || 'Zero' || chr(10) || 'quotes not required' ,0);
insert into "SCOTT"."STRESS_BINARY_DOUBLE" values (  "SCOTT"."STRESS_BINARY_DOUBLE_SEQ".nextval ,'1' || chr(10) || 'One' || chr(10) || 'quotes not required' ,1);
insert into "SCOTT"."STRESS_BINARY_DOUBLE" values (  "SCOTT"."STRESS_BINARY_DOUBLE_SEQ".nextval ,'-1' || chr(10) || 'quotes not required' ,-1);
insert into "SCOTT"."STRESS_BINARY_DOUBLE" values (  "SCOTT"."STRESS_BINARY_DOUBLE_SEQ".nextval ,'127' || chr(10) || 'quotes not required' ,127);
insert into "SCOTT"."STRESS_BINARY_DOUBLE" values (  "SCOTT"."STRESS_BINARY_DOUBLE_SEQ".nextval ,'-127' || chr(10) || 'quotes not required' ,-127);
insert into "SCOTT"."STRESS_BINARY_DOUBLE" values (  "SCOTT"."STRESS_BINARY_DOUBLE_SEQ".nextval ,'123.456789101112' || chr(10) || 'quotes not required' ,123.456789101112);
insert into "SCOTT"."STRESS_BINARY_DOUBLE" values (  "SCOTT"."STRESS_BINARY_DOUBLE_SEQ".nextval ,'-123.456789101112d' || chr(10) || 'quotes not required' ,-123.456789101112d);
insert into "SCOTT"."STRESS_BINARY_DOUBLE" values (  "SCOTT"."STRESS_BINARY_DOUBLE_SEQ".nextval ,'1e-307' || chr(10) || 'underflows to zero' ,1e-307);
insert into "SCOTT"."STRESS_BINARY_DOUBLE" values (  "SCOTT"."STRESS_BINARY_DOUBLE_SEQ".nextval ,'-1e-307' || chr(10) || 'underflows to zero' ,-1e-307);
insert into "SCOTT"."STRESS_BINARY_DOUBLE" values (  "SCOTT"."STRESS_BINARY_DOUBLE_SEQ".nextval ,'1e-307d' || chr(10) || 'does not underflow to zero' ,1e-307d);
insert into "SCOTT"."STRESS_BINARY_DOUBLE" values (  "SCOTT"."STRESS_BINARY_DOUBLE_SEQ".nextval ,'-1e-307d' || chr(10) || 'does not underflow to zero' ,-1e-307d);
insert into "SCOTT"."STRESS_BINARY_DOUBLE" values (  "SCOTT"."STRESS_BINARY_DOUBLE_SEQ".nextval ,'''1e+308''' || chr(10) || 'quotes required to avoid overflow errors' ,'1e+308');
insert into "SCOTT"."STRESS_BINARY_DOUBLE" values (  "SCOTT"."STRESS_BINARY_DOUBLE_SEQ".nextval ,'1e+308d' || chr(10) || 'quotes not required (note d suffix)' ,1e+308d);
insert into "SCOTT"."STRESS_BINARY_DOUBLE" values (  "SCOTT"."STRESS_BINARY_DOUBLE_SEQ".nextval ,'''-1e+308''' || chr(10) || 'quotes required to avoid overflow errors' ,'-1e+308');
-- this failsinsert into "SCOTT"."STRESS_BINARY_DOUBLE" values (  "SCOTT"."STRESS_BINARY_DOUBLE_SEQ".nextval ,'1.79769313486231E+308' || chr(10) || 'do not expect this to work' ,1.79769313486231E+308);
-- this worksinsert into "SCOTT"."STRESS_BINARY_DOUBLE" values (  "SCOTT"."STRESS_BINARY_DOUBLE_SEQ".nextval ,'1.79769313486231E+308d' || chr(10) || 'note the ''d'' suffix' ,1.79769313486231E+308d);
-- this worksinsert into "SCOTT"."STRESS_BINARY_DOUBLE" values (  "SCOTT"."STRESS_BINARY_DOUBLE_SEQ".nextval ,'''1.79769313486231E+308''' || chr(10) || 'quotes required to avoid overflow errors' ,'1.79769313486231E+308');
-- this worksinsert into "SCOTT"."STRESS_BINARY_DOUBLE" values (  "SCOTT"."STRESS_BINARY_DOUBLE_SEQ".nextval ,'1.79769313486231E+308d' || chr(10) || 'quotes not required (note d suffix)' ,1.79769313486231E+308d);
-- this works tooinsert into "SCOTT"."STRESS_BINARY_DOUBLE" values (  "SCOTT"."STRESS_BINARY_DOUBLE_SEQ".nextval ,'TO_BINARY_DOUBLE(''1.79769313486231E+308'')' ,TO_BINARY_DOUBLE('1.79769313486231E+308'));
insert into "SCOTT"."STRESS_BINARY_DOUBLE" values (  "SCOTT"."STRESS_BINARY_DOUBLE_SEQ".nextval ,'''-1.79769313486231E+308''' || chr(10) || 'quotes required to avoid overflow errors' ,'-1.79769313486231E+308');
insert into "SCOTT"."STRESS_BINARY_DOUBLE" values (  "SCOTT"."STRESS_BINARY_DOUBLE_SEQ".nextval ,'''2.22507485850720E-307''' || chr(10) || 'quotes required to avoid underflow to zero' ,'2.22507485850720E-307');
insert into "SCOTT"."STRESS_BINARY_DOUBLE" values (  "SCOTT"."STRESS_BINARY_DOUBLE_SEQ".nextval ,'2.22507485850720E-307d' || chr(10) || 'note the d suffix without quotes' ,2.22507485850720E-307d);
insert into "SCOTT"."STRESS_BINARY_DOUBLE" values (  "SCOTT"."STRESS_BINARY_DOUBLE_SEQ".nextval ,'-2.22507485850720E-307' || chr(10) || 'underflows to zero' ,-2.22507485850720E-307);
insert into "SCOTT"."STRESS_BINARY_DOUBLE" values (  "SCOTT"."STRESS_BINARY_DOUBLE_SEQ".nextval ,'''2.22507485850720E-308''' || chr(10) || 'quotes required to avoid underflow to zero' ,'2.22507485850720E-308');
insert into "SCOTT"."STRESS_BINARY_DOUBLE" values (  "SCOTT"."STRESS_BINARY_DOUBLE_SEQ".nextval ,'''-2.22507485850720E-308''' || chr(10) || 'quotes required to avoid overflow errors' ,'-2.22507485850720E-308');
insert into "SCOTT"."STRESS_BINARY_DOUBLE" values (  "SCOTT"."STRESS_BINARY_DOUBLE_SEQ".nextval ,'''2.22507485850720E-308''' || chr(10) || 'quotes required to avoid overflow errors' ,'2.22507485850720E-308');
insert into "SCOTT"."STRESS_BINARY_DOUBLE" values (  "SCOTT"."STRESS_BINARY_DOUBLE_SEQ".nextval ,'TO_BINARY_DOUBLE(''-2.22507485850720E-308'')' ,TO_BINARY_DOUBLE('-2.22507485850720E-308'));
insert into "SCOTT"."STRESS_BINARY_DOUBLE" values (  "SCOTT"."STRESS_BINARY_DOUBLE_SEQ".nextval ,'BINARY_DOUBLE_INFINITY' ,BINARY_DOUBLE_INFINITY);
insert into "SCOTT"."STRESS_BINARY_DOUBLE" values (  "SCOTT"."STRESS_BINARY_DOUBLE_SEQ".nextval ,'-BINARY_DOUBLE_INFINITY' ,-BINARY_DOUBLE_INFINITY);
insert into "SCOTT"."STRESS_BINARY_DOUBLE" values (  "SCOTT"."STRESS_BINARY_DOUBLE_SEQ".nextval ,'BINARY_FLOAT_INFINITY' ,BINARY_FLOAT_INFINITY);
insert into "SCOTT"."STRESS_BINARY_DOUBLE" values (  "SCOTT"."STRESS_BINARY_DOUBLE_SEQ".nextval ,'-BINARY_FLOAT_INFINITY' ,-BINARY_FLOAT_INFINITY);
insert into "SCOTT"."STRESS_BINARY_DOUBLE" values (  "SCOTT"."STRESS_BINARY_DOUBLE_SEQ".nextval ,'''INF''' ,'INF');
insert into "SCOTT"."STRESS_BINARY_DOUBLE" values (  "SCOTT"."STRESS_BINARY_DOUBLE_SEQ".nextval ,'''-INF''' ,'-INF');
insert into "SCOTT"."STRESS_BINARY_DOUBLE" values (  "SCOTT"."STRESS_BINARY_DOUBLE_SEQ".nextval ,'BINARY_DOUBLE_NAN' ,BINARY_DOUBLE_NAN);
insert into "SCOTT"."STRESS_BINARY_DOUBLE" values (  "SCOTT"."STRESS_BINARY_DOUBLE_SEQ".nextval ,'BINARY_FLOAT_NAN' ,BINARY_FLOAT_NAN);
insert into "SCOTT"."STRESS_BINARY_DOUBLE" values (  "SCOTT"."STRESS_BINARY_DOUBLE_SEQ".nextval ,'''NAN''' ,'NAN');

-- STRESS_RAW.table
drop sequence "SCOTT"."STRESS_RAW_SEQ";
drop table "SCOTT"."STRESS_RAW_PK";
drop table "SCOTT"."STRESS_RAW";

create sequence "SCOTT"."STRESS_RAW_SEQ" increment by 1 start with 1 nocache;
create table "SCOTT"."STRESS_RAW_PK"(  "pk" RAW(10) primary key ,"payload" varchar2(20));
create table "SCOTT"."STRESS_RAW" (  "id" integer not null ,"raw(1)" RAW(1) ,"raw(2)" RAW(2) ,"raw(63)" RAW(63) ,"raw(64)" RAW(64) ,"raw(127)" RAW(127) ,"raw(128)" RAW(128) ,"raw(254)" RAW(254) ,"raw(255)" RAW(255) ,"raw(2000)" RAW(2000));
alter table "SCOTT"."STRESS_RAW"  add constraint "PK_STRESS_RAW"  primary key ("id");

insert into "SCOTT"."STRESS_RAW_PK" values (utl_raw.cast_to_raw(chr(0)),'char 0');
insert into "SCOTT"."STRESS_RAW_PK" values (utl_raw.cast_to_raw(chr(0)||chr(1)||chr(2)||chr(3)||chr(4)||chr(5)||chr(7)||chr(7)||chr(8)||chr(9)),'char 0');
insert into "SCOTT"."STRESS_RAW" values ("SCOTT"."STRESS_RAW_SEQ".nextval, null, null, null, null, null, null, null, null, null);
insert into "SCOTT"."STRESS_RAW" values ("SCOTT"."STRESS_RAW_SEQ".nextval, utl_raw.cast_to_raw(chr(0)), utl_raw.cast_to_raw(chr(0)), utl_raw.cast_to_raw(chr(0)), utl_raw.cast_to_raw(chr(0)), utl_raw.cast_to_raw(chr(0)), utl_raw.cast_to_raw(chr(0)), utl_raw.cast_to_raw(chr(0)), utl_raw.cast_to_raw(chr(0)), utl_raw.cast_to_raw(chr(0)));
insert into "SCOTT"."STRESS_RAW" values ("SCOTT"."STRESS_RAW_SEQ".nextval, utl_raw.cast_to_raw(chr(0)), utl_raw.cast_to_raw(chr(0) || chr(1)), utl_raw.cast_to_raw(chr(0) || chr(1)), utl_raw.cast_to_raw(chr(0) || chr(1)), utl_raw.cast_to_raw(chr(0) || chr(1)), utl_raw.cast_to_raw(chr(0) || chr(1)), utl_raw.cast_to_raw(chr(0) || chr(1)), utl_raw.cast_to_raw(chr(0) || chr(1)), utl_raw.cast_to_raw(chr(0) || chr(1)));

-- STRESS_staff.table
drop sequence "SCOTT"."STRESS_staff_SEQ";
drop table "SCOTT"."STRESS_staff";
drop type "SCOTT"."person_va";
drop type "SCOTT"."person_nt";
drop type "SCOTT"."person_ty";
drop type "SCOTT"."address_ty";
create sequence "SCOTT"."STRESS_staff_SEQ" increment by 1 start with 1 nocache;
create type "SCOTT"."address_ty" as object (  street_num number ,street varchar2(30) ,city varchar2(50) ,zipcode char(5));
create type "SCOTT"."person_ty" as object (  name varchar2(30) ,address "address_ty");
create type "SCOTT"."person_nt" as table of "SCOTT"."person_ty";
create type "SCOTT"."person_va" as varray(5) of "SCOTT"."person_ty";
create table "SCOTT"."STRESS_staff" (  "id" integer not NULL ,"description" varchar2(500) ,"person" "person_ty" ,"friends" "person_va" ,"relatives" "person_nt")nested table "relatives" store as relatives_nt_tab;
alter table "SCOTT"."STRESS_staff"  add constraint "PK_STRESS_staff"  primary key ("id");

insert into "SCOTT"."STRESS_staff" values (  "STRESS_staff_SEQ".nextval ,'"person_ty"(''PersonName'',"address_ty"(3050,''Springhill Pkwy SE'',''Smyrna'',''30080''))' || chr(10) || '"person_va"("person_ty"(''PersonNameInVarray1'',"address_ty"(3050,''Mowry Ave'',''Fremont'',''94536'')),"person_ty"(''PersonNameInVarray2'',"address_ty"(1911,''Paseo Ave'',''Fremont'',''94536'')))' || chr(10) || '"person_nt"("person_ty"(''PersonNameInNestedTable'',"address_ty"(200,''Freedom Circle'',''Santa Clara'',''98123'')))' ,"person_ty"('PersonName',"address_ty"(3050,'Springhill Pkwy SE','Smyrna','30080')) ,"person_va"("person_ty"('PersonNameInVarray1',"address_ty"(3050,'Mowry Ave','Fremont','94536')),"person_ty"('PersonNameInVarray2',"address_ty"(1911,'Paseo Ave','Fremont','94536'))) ,"person_nt"("person_ty"('PersonNameInNestedTable',"address_ty"(200,'Freedom Circle','Santa Clara','98123'))));

-- ['This stress table demonstrates nesting of objects, nested tables and varrays', '-- Phase Create']
-- STRESS_VirtualParent.table
drop sequence "SCOTT"."STRESS_VirtualParent_SEQ";
drop table "SCOTT"."STRESS_VirtualParent";

create sequence "SCOTT"."STRESS_VirtualParent_SEQ" increment by 1 start with 1 nocache;
create table "SCOTT"."STRESS_VirtualParent" (  "id" integer not null ,"name" varchar2(100) ,"parent_name" varchar2(100));
alter table "SCOTT"."STRESS_VirtualParent"  add constraint "PK_STRESS_VirtualParent"  primary key ("id");

-- STRESS_OddJoin.table
drop table "SCOTT"."STRESS_OddJoin_Parent";
drop table "SCOTT"."STRESS_OddJoin_Child";

create table "SCOTT"."STRESS_OddJoin_Parent" (  "model_yr" varchar(2) ,"description" varchar(100) not null ,constraint "PK_STRESS_OddJoin_Parent" primary key ("model_yr"));
create table "SCOTT"."STRESS_OddJoin_Child" (  "model_year" char(4) ,"description" varchar(100) not null ,constraint "PK_STRESS_OddJoin_Child" primary key ("model_year"));

insert into "SCOTT"."STRESS_OddJoin_Parent" values ('99', 'parent aka 1999');
insert into "SCOTT"."STRESS_OddJoin_Parent" values ('00', 'parent aka 2000');
insert into "SCOTT"."STRESS_OddJoin_Parent" values ('01', 'parent aka 2001');
insert into "SCOTT"."STRESS_OddJoin_Parent" values ('02', 'parent aka 2002');
insert into "SCOTT"."STRESS_OddJoin_Parent" values ('03', 'parent aka 2003');
insert into "SCOTT"."STRESS_OddJoin_Child" values ('1999', 'child 1999');
insert into "SCOTT"."STRESS_OddJoin_Child" values ('2000', 'child 2000');
insert into "SCOTT"."STRESS_OddJoin_Child" values ('2001', 'child 2001');
insert into "SCOTT"."STRESS_OddJoin_Child" values ('2002', 'child 2002');
insert into "SCOTT"."STRESS_OddJoin_Child" values ('2003', 'child 2003');

-- ['-- This is used create two tables, that can be related by a formula between the two tables.', "-- (as of 2016-09-01) we don't support this directly, but do support Free SQL Queries.  These", '-- can be used to defined read-only relationships that are used in a Resource', '-- Phase Setup']
-- STRESS_VirtualParentComplex.table
drop sequence "SCOTT"."STRESS_VirtualParentComplex_SQ";
drop table "SCOTT"."STRESS_VirtualParent";

create sequence "SCOTT"."STRESS_VirtualParentComplex_SQ" increment by 1 start with 1 nocache;
create table "SCOTT"."STRESS_VirtualParentComplex" (  "id" integer not null ,"first" varchar2(100) ,"last" varchar2(100) ,"parent_first" varchar2(100) ,"parent_last" varchar2(100));
alter table "SCOTT"."STRESS_VirtualParentComplex"  add constraint "PK_STRESS_VirtualParentComplex"  primary key ("id");

-- STRESS_BINARY_FLOAT.table
drop sequence "SCOTT"."STRESS_BINARY_FLOAT_SEQ";
drop table "SCOTT"."STRESS_BINARY_FLOAT";

create sequence "SCOTT"."STRESS_BINARY_FLOAT_SEQ" increment by 1 start with 1 nocache;
create table "SCOTT"."STRESS_BINARY_FLOAT" (  "id" integer not null ,"description" varchar2(100) ,"binary_float_default" binary_float);
alter table "SCOTT"."STRESS_BINARY_FLOAT"  add constraint "PK_STRESS_BINARY_FLOAT"  primary key ("id");

-- need this work with users running not with USA settingsalter session set nls_numeric_characters = '.,';
insert into "SCOTT"."STRESS_BINARY_FLOAT" values (  "SCOTT"."STRESS_BINARY_FLOAT_SEQ".nextval ,'0' || chr(10) || 'Zero' || chr(10) || 'quotes not required' ,0);
insert into "SCOTT"."STRESS_BINARY_FLOAT" values (  "SCOTT"."STRESS_BINARY_FLOAT_SEQ".nextval ,'1' || chr(10) || 'One' || chr(10) || 'quotes not required' ,1);
insert into "SCOTT"."STRESS_BINARY_FLOAT" values (  "SCOTT"."STRESS_BINARY_FLOAT_SEQ".nextval ,'-1' || chr(10) || 'quotes not required' ,-1);
insert into "SCOTT"."STRESS_BINARY_FLOAT" values (  "SCOTT"."STRESS_BINARY_FLOAT_SEQ".nextval ,'127' || chr(10) || 'quotes not required' ,127);
insert into "SCOTT"."STRESS_BINARY_FLOAT" values (  "SCOTT"."STRESS_BINARY_FLOAT_SEQ".nextval ,'123.45678' || chr(10) || 'quotes not required' ,123.45678);
insert into "SCOTT"."STRESS_BINARY_FLOAT" values (  "SCOTT"."STRESS_BINARY_FLOAT_SEQ".nextval ,'1e-37' || chr(10) || 'quotes not required' ,1e-37);
insert into "SCOTT"."STRESS_BINARY_FLOAT" values (  "SCOTT"."STRESS_BINARY_FLOAT_SEQ".nextval ,'1.17549435E-38' || chr(10) || 'quotes not required' ,1.17549435E-38);
insert into "SCOTT"."STRESS_BINARY_FLOAT" values (  "SCOTT"."STRESS_BINARY_FLOAT_SEQ".nextval ,'1.17549435E-38f' || chr(10) || 'quotes not required' ,1.17549435E-38f);
insert into "SCOTT"."STRESS_BINARY_FLOAT" values (  "SCOTT"."STRESS_BINARY_FLOAT_SEQ".nextval ,'3.4028235e+38' ,3.4028235e+38);
insert into "SCOTT"."STRESS_BINARY_FLOAT" values (  "SCOTT"."STRESS_BINARY_FLOAT_SEQ".nextval ,'-3.4028235e+38' ,-3.4028235e+38);
insert into "SCOTT"."STRESS_BINARY_FLOAT" values (  "SCOTT"."STRESS_BINARY_FLOAT_SEQ".nextval ,'-3.4028235e+38f' ,-3.4028235e+38f);
insert into "SCOTT"."STRESS_BINARY_FLOAT" values (  "SCOTT"."STRESS_BINARY_FLOAT_SEQ".nextval ,'BINARY_DOUBLE_INFINITY' ,BINARY_DOUBLE_INFINITY);
insert into "SCOTT"."STRESS_BINARY_FLOAT" values (  "SCOTT"."STRESS_BINARY_FLOAT_SEQ".nextval ,'-BINARY_DOUBLE_INFINITY' ,-BINARY_DOUBLE_INFINITY);
insert into "SCOTT"."STRESS_BINARY_FLOAT" values (  "SCOTT"."STRESS_BINARY_FLOAT_SEQ".nextval ,'BINARY_FLOAT_INFINITY' ,BINARY_FLOAT_INFINITY);
insert into "SCOTT"."STRESS_BINARY_FLOAT" values (  "SCOTT"."STRESS_BINARY_FLOAT_SEQ".nextval ,'-BINARY_FLOAT_INFINITY' ,-BINARY_FLOAT_INFINITY);
insert into "SCOTT"."STRESS_BINARY_FLOAT" values (  "SCOTT"."STRESS_BINARY_FLOAT_SEQ".nextval ,'''INF''' ,'INF');
insert into "SCOTT"."STRESS_BINARY_FLOAT" values (  "SCOTT"."STRESS_BINARY_FLOAT_SEQ".nextval ,'''-INF''' ,'-INF');
insert into "SCOTT"."STRESS_BINARY_FLOAT" values (  "SCOTT"."STRESS_BINARY_FLOAT_SEQ".nextval ,'BINARY_DOUBLE_NAN' ,BINARY_DOUBLE_NAN);
insert into "SCOTT"."STRESS_BINARY_FLOAT" values (  "SCOTT"."STRESS_BINARY_FLOAT_SEQ".nextval ,'BINARY_FLOAT_NAN' ,BINARY_FLOAT_NAN);
insert into "SCOTT"."STRESS_BINARY_FLOAT" values (  "SCOTT"."STRESS_BINARY_FLOAT_SEQ".nextval ,'''NAN''' ,'NAN');

-- STRESS_AllChars.table
drop table "SCOTT"."STRESS_AllChars";
drop table "SCOTT"."STRESS_AllChars_Child";

create table "SCOTT"."STRESS_AllChars" (  "parent" varchar2(10) ,"description" varchar2(50));
alter table "SCOTT"."STRESS_AllChars"  add constraint "PK_STRESS_AllChars"  primary key ("parent");
create table "SCOTT"."STRESS_AllChars_Child" (  "child" varchar2(10) ,"parent" varchar2(10) ,"description" varchar2(50));
alter table "SCOTT"."STRESS_AllChars_Child"  add constraint "PK_STRESS_AllChars_Child"  primary key ("child", "parent");

alter table "SCOTT"."STRESS_AllChars_Child"  add constraint "FK_STRESS_AllChars"  foreign key ("parent")  references "SCOTT"."STRESS_AllChars"("parent");

insert into "SCOTT"."STRESS_AllChars" values (chr(0), 'chr(''0'')');
insert into "SCOTT"."STRESS_AllChars_Child" values (chr(0), chr(0), 'chr(''0'') chr(''0'')');
insert into "SCOTT"."STRESS_AllChars_Child" values (chr(0), chr(1), 'chr(''0'') chr(''1'')');
insert into "SCOTT"."STRESS_AllChars_Child" values (chr(0), chr(2), 'chr(''0'') chr(''2'')');
insert into "SCOTT"."STRESS_AllChars_Child" values (chr(0), chr(3), 'chr(''0'') chr(''3'')');
insert into "SCOTT"."STRESS_AllChars_Child" values (chr(0), chr(4), 'chr(''0'') chr(''4'')');
insert into "SCOTT"."STRESS_AllChars_Child" values (chr(0), chr(5), 'chr(''0'') chr(''5'')');
insert into "SCOTT"."STRESS_AllChars" values (chr(1), 'chr(''1'')');
insert into "SCOTT"."STRESS_AllChars_Child" values (chr(1), chr(0), 'chr(''1'') chr(''0'')');
insert into "SCOTT"."STRESS_AllChars_Child" values (chr(1), chr(1), 'chr(''1'') chr(''1'')');
insert into "SCOTT"."STRESS_AllChars_Child" values (chr(1), chr(2), 'chr(''1'') chr(''2'')');
insert into "SCOTT"."STRESS_AllChars_Child" values (chr(1), chr(3), 'chr(''1'') chr(''3'')');
insert into "SCOTT"."STRESS_AllChars_Child" values (chr(1), chr(4), 'chr(''1'') chr(''4'')');
insert into "SCOTT"."STRESS_AllChars_Child" values (chr(1), chr(5), 'chr(''1'') chr(''5'')');
insert into "SCOTT"."STRESS_AllChars_Child" values (chr(1), chr(6), 'chr(''1'') chr(''6'')');
insert into "SCOTT"."STRESS_AllChars" values (chr(2), 'chr(''2'')');
insert into "SCOTT"."STRESS_AllChars_Child" values (chr(2), chr(0), 'chr(''2'') chr(''0'')');
insert into "SCOTT"."STRESS_AllChars_Child" values (chr(2), chr(1), 'chr(''2'') chr(''1'')');
insert into "SCOTT"."STRESS_AllChars_Child" values (chr(2), chr(2), 'chr(''2'') chr(''2'')');
insert into "SCOTT"."STRESS_AllChars_Child" values (chr(2), chr(3), 'chr(''2'') chr(''3'')');
insert into "SCOTT"."STRESS_AllChars_Child" values (chr(2), chr(4), 'chr(''2'') chr(''4'')');
insert into "SCOTT"."STRESS_AllChars_Child" values (chr(2), chr(5), 'chr(''2'') chr(''5'')');
insert into "SCOTT"."STRESS_AllChars_Child" values (chr(2), chr(6), 'chr(''2'') chr(''6'')');
insert into "SCOTT"."STRESS_AllChars_Child" values (chr(2), chr(7), 'chr(''2'') chr(''7'')');
insert into "SCOTT"."STRESS_AllChars" values (chr(3), 'chr(''3'')');
insert into "SCOTT"."STRESS_AllChars_Child" values (chr(3), chr(0), 'chr(''3'') chr(''0'')');
insert into "SCOTT"."STRESS_AllChars_Child" values (chr(3), chr(1), 'chr(''3'') chr(''1'')');
insert into "SCOTT"."STRESS_AllChars_Child" values (chr(3), chr(2), 'chr(''3'') chr(''2'')');
insert into "SCOTT"."STRESS_AllChars_Child" values (chr(3), chr(3), 'chr(''3'') chr(''3'')');
insert into "SCOTT"."STRESS_AllChars_Child" values (chr(3), chr(4), 'chr(''3'') chr(''4'')');
insert into "SCOTT"."STRESS_AllChars_Child" values (chr(3), chr(5), 'chr(''3'') chr(''5'')');
insert into "SCOTT"."STRESS_AllChars_Child" values (chr(3), chr(6), 'chr(''3'') chr(''6'')');
insert into "SCOTT"."STRESS_AllChars_Child" values (chr(3), chr(7), 'chr(''3'') chr(''7'')');
insert into "SCOTT"."STRESS_AllChars_Child" values (chr(3), chr(8), 'chr(''3'') chr(''8'')');
insert into "SCOTT"."STRESS_AllChars" values (chr(4), 'chr(''4'')');
insert into "SCOTT"."STRESS_AllChars_Child" values (chr(4), chr(0), 'chr(''4'') chr(''0'')');
insert into "SCOTT"."STRESS_AllChars_Child" values (chr(4), chr(1), 'chr(''4'') chr(''1'')');
insert into "SCOTT"."STRESS_AllChars_Child" values (chr(4), chr(2), 'chr(''4'') chr(''2'')');
insert into "SCOTT"."STRESS_AllChars_Child" values (chr(4), chr(3), 'chr(''4'') chr(''3'')');
insert into "SCOTT"."STRESS_AllChars_Child" values (chr(4), chr(4), 'chr(''4'') chr(''4'')');
insert into "SCOTT"."STRESS_AllChars_Child" values (chr(4), chr(5), 'chr(''4'') chr(''5'')');
insert into "SCOTT"."STRESS_AllChars_Child" values (chr(4), chr(6), 'chr(''4'') chr(''6'')');
insert into "SCOTT"."STRESS_AllChars_Child" values (chr(4), chr(7), 'chr(''4'') chr(''7'')');
insert into "SCOTT"."STRESS_AllChars_Child" values (chr(4), chr(8), 'chr(''4'') chr(''8'')');
insert into "SCOTT"."STRESS_AllChars_Child" values (chr(4), chr(9), 'chr(''4'') chr(''9'')');
insert into "SCOTT"."STRESS_AllChars" values (chr(5), 'chr(''5'')');
insert into "SCOTT"."STRESS_AllChars_Child" values (chr(5), chr(0), 'chr(''5'') chr(''0'')');
insert into "SCOTT"."STRESS_AllChars_Child" values (chr(5), chr(1), 'chr(''5'') chr(''1'')');
insert into "SCOTT"."STRESS_AllChars_Child" values (chr(5), chr(2), 'chr(''5'') chr(''2'')');
insert into "SCOTT"."STRESS_AllChars_Child" values (chr(5), chr(3), 'chr(''5'') chr(''3'')');
insert into "SCOTT"."STRESS_AllChars_Child" values (chr(5), chr(4), 'chr(''5'') chr(''4'')');
insert into "SCOTT"."STRESS_AllChars_Child" values (chr(5), chr(5), 'chr(''5'') chr(''5'')');
insert into "SCOTT"."STRESS_AllChars_Child" values (chr(5), chr(6), 'chr(''5'') chr(''6'')');
insert into "SCOTT"."STRESS_AllChars_Child" values (chr(5), chr(7), 'chr(''5'') chr(''7'')');
insert into "SCOTT"."STRESS_AllChars_Child" values (chr(5), chr(8), 'chr(''5'') chr(''8'')');
insert into "SCOTT"."STRESS_AllChars_Child" values (chr(5), chr(9), 'chr(''5'') chr(''9'')');
insert into "SCOTT"."STRESS_AllChars_Child" values (chr(5), chr(10), 'chr(''5'') chr(''10'')');
insert into "SCOTT"."STRESS_AllChars" values (chr(6), 'chr(''6'')');
insert into "SCOTT"."STRESS_AllChars_Child" values (chr(6), chr(1), 'chr(''6'') chr(''1'')');
insert into "SCOTT"."STRESS_AllChars_Child" values (chr(6), chr(2), 'chr(''6'') chr(''2'')');
insert into "SCOTT"."STRESS_AllChars_Child" values (chr(6), chr(3), 'chr(''6'') chr(''3'')');
insert into "SCOTT"."STRESS_AllChars_Child" values (chr(6), chr(4), 'chr(''6'') chr(''4'')');
insert into "SCOTT"."STRESS_AllChars_Child" values (chr(6), chr(5), 'chr(''6'') chr(''5'')');
insert into "SCOTT"."STRESS_AllChars_Child" values (chr(6), chr(6), 'chr(''6'') chr(''6'')');
insert into "SCOTT"."STRESS_AllChars_Child" values (chr(6), chr(7), 'chr(''6'') chr(''7'')');
insert into "SCOTT"."STRESS_AllChars_Child" values (chr(6), chr(8), 'chr(''6'') chr(''8'')');
insert into "SCOTT"."STRESS_AllChars_Child" values (chr(6), chr(9), 'chr(''6'') chr(''9'')');
insert into "SCOTT"."STRESS_AllChars_Child" values (chr(6), chr(10), 'chr(''6'') chr(''10'')');
insert into "SCOTT"."STRESS_AllChars_Child" values (chr(6), chr(11), 'chr(''6'') chr(''11'')');
insert into "SCOTT"."STRESS_AllChars" values (chr(7), 'chr(''7'')');
insert into "SCOTT"."STRESS_AllChars_Child" values (chr(7), chr(2), 'chr(''7'') chr(''2'')');
insert into "SCOTT"."STRESS_AllChars_Child" values (chr(7), chr(3), 'chr(''7'') chr(''3'')');
insert into "SCOTT"."STRESS_AllChars_Child" values (chr(7), chr(4), 'chr(''7'') chr(''4'')');
insert into "SCOTT"."STRESS_AllChars_Child" values (chr(7), chr(5), 'chr(''7'') chr(''5'')');
insert into "SCOTT"."STRESS_AllChars_Child" values (chr(7), chr(6), 'chr(''7'') chr(''6'')');
insert into "SCOTT"."STRESS_AllChars_Child" values (chr(7), chr(7), 'chr(''7'') chr(''7'')');
insert into "SCOTT"."STRESS_AllChars_Child" values (chr(7), chr(8), 'chr(''7'') chr(''8'')');
insert into "SCOTT"."STRESS_AllChars_Child" values (chr(7), chr(9), 'chr(''7'') chr(''9'')');
insert into "SCOTT"."STRESS_AllChars_Child" values (chr(7), chr(10), 'chr(''7'') chr(''10'')');
insert into "SCOTT"."STRESS_AllChars_Child" values (chr(7), chr(11), 'chr(''7'') chr(''11'')');
insert into "SCOTT"."STRESS_AllChars_Child" values (chr(7), chr(12), 'chr(''7'') chr(''12'')');
insert into "SCOTT"."STRESS_AllChars" values (chr(8), 'chr(''8'')');
insert into "SCOTT"."STRESS_AllChars_Child" values (chr(8), chr(3), 'chr(''8'') chr(''3'')');
insert into "SCOTT"."STRESS_AllChars_Child" values (chr(8), chr(4), 'chr(''8'') chr(''4'')');
insert into "SCOTT"."STRESS_AllChars_Child" values (chr(8), chr(5), 'chr(''8'') chr(''5'')');
insert into "SCOTT"."STRESS_AllChars_Child" values (chr(8), chr(6), 'chr(''8'') chr(''6'')');
insert into "SCOTT"."STRESS_AllChars_Child" values (chr(8), chr(7), 'chr(''8'') chr(''7'')');
insert into "SCOTT"."STRESS_AllChars_Child" values (chr(8), chr(8), 'chr(''8'') chr(''8'')');
insert into "SCOTT"."STRESS_AllChars_Child" values (chr(8), chr(9), 'chr(''8'') chr(''9'')');
insert into "SCOTT"."STRESS_AllChars_Child" values (chr(8), chr(10), 'chr(''8'') chr(''10'')');
insert into "SCOTT"."STRESS_AllChars_Child" values (chr(8), chr(11), 'chr(''8'') chr(''11'')');
insert into "SCOTT"."STRESS_AllChars_Child" values (chr(8), chr(12), 'chr(''8'') chr(''12'')');
insert into "SCOTT"."STRESS_AllChars_Child" values (chr(8), chr(13), 'chr(''8'') chr(''13'')');
insert into "SCOTT"."STRESS_AllChars" values (chr(9), 'chr(''9'')');
insert into "SCOTT"."STRESS_AllChars_Child" values (chr(9), chr(4), 'chr(''9'') chr(''4'')');
insert into "SCOTT"."STRESS_AllChars_Child" values (chr(9), chr(5), 'chr(''9'') chr(''5'')');
insert into "SCOTT"."STRESS_AllChars_Child" values (chr(9), chr(6), 'chr(''9'') chr(''6'')');
insert into "SCOTT"."STRESS_AllChars_Child" values (chr(9), chr(7), 'chr(''9'') chr(''7'')');
insert into "SCOTT"."STRESS_AllChars_Child" values (chr(9), chr(8), 'chr(''9'') chr(''8'')');
insert into "SCOTT"."STRESS_AllChars_Child" values (chr(9), chr(9), 'chr(''9'') chr(''9'')');
insert into "SCOTT"."STRESS_AllChars_Child" values (chr(9), chr(10), 'chr(''9'') chr(''10'')');
insert into "SCOTT"."STRESS_AllChars_Child" values (chr(9), chr(11), 'chr(''9'') chr(''11'')');
insert into "SCOTT"."STRESS_AllChars_Child" values (chr(9), chr(12), 'chr(''9'') chr(''12'')');
insert into "SCOTT"."STRESS_AllChars_Child" values (chr(9), chr(13), 'chr(''9'') chr(''13'')');
insert into "SCOTT"."STRESS_AllChars_Child" values (chr(9), chr(14), 'chr(''9'') chr(''14'')');
insert into "SCOTT"."STRESS_AllChars" values (chr(10), 'chr(''10'')');
insert into "SCOTT"."STRESS_AllChars_Child" values (chr(10), chr(5), 'chr(''10'') chr(''5'')');
insert into "SCOTT"."STRESS_AllChars_Child" values (chr(10), chr(6), 'chr(''10'') chr(''6'')');
insert into "SCOTT"."STRESS_AllChars_Child" values (chr(10), chr(7), 'chr(''10'') chr(''7'')');
insert into "SCOTT"."STRESS_AllChars_Child" values (chr(10), chr(8), 'chr(''10'') chr(''8'')');
insert into "SCOTT"."STRESS_AllChars_Child" values (chr(10), chr(9), 'chr(''10'') chr(''9'')');
insert into "SCOTT"."STRESS_AllChars_Child" values (chr(10), chr(10), 'chr(''10'') chr(''10'')');
insert into "SCOTT"."STRESS_AllChars_Child" values (chr(10), chr(11), 'chr(''10'') chr(''11'')');
insert into "SCOTT"."STRESS_AllChars_Child" values (chr(10), chr(12), 'chr(''10'') chr(''12'')');
insert into "SCOTT"."STRESS_AllChars_Child" values (chr(10), chr(13), 'chr(''10'') chr(''13'')');
insert into "SCOTT"."STRESS_AllChars_Child" values (chr(10), chr(14), 'chr(''10'') chr(''14'')');
insert into "SCOTT"."STRESS_AllChars_Child" values (chr(10), chr(15), 'chr(''10'') chr(''15'')');
insert into "SCOTT"."STRESS_AllChars" values (chr(11), 'chr(''11'')');
insert into "SCOTT"."STRESS_AllChars_Child" values (chr(11), chr(6), 'chr(''11'') chr(''6'')');
insert into "SCOTT"."STRESS_AllChars_Child" values (chr(11), chr(7), 'chr(''11'') chr(''7'')');
insert into "SCOTT"."STRESS_AllChars_Child" values (chr(11), chr(8), 'chr(''11'') chr(''8'')');
insert into "SCOTT"."STRESS_AllChars_Child" values (chr(11), chr(9), 'chr(''11'') chr(''9'')');
insert into "SCOTT"."STRESS_AllChars_Child" values (chr(11), chr(10), 'chr(''11'') chr(''10'')');
insert into "SCOTT"."STRESS_AllChars_Child" values (chr(11), chr(11), 'chr(''11'') chr(''11'')');
insert into "SCOTT"."STRESS_AllChars_Child" values (chr(11), chr(12), 'chr(''11'') chr(''12'')');
insert into "SCOTT"."STRESS_AllChars_Child" values (chr(11), chr(13), 'chr(''11'') chr(''13'')');
insert into "SCOTT"."STRESS_AllChars_Child" values (chr(11), chr(14), 'chr(''11'') chr(''14'')');
insert into "SCOTT"."STRESS_AllChars_Child" values (chr(11), chr(15), 'chr(''11'') chr(''15'')');
insert into "SCOTT"."STRESS_AllChars_Child" values (chr(11), chr(16), 'chr(''11'') chr(''16'')');
insert into "SCOTT"."STRESS_AllChars" values (chr(12), 'chr(''12'')');
insert into "SCOTT"."STRESS_AllChars_Child" values (chr(12), chr(7), 'chr(''12'') chr(''7'')');
insert into "SCOTT"."STRESS_AllChars_Child" values (chr(12), chr(8), 'chr(''12'') chr(''8'')');
insert into "SCOTT"."STRESS_AllChars_Child" values (chr(12), chr(9), 'chr(''12'') chr(''9'')');
insert into "SCOTT"."STRESS_AllChars_Child" values (chr(12), chr(10), 'chr(''12'') chr(''10'')');
insert into "SCOTT"."STRESS_AllChars_Child" values (chr(12), chr(11), 'chr(''12'') chr(''11'')');
insert into "SCOTT"."STRESS_AllChars_Child" values (chr(12), chr(12), 'chr(''12'') chr(''12'')');
insert into "SCOTT"."STRESS_AllChars_Child" values (chr(12), chr(13), 'chr(''12'') chr(''13'')');
insert into "SCOTT"."STRESS_AllChars_Child" values (chr(12), chr(14), 'chr(''12'') chr(''14'')');
insert into "SCOTT"."STRESS_AllChars_Child" values (chr(12), chr(15), 'chr(''12'') chr(''15'')');
insert into "SCOTT"."STRESS_AllChars_Child" values (chr(12), chr(16), 'chr(''12'') chr(''16'')');
insert into "SCOTT"."STRESS_AllChars_Child" values (chr(12), chr(17), 'chr(''12'') chr(''17'')');
insert into "SCOTT"."STRESS_AllChars" values (chr(13), 'chr(''13'')');
insert into "SCOTT"."STRESS_AllChars_Child" values (chr(13), chr(8), 'chr(''13'') chr(''8'')');
insert into "SCOTT"."STRESS_AllChars_Child" values (chr(13), chr(9), 'chr(''13'') chr(''9'')');
insert into "SCOTT"."STRESS_AllChars_Child" values (chr(13), chr(10), 'chr(''13'') chr(''10'')');
insert into "SCOTT"."STRESS_AllChars_Child" values (chr(13), chr(11), 'chr(''13'') chr(''11'')');
insert into "SCOTT"."STRESS_AllChars_Child" values (chr(13), chr(12), 'chr(''13'') chr(''12'')');
insert into "SCOTT"."STRESS_AllChars_Child" values (chr(13), chr(13), 'chr(''13'') chr(''13'')');
insert into "SCOTT"."STRESS_AllChars_Child" values (chr(13), chr(14), 'chr(''13'') chr(''14'')');
insert into "SCOTT"."STRESS_AllChars_Child" values (chr(13), chr(15), 'chr(''13'') chr(''15'')');
insert into "SCOTT"."STRESS_AllChars_Child" values (chr(13), chr(16), 'chr(''13'') chr(''16'')');
insert into "SCOTT"."STRESS_AllChars_Child" values (chr(13), chr(17), 'chr(''13'') chr(''17'')');
insert into "SCOTT"."STRESS_AllChars_Child" values (chr(13), chr(18), 'chr(''13'') chr(''18'')');
insert into "SCOTT"."STRESS_AllChars" values (chr(14), 'chr(''14'')');
insert into "SCOTT"."STRESS_AllChars_Child" values (chr(14), chr(9), 'chr(''14'') chr(''9'')');
insert into "SCOTT"."STRESS_AllChars_Child" values (chr(14), chr(10), 'chr(''14'') chr(''10'')');
insert into "SCOTT"."STRESS_AllChars_Child" values (chr(14), chr(11), 'chr(''14'') chr(''11'')');
insert into "SCOTT"."STRESS_AllChars_Child" values (chr(14), chr(12), 'chr(''14'') chr(''12'')');
insert into "SCOTT"."STRESS_AllChars_Child" values (chr(14), chr(13), 'chr(''14'') chr(''13'')');
insert into "SCOTT"."STRESS_AllChars_Child" values (chr(14), chr(14), 'chr(''14'') chr(''14'')');
insert into "SCOTT"."STRESS_AllChars_Child" values (chr(14), chr(15), 'chr(''14'') chr(''15'')');
insert into "SCOTT"."STRESS_AllChars_Child" values (chr(14), chr(16), 'chr(''14'') chr(''16'')');
insert into "SCOTT"."STRESS_AllChars_Child" values (chr(14), chr(17), 'chr(''14'') chr(''17'')');
insert into "SCOTT"."STRESS_AllChars_Child" values (chr(14), chr(18), 'chr(''14'') chr(''18'')');
insert into "SCOTT"."STRESS_AllChars_Child" values (chr(14), chr(19), 'chr(''14'') chr(''19'')');
insert into "SCOTT"."STRESS_AllChars" values (chr(15), 'chr(''15'')');
insert into "SCOTT"."STRESS_AllChars_Child" values (chr(15), chr(10), 'chr(''15'') chr(''10'')');
insert into "SCOTT"."STRESS_AllChars_Child" values (chr(15), chr(11), 'chr(''15'') chr(''11'')');
insert into "SCOTT"."STRESS_AllChars_Child" values (chr(15), chr(12), 'chr(''15'') chr(''12'')');
insert into "SCOTT"."STRESS_AllChars_Child" values (chr(15), chr(13), 'chr(''15'') chr(''13'')');
insert into "SCOTT"."STRESS_AllChars_Child" values (chr(15), chr(14), 'chr(''15'') chr(''14'')');
insert into "SCOTT"."STRESS_AllChars_Child" values (chr(15), chr(15), 'chr(''15'') chr(''15'')');
insert into "SCOTT"."STRESS_AllChars_Child" values (chr(15), chr(16), 'chr(''15'') chr(''16'')');
insert into "SCOTT"."STRESS_AllChars_Child" values (chr(15), chr(17), 'chr(''15'') chr(''17'')');
insert into "SCOTT"."STRESS_AllChars_Child" values (chr(15), chr(18), 'chr(''15'') chr(''18'')');
insert into "SCOTT"."STRESS_AllChars_Child" values (chr(15), chr(19), 'chr(''15'') chr(''19'')');
insert into "SCOTT"."STRESS_AllChars_Child" values (chr(15), chr(20), 'chr(''15'') chr(''20'')');
insert into "SCOTT"."STRESS_AllChars" values (chr(16), 'chr(''16'')');
insert into "SCOTT"."STRESS_AllChars_Child" values (chr(16), chr(11), 'chr(''16'') chr(''11'')');
insert into "SCOTT"."STRESS_AllChars_Child" values (chr(16), chr(12), 'chr(''16'') chr(''12'')');
insert into "SCOTT"."STRESS_AllChars_Child" values (chr(16), chr(13), 'chr(''16'') chr(''13'')');
insert into "SCOTT"."STRESS_AllChars_Child" values (chr(16), chr(14), 'chr(''16'') chr(''14'')');
insert into "SCOTT"."STRESS_AllChars_Child" values (chr(16), chr(15), 'chr(''16'') chr(''15'')');
insert into "SCOTT"."STRESS_AllChars_Child" values (chr(16), chr(16), 'chr(''16'') chr(''16'')');
insert into "SCOTT"."STRESS_AllChars_Child" values (chr(16), chr(17), 'chr(''16'') chr(''17'')');
insert into "SCOTT"."STRESS_AllChars_Child" values (chr(16), chr(18), 'chr(''16'') chr(''18'')');
insert into "SCOTT"."STRESS_AllChars_Child" values (chr(16), chr(19), 'chr(''16'') chr(''19'')');
insert into "SCOTT"."STRESS_AllChars_Child" values (chr(16), chr(20), 'chr(''16'') chr(''20'')');
insert into "SCOTT"."STRESS_AllChars_Child" values (chr(16), chr(21), 'chr(''16'') chr(''21'')');
insert into "SCOTT"."STRESS_AllChars" values (chr(17), 'chr(''17'')');
insert into "SCOTT"."STRESS_AllChars_Child" values (chr(17), chr(12), 'chr(''17'') chr(''12'')');
insert into "SCOTT"."STRESS_AllChars_Child" values (chr(17), chr(13), 'chr(''17'') chr(''13'')');
insert into "SCOTT"."STRESS_AllChars_Child" values (chr(17), chr(14), 'chr(''17'') chr(''14'')');
insert into "SCOTT"."STRESS_AllChars_Child" values (chr(17), chr(15), 'chr(''17'') chr(''15'')');
insert into "SCOTT"."STRESS_AllChars_Child" values (chr(17), chr(16), 'chr(''17'') chr(''16'')');
insert into "SCOTT"."STRESS_AllChars_Child" values (chr(17), chr(17), 'chr(''17'') chr(''17'')');
insert into "SCOTT"."STRESS_AllChars_Child" values (chr(17), chr(18), 'chr(''17'') chr(''18'')');
insert into "SCOTT"."STRESS_AllChars_Child" values (chr(17), chr(19), 'chr(''17'') chr(''19'')');
insert into "SCOTT"."STRESS_AllChars_Child" values (chr(17), chr(20), 'chr(''17'') chr(''20'')');
insert into "SCOTT"."STRESS_AllChars_Child" values (chr(17), chr(21), 'chr(''17'') chr(''21'')');
insert into "SCOTT"."STRESS_AllChars_Child" values (chr(17), chr(22), 'chr(''17'') chr(''22'')');
insert into "SCOTT"."STRESS_AllChars" values (chr(18), 'chr(''18'')');
insert into "SCOTT"."STRESS_AllChars_Child" values (chr(18), chr(13), 'chr(''18'') chr(''13'')');
insert into "SCOTT"."STRESS_AllChars_Child" values (chr(18), chr(14), 'chr(''18'') chr(''14'')');
insert into "SCOTT"."STRESS_AllChars_Child" values (chr(18), chr(15), 'chr(''18'') chr(''15'')');
insert into "SCOTT"."STRESS_AllChars_Child" values (chr(18), chr(16), 'chr(''18'') chr(''16'')');
insert into "SCOTT"."STRESS_AllChars_Child" values (chr(18), chr(17), 'chr(''18'') chr(''17'')');
insert into "SCOTT"."STRESS_AllChars_Child" values (chr(18), chr(18), 'chr(''18'') chr(''18'')');
insert into "SCOTT"."STRESS_AllChars_Child" values (chr(18), chr(19), 'chr(''18'') chr(''19'')');
insert into "SCOTT"."STRESS_AllChars_Child" values (chr(18), chr(20), 'chr(''18'') chr(''20'')');
insert into "SCOTT"."STRESS_AllChars_Child" values (chr(18), chr(21), 'chr(''18'') chr(''21'')');
insert into "SCOTT"."STRESS_AllChars_Child" values (chr(18), chr(22), 'chr(''18'') chr(''22'')');
insert into "SCOTT"."STRESS_AllChars_Child" values (chr(18), chr(23), 'chr(''18'') chr(''23'')');
insert into "SCOTT"."STRESS_AllChars" values (chr(19), 'chr(''19'')');
insert into "SCOTT"."STRESS_AllChars_Child" values (chr(19), chr(14), 'chr(''19'') chr(''14'')');
insert into "SCOTT"."STRESS_AllChars_Child" values (chr(19), chr(15), 'chr(''19'') chr(''15'')');
insert into "SCOTT"."STRESS_AllChars_Child" values (chr(19), chr(16), 'chr(''19'') chr(''16'')');
insert into "SCOTT"."STRESS_AllChars_Child" values (chr(19), chr(17), 'chr(''19'') chr(''17'')');
insert into "SCOTT"."STRESS_AllChars_Child" values (chr(19), chr(18), 'chr(''19'') chr(''18'')');
insert into "SCOTT"."STRESS_AllChars_Child" values (chr(19), chr(19), 'chr(''19'') chr(''19'')');
insert into "SCOTT"."STRESS_AllChars_Child" values (chr(19), chr(20), 'chr(''19'') chr(''20'')');
insert into "SCOTT"."STRESS_AllChars_Child" values (chr(19), chr(21), 'chr(''19'') chr(''21'')');
insert into "SCOTT"."STRESS_AllChars_Child" values (chr(19), chr(22), 'chr(''19'') chr(''22'')');
insert into "SCOTT"."STRESS_AllChars_Child" values (chr(19), chr(23), 'chr(''19'') chr(''23'')');
insert into "SCOTT"."STRESS_AllChars_Child" values (chr(19), chr(24), 'chr(''19'') chr(''24'')');
insert into "SCOTT"."STRESS_AllChars" values (chr(20), 'chr(''20'')');
insert into "SCOTT"."STRESS_AllChars_Child" values (chr(20), chr(15), 'chr(''20'') chr(''15'')');
insert into "SCOTT"."STRESS_AllChars_Child" values (chr(20), chr(16), 'chr(''20'') chr(''16'')');
insert into "SCOTT"."STRESS_AllChars_Child" values (chr(20), chr(17), 'chr(''20'') chr(''17'')');
insert into "SCOTT"."STRESS_AllChars_Child" values (chr(20), chr(18), 'chr(''20'') chr(''18'')');
insert into "SCOTT"."STRESS_AllChars_Child" values (chr(20), chr(19), 'chr(''20'') chr(''19'')');
insert into "SCOTT"."STRESS_AllChars_Child" values (chr(20), chr(20), 'chr(''20'') chr(''20'')');
insert into "SCOTT"."STRESS_AllChars_Child" values (chr(20), chr(21), 'chr(''20'') chr(''21'')');
insert into "SCOTT"."STRESS_AllChars_Child" values (chr(20), chr(22), 'chr(''20'') chr(''22'')');
insert into "SCOTT"."STRESS_AllChars_Child" values (chr(20), chr(23), 'chr(''20'') chr(''23'')');
insert into "SCOTT"."STRESS_AllChars_Child" values (chr(20), chr(24), 'chr(''20'') chr(''24'')');
insert into "SCOTT"."STRESS_AllChars_Child" values (chr(20), chr(25), 'chr(''20'') chr(''25'')');
insert into "SCOTT"."STRESS_AllChars" values (chr(21), 'chr(''21'')');
insert into "SCOTT"."STRESS_AllChars_Child" values (chr(21), chr(16), 'chr(''21'') chr(''16'')');
insert into "SCOTT"."STRESS_AllChars_Child" values (chr(21), chr(17), 'chr(''21'') chr(''17'')');
insert into "SCOTT"."STRESS_AllChars_Child" values (chr(21), chr(18), 'chr(''21'') chr(''18'')');
insert into "SCOTT"."STRESS_AllChars_Child" values (chr(21), chr(19), 'chr(''21'') chr(''19'')');
insert into "SCOTT"."STRESS_AllChars_Child" values (chr(21), chr(20), 'chr(''21'') chr(''20'')');
insert into "SCOTT"."STRESS_AllChars_Child" values (chr(21), chr(21), 'chr(''21'') chr(''21'')');
insert into "SCOTT"."STRESS_AllChars_Child" values (chr(21), chr(22), 'chr(''21'') chr(''22'')');
insert into "SCOTT"."STRESS_AllChars_Child" values (chr(21), chr(23), 'chr(''21'') chr(''23'')');
insert into "SCOTT"."STRESS_AllChars_Child" values (chr(21), chr(24), 'chr(''21'') chr(''24'')');
insert into "SCOTT"."STRESS_AllChars_Child" values (chr(21), chr(25), 'chr(''21'') chr(''25'')');
insert into "SCOTT"."STRESS_AllChars_Child" values (chr(21), chr(26), 'chr(''21'') chr(''26'')');
insert into "SCOTT"."STRESS_AllChars" values (chr(22), 'chr(''22'')');
insert into "SCOTT"."STRESS_AllChars_Child" values (chr(22), chr(17), 'chr(''22'') chr(''17'')');
insert into "SCOTT"."STRESS_AllChars_Child" values (chr(22), chr(18), 'chr(''22'') chr(''18'')');
insert into "SCOTT"."STRESS_AllChars_Child" values (chr(22), chr(19), 'chr(''22'') chr(''19'')');
insert into "SCOTT"."STRESS_AllChars_Child" values (chr(22), chr(20), 'chr(''22'') chr(''20'')');
insert into "SCOTT"."STRESS_AllChars_Child" values (chr(22), chr(21), 'chr(''22'') chr(''21'')');
insert into "SCOTT"."STRESS_AllChars_Child" values (chr(22), chr(22), 'chr(''22'') chr(''22'')');
insert into "SCOTT"."STRESS_AllChars_Child" values (chr(22), chr(23), 'chr(''22'') chr(''23'')');
insert into "SCOTT"."STRESS_AllChars_Child" values (chr(22), chr(24), 'chr(''22'') chr(''24'')');
insert into "SCOTT"."STRESS_AllChars_Child" values (chr(22), chr(25), 'chr(''22'') chr(''25'')');
insert into "SCOTT"."STRESS_AllChars_Child" values (chr(22), chr(26), 'chr(''22'') chr(''26'')');
insert into "SCOTT"."STRESS_AllChars_Child" values (chr(22), chr(27), 'chr(''22'') chr(''27'')');
insert into "SCOTT"."STRESS_AllChars" values (chr(23), 'chr(''23'')');
insert into "SCOTT"."STRESS_AllChars_Child" values (chr(23), chr(18), 'chr(''23'') chr(''18'')');
insert into "SCOTT"."STRESS_AllChars_Child" values (chr(23), chr(19), 'chr(''23'') chr(''19'')');
insert into "SCOTT"."STRESS_AllChars_Child" values (chr(23), chr(20), 'chr(''23'') chr(''20'')');
insert into "SCOTT"."STRESS_AllChars_Child" values (chr(23), chr(21), 'chr(''23'') chr(''21'')');
insert into "SCOTT"."STRESS_AllChars_Child" values (chr(23), chr(22), 'chr(''23'') chr(''22'')');
insert into "SCOTT"."STRESS_AllChars_Child" values (chr(23), chr(23), 'chr(''23'') chr(''23'')');
insert into "SCOTT"."STRESS_AllChars_Child" values (chr(23), chr(24), 'chr(''23'') chr(''24'')');
insert into "SCOTT"."STRESS_AllChars_Child" values (chr(23), chr(25), 'chr(''23'') chr(''25'')');
insert into "SCOTT"."STRESS_AllChars_Child" values (chr(23), chr(26), 'chr(''23'') chr(''26'')');
insert into "SCOTT"."STRESS_AllChars_Child" values (chr(23), chr(27), 'chr(''23'') chr(''27'')');
insert into "SCOTT"."STRESS_AllChars_Child" values (chr(23), chr(28), 'chr(''23'') chr(''28'')');
insert into "SCOTT"."STRESS_AllChars" values (chr(24), 'chr(''24'')');
insert into "SCOTT"."STRESS_AllChars_Child" values (chr(24), chr(19), 'chr(''24'') chr(''19'')');
insert into "SCOTT"."STRESS_AllChars_Child" values (chr(24), chr(20), 'chr(''24'') chr(''20'')');
insert into "SCOTT"."STRESS_AllChars_Child" values (chr(24), chr(21), 'chr(''24'') chr(''21'')');
insert into "SCOTT"."STRESS_AllChars_Child" values (chr(24), chr(22), 'chr(''24'') chr(''22'')');
insert into "SCOTT"."STRESS_AllChars_Child" values (chr(24), chr(23), 'chr(''24'') chr(''23'')');
insert into "SCOTT"."STRESS_AllChars_Child" values (chr(24), chr(24), 'chr(''24'') chr(''24'')');
insert into "SCOTT"."STRESS_AllChars_Child" values (chr(24), chr(25), 'chr(''24'') chr(''25'')');
insert into "SCOTT"."STRESS_AllChars_Child" values (chr(24), chr(26), 'chr(''24'') chr(''26'')');
insert into "SCOTT"."STRESS_AllChars_Child" values (chr(24), chr(27), 'chr(''24'') chr(''27'')');
insert into "SCOTT"."STRESS_AllChars_Child" values (chr(24), chr(28), 'chr(''24'') chr(''28'')');
insert into "SCOTT"."STRESS_AllChars_Child" values (chr(24), chr(29), 'chr(''24'') chr(''29'')');
insert into "SCOTT"."STRESS_AllChars" values (chr(25), 'chr(''25'')');
insert into "SCOTT"."STRESS_AllChars_Child" values (chr(25), chr(20), 'chr(''25'') chr(''20'')');
insert into "SCOTT"."STRESS_AllChars_Child" values (chr(25), chr(21), 'chr(''25'') chr(''21'')');
insert into "SCOTT"."STRESS_AllChars_Child" values (chr(25), chr(22), 'chr(''25'') chr(''22'')');
insert into "SCOTT"."STRESS_AllChars_Child" values (chr(25), chr(23), 'chr(''25'') chr(''23'')');
insert into "SCOTT"."STRESS_AllChars_Child" values (chr(25), chr(24), 'chr(''25'') chr(''24'')');
insert into "SCOTT"."STRESS_AllChars_Child" values (chr(25), chr(25), 'chr(''25'') chr(''25'')');
insert into "SCOTT"."STRESS_AllChars_Child" values (chr(25), chr(26), 'chr(''25'') chr(''26'')');
insert into "SCOTT"."STRESS_AllChars_Child" values (chr(25), chr(27), 'chr(''25'') chr(''27'')');
insert into "SCOTT"."STRESS_AllChars_Child" values (chr(25), chr(28), 'chr(''25'') chr(''28'')');
insert into "SCOTT"."STRESS_AllChars_Child" values (chr(25), chr(29), 'chr(''25'') chr(''29'')');
insert into "SCOTT"."STRESS_AllChars_Child" values (chr(25), chr(30), 'chr(''25'') chr(''30'')');
insert into "SCOTT"."STRESS_AllChars" values (chr(26), 'chr(''26'')');
insert into "SCOTT"."STRESS_AllChars_Child" values (chr(26), chr(21), 'chr(''26'') chr(''21'')');
insert into "SCOTT"."STRESS_AllChars_Child" values (chr(26), chr(22), 'chr(''26'') chr(''22'')');
insert into "SCOTT"."STRESS_AllChars_Child" values (chr(26), chr(23), 'chr(''26'') chr(''23'')');
insert into "SCOTT"."STRESS_AllChars_Child" values (chr(26), chr(24), 'chr(''26'') chr(''24'')');
insert into "SCOTT"."STRESS_AllChars_Child" values (chr(26), chr(25), 'chr(''26'') chr(''25'')');
insert into "SCOTT"."STRESS_AllChars_Child" values (chr(26), chr(26), 'chr(''26'') chr(''26'')');
insert into "SCOTT"."STRESS_AllChars_Child" values (chr(26), chr(27), 'chr(''26'') chr(''27'')');
insert into "SCOTT"."STRESS_AllChars_Child" values (chr(26), chr(28), 'chr(''26'') chr(''28'')');
insert into "SCOTT"."STRESS_AllChars_Child" values (chr(26), chr(29), 'chr(''26'') chr(''29'')');
insert into "SCOTT"."STRESS_AllChars_Child" values (chr(26), chr(30), 'chr(''26'') chr(''30'')');
insert into "SCOTT"."STRESS_AllChars_Child" values (chr(26), chr(31), 'chr(''26'') chr(''31'')');
insert into "SCOTT"."STRESS_AllChars" values (chr(27), 'chr(''27'')');
insert into "SCOTT"."STRESS_AllChars_Child" values (chr(27), chr(22), 'chr(''27'') chr(''22'')');
insert into "SCOTT"."STRESS_AllChars_Child" values (chr(27), chr(23), 'chr(''27'') chr(''23'')');
insert into "SCOTT"."STRESS_AllChars_Child" values (chr(27), chr(24), 'chr(''27'') chr(''24'')');
insert into "SCOTT"."STRESS_AllChars_Child" values (chr(27), chr(25), 'chr(''27'') chr(''25'')');
insert into "SCOTT"."STRESS_AllChars_Child" values (chr(27), chr(26), 'chr(''27'') chr(''26'')');
insert into "SCOTT"."STRESS_AllChars_Child" values (chr(27), chr(27), 'chr(''27'') chr(''27'')');
insert into "SCOTT"."STRESS_AllChars_Child" values (chr(27), chr(28), 'chr(''27'') chr(''28'')');
insert into "SCOTT"."STRESS_AllChars_Child" values (chr(27), chr(29), 'chr(''27'') chr(''29'')');
insert into "SCOTT"."STRESS_AllChars_Child" values (chr(27), chr(30), 'chr(''27'') chr(''30'')');
insert into "SCOTT"."STRESS_AllChars_Child" values (chr(27), chr(31), 'chr(''27'') chr(''31'')');
insert into "SCOTT"."STRESS_AllChars_Child" values (chr(27), chr(32), 'chr(''27'') chr(''32'')');
insert into "SCOTT"."STRESS_AllChars" values (chr(28), 'chr(''28'')');
insert into "SCOTT"."STRESS_AllChars_Child" values (chr(28), chr(23), 'chr(''28'') chr(''23'')');
insert into "SCOTT"."STRESS_AllChars_Child" values (chr(28), chr(24), 'chr(''28'') chr(''24'')');
insert into "SCOTT"."STRESS_AllChars_Child" values (chr(28), chr(25), 'chr(''28'') chr(''25'')');
insert into "SCOTT"."STRESS_AllChars_Child" values (chr(28), chr(26), 'chr(''28'') chr(''26'')');
insert into "SCOTT"."STRESS_AllChars_Child" values (chr(28), chr(27), 'chr(''28'') chr(''27'')');
insert into "SCOTT"."STRESS_AllChars_Child" values (chr(28), chr(28), 'chr(''28'') chr(''28'')');
insert into "SCOTT"."STRESS_AllChars_Child" values (chr(28), chr(29), 'chr(''28'') chr(''29'')');
insert into "SCOTT"."STRESS_AllChars_Child" values (chr(28), chr(30), 'chr(''28'') chr(''30'')');
insert into "SCOTT"."STRESS_AllChars_Child" values (chr(28), chr(31), 'chr(''28'') chr(''31'')');
insert into "SCOTT"."STRESS_AllChars_Child" values (chr(28), chr(32), 'chr(''28'') chr(''32'')');
insert into "SCOTT"."STRESS_AllChars_Child" values (chr(28), chr(33), 'chr(''28'') chr(''33'')');
insert into "SCOTT"."STRESS_AllChars" values (chr(29), 'chr(''29'')');
insert into "SCOTT"."STRESS_AllChars_Child" values (chr(29), chr(24), 'chr(''29'') chr(''24'')');
insert into "SCOTT"."STRESS_AllChars_Child" values (chr(29), chr(25), 'chr(''29'') chr(''25'')');
insert into "SCOTT"."STRESS_AllChars_Child" values (chr(29), chr(26), 'chr(''29'') chr(''26'')');
insert into "SCOTT"."STRESS_AllChars_Child" values (chr(29), chr(27), 'chr(''29'') chr(''27'')');
insert into "SCOTT"."STRESS_AllChars_Child" values (chr(29), chr(28), 'chr(''29'') chr(''28'')');
insert into "SCOTT"."STRESS_AllChars_Child" values (chr(29), chr(29), 'chr(''29'') chr(''29'')');
insert into "SCOTT"."STRESS_AllChars_Child" values (chr(29), chr(30), 'chr(''29'') chr(''30'')');
insert into "SCOTT"."STRESS_AllChars_Child" values (chr(29), chr(31), 'chr(''29'') chr(''31'')');
insert into "SCOTT"."STRESS_AllChars_Child" values (chr(29), chr(32), 'chr(''29'') chr(''32'')');
insert into "SCOTT"."STRESS_AllChars_Child" values (chr(29), chr(33), 'chr(''29'') chr(''33'')');
insert into "SCOTT"."STRESS_AllChars_Child" values (chr(29), chr(34), 'chr(''29'') chr(''34'')');
insert into "SCOTT"."STRESS_AllChars" values (chr(30), 'chr(''30'')');
insert into "SCOTT"."STRESS_AllChars_Child" values (chr(30), chr(25), 'chr(''30'') chr(''25'')');
insert into "SCOTT"."STRESS_AllChars_Child" values (chr(30), chr(26), 'chr(''30'') chr(''26'')');
insert into "SCOTT"."STRESS_AllChars_Child" values (chr(30), chr(27), 'chr(''30'') chr(''27'')');
insert into "SCOTT"."STRESS_AllChars_Child" values (chr(30), chr(28), 'chr(''30'') chr(''28'')');
insert into "SCOTT"."STRESS_AllChars_Child" values (chr(30), chr(29), 'chr(''30'') chr(''29'')');
insert into "SCOTT"."STRESS_AllChars_Child" values (chr(30), chr(30), 'chr(''30'') chr(''30'')');
insert into "SCOTT"."STRESS_AllChars_Child" values (chr(30), chr(31), 'chr(''30'') chr(''31'')');
insert into "SCOTT"."STRESS_AllChars_Child" values (chr(30), chr(32), 'chr(''30'') chr(''32'')');
insert into "SCOTT"."STRESS_AllChars_Child" values (chr(30), chr(33), 'chr(''30'') chr(''33'')');
insert into "SCOTT"."STRESS_AllChars_Child" values (chr(30), chr(34), 'chr(''30'') chr(''34'')');
insert into "SCOTT"."STRESS_AllChars_Child" values (chr(30), chr(35), 'chr(''30'') chr(''35'')');
insert into "SCOTT"."STRESS_AllChars" values (chr(31), 'chr(''31'')');
insert into "SCOTT"."STRESS_AllChars_Child" values (chr(31), chr(26), 'chr(''31'') chr(''26'')');
insert into "SCOTT"."STRESS_AllChars_Child" values (chr(31), chr(27), 'chr(''31'') chr(''27'')');
insert into "SCOTT"."STRESS_AllChars_Child" values (chr(31), chr(28), 'chr(''31'') chr(''28'')');
insert into "SCOTT"."STRESS_AllChars_Child" values (chr(31), chr(29), 'chr(''31'') chr(''29'')');
insert into "SCOTT"."STRESS_AllChars_Child" values (chr(31), chr(30), 'chr(''31'') chr(''30'')');
insert into "SCOTT"."STRESS_AllChars_Child" values (chr(31), chr(31), 'chr(''31'') chr(''31'')');
insert into "SCOTT"."STRESS_AllChars_Child" values (chr(31), chr(32), 'chr(''31'') chr(''32'')');
insert into "SCOTT"."STRESS_AllChars_Child" values (chr(31), chr(33), 'chr(''31'') chr(''33'')');
insert into "SCOTT"."STRESS_AllChars_Child" values (chr(31), chr(34), 'chr(''31'') chr(''34'')');
insert into "SCOTT"."STRESS_AllChars_Child" values (chr(31), chr(35), 'chr(''31'') chr(''35'')');
insert into "SCOTT"."STRESS_AllChars_Child" values (chr(31), chr(36), 'chr(''31'') chr(''36'')');
insert into "SCOTT"."STRESS_AllChars" values (chr(32), 'chr(''32'')');
insert into "SCOTT"."STRESS_AllChars_Child" values (chr(32), chr(27), 'chr(''32'') chr(''27'')');
insert into "SCOTT"."STRESS_AllChars_Child" values (chr(32), chr(28), 'chr(''32'') chr(''28'')');
insert into "SCOTT"."STRESS_AllChars_Child" values (chr(32), chr(29), 'chr(''32'') chr(''29'')');
insert into "SCOTT"."STRESS_AllChars_Child" values (chr(32), chr(30), 'chr(''32'') chr(''30'')');
insert into "SCOTT"."STRESS_AllChars_Child" values (chr(32), chr(31), 'chr(''32'') chr(''31'')');
insert into "SCOTT"."STRESS_AllChars_Child" values (chr(32), chr(32), 'chr(''32'') chr(''32'')');
insert into "SCOTT"."STRESS_AllChars_Child" values (chr(32), chr(33), 'chr(''32'') chr(''33'')');
insert into "SCOTT"."STRESS_AllChars_Child" values (chr(32), chr(34), 'chr(''32'') chr(''34'')');
insert into "SCOTT"."STRESS_AllChars_Child" values (chr(32), chr(35), 'chr(''32'') chr(''35'')');
insert into "SCOTT"."STRESS_AllChars_Child" values (chr(32), chr(36), 'chr(''32'') chr(''36'')');
insert into "SCOTT"."STRESS_AllChars_Child" values (chr(32), chr(37), 'chr(''32'') chr(''37'')');
insert into "SCOTT"."STRESS_AllChars" values (chr(33), 'chr(''33'')');
insert into "SCOTT"."STRESS_AllChars_Child" values (chr(33), chr(28), 'chr(''33'') chr(''28'')');
insert into "SCOTT"."STRESS_AllChars_Child" values (chr(33), chr(29), 'chr(''33'') chr(''29'')');
insert into "SCOTT"."STRESS_AllChars_Child" values (chr(33), chr(30), 'chr(''33'') chr(''30'')');
insert into "SCOTT"."STRESS_AllChars_Child" values (chr(33), chr(31), 'chr(''33'') chr(''31'')');
insert into "SCOTT"."STRESS_AllChars_Child" values (chr(33), chr(32), 'chr(''33'') chr(''32'')');
insert into "SCOTT"."STRESS_AllChars_Child" values (chr(33), chr(33), 'chr(''33'') chr(''33'')');
insert into "SCOTT"."STRESS_AllChars_Child" values (chr(33), chr(34), 'chr(''33'') chr(''34'')');
insert into "SCOTT"."STRESS_AllChars_Child" values (chr(33), chr(35), 'chr(''33'') chr(''35'')');
insert into "SCOTT"."STRESS_AllChars_Child" values (chr(33), chr(36), 'chr(''33'') chr(''36'')');
insert into "SCOTT"."STRESS_AllChars_Child" values (chr(33), chr(37), 'chr(''33'') chr(''37'')');
insert into "SCOTT"."STRESS_AllChars_Child" values (chr(33), chr(38), 'chr(''33'') chr(''38'')');
insert into "SCOTT"."STRESS_AllChars" values (chr(34), 'chr(''34'')');
insert into "SCOTT"."STRESS_AllChars_Child" values (chr(34), chr(29), 'chr(''34'') chr(''29'')');
insert into "SCOTT"."STRESS_AllChars_Child" values (chr(34), chr(30), 'chr(''34'') chr(''30'')');
insert into "SCOTT"."STRESS_AllChars_Child" values (chr(34), chr(31), 'chr(''34'') chr(''31'')');
insert into "SCOTT"."STRESS_AllChars_Child" values (chr(34), chr(32), 'chr(''34'') chr(''32'')');
insert into "SCOTT"."STRESS_AllChars_Child" values (chr(34), chr(33), 'chr(''34'') chr(''33'')');
insert into "SCOTT"."STRESS_AllChars_Child" values (chr(34), chr(34), 'chr(''34'') chr(''34'')');
insert into "SCOTT"."STRESS_AllChars_Child" values (chr(34), chr(35), 'chr(''34'') chr(''35'')');
insert into "SCOTT"."STRESS_AllChars_Child" values (chr(34), chr(36), 'chr(''34'') chr(''36'')');
insert into "SCOTT"."STRESS_AllChars_Child" values (chr(34), chr(37), 'chr(''34'') chr(''37'')');
insert into "SCOTT"."STRESS_AllChars_Child" values (chr(34), chr(38), 'chr(''34'') chr(''38'')');
insert into "SCOTT"."STRESS_AllChars_Child" values (chr(34), chr(39), 'chr(''34'') chr(''39'')');
insert into "SCOTT"."STRESS_AllChars" values (chr(35), 'chr(''35'')');
insert into "SCOTT"."STRESS_AllChars_Child" values (chr(35), chr(30), 'chr(''35'') chr(''30'')');
insert into "SCOTT"."STRESS_AllChars_Child" values (chr(35), chr(31), 'chr(''35'') chr(''31'')');
insert into "SCOTT"."STRESS_AllChars_Child" values (chr(35), chr(32), 'chr(''35'') chr(''32'')');
insert into "SCOTT"."STRESS_AllChars_Child" values (chr(35), chr(33), 'chr(''35'') chr(''33'')');
insert into "SCOTT"."STRESS_AllChars_Child" values (chr(35), chr(34), 'chr(''35'') chr(''34'')');
insert into "SCOTT"."STRESS_AllChars_Child" values (chr(35), chr(35), 'chr(''35'') chr(''35'')');
insert into "SCOTT"."STRESS_AllChars_Child" values (chr(35), chr(36), 'chr(''35'') chr(''36'')');
insert into "SCOTT"."STRESS_AllChars_Child" values (chr(35), chr(37), 'chr(''35'') chr(''37'')');
insert into "SCOTT"."STRESS_AllChars_Child" values (chr(35), chr(38), 'chr(''35'') chr(''38'')');
insert into "SCOTT"."STRESS_AllChars_Child" values (chr(35), chr(39), 'chr(''35'') chr(''39'')');
insert into "SCOTT"."STRESS_AllChars_Child" values (chr(35), chr(40), 'chr(''35'') chr(''40'')');
insert into "SCOTT"."STRESS_AllChars" values (chr(36), 'chr(''36'')');
insert into "SCOTT"."STRESS_AllChars_Child" values (chr(36), chr(31), 'chr(''36'') chr(''31'')');
insert into "SCOTT"."STRESS_AllChars_Child" values (chr(36), chr(32), 'chr(''36'') chr(''32'')');
insert into "SCOTT"."STRESS_AllChars_Child" values (chr(36), chr(33), 'chr(''36'') chr(''33'')');
insert into "SCOTT"."STRESS_AllChars_Child" values (chr(36), chr(34), 'chr(''36'') chr(''34'')');
insert into "SCOTT"."STRESS_AllChars_Child" values (chr(36), chr(35), 'chr(''36'') chr(''35'')');
insert into "SCOTT"."STRESS_AllChars_Child" values (chr(36), chr(36), 'chr(''36'') chr(''36'')');
insert into "SCOTT"."STRESS_AllChars_Child" values (chr(36), chr(37), 'chr(''36'') chr(''37'')');
insert into "SCOTT"."STRESS_AllChars_Child" values (chr(36), chr(38), 'chr(''36'') chr(''38'')');
insert into "SCOTT"."STRESS_AllChars_Child" values (chr(36), chr(39), 'chr(''36'') chr(''39'')');
insert into "SCOTT"."STRESS_AllChars_Child" values (chr(36), chr(40), 'chr(''36'') chr(''40'')');
insert into "SCOTT"."STRESS_AllChars_Child" values (chr(36), chr(41), 'chr(''36'') chr(''41'')');
insert into "SCOTT"."STRESS_AllChars" values (chr(37), 'chr(''37'')');
insert into "SCOTT"."STRESS_AllChars_Child" values (chr(37), chr(32), 'chr(''37'') chr(''32'')');
insert into "SCOTT"."STRESS_AllChars_Child" values (chr(37), chr(33), 'chr(''37'') chr(''33'')');
insert into "SCOTT"."STRESS_AllChars_Child" values (chr(37), chr(34), 'chr(''37'') chr(''34'')');
insert into "SCOTT"."STRESS_AllChars_Child" values (chr(37), chr(35), 'chr(''37'') chr(''35'')');
insert into "SCOTT"."STRESS_AllChars_Child" values (chr(37), chr(36), 'chr(''37'') chr(''36'')');
insert into "SCOTT"."STRESS_AllChars_Child" values (chr(37), chr(37), 'chr(''37'') chr(''37'')');
insert into "SCOTT"."STRESS_AllChars_Child" values (chr(37), chr(38), 'chr(''37'') chr(''38'')');
insert into "SCOTT"."STRESS_AllChars_Child" values (chr(37), chr(39), 'chr(''37'') chr(''39'')');
insert into "SCOTT"."STRESS_AllChars_Child" values (chr(37), chr(40), 'chr(''37'') chr(''40'')');
insert into "SCOTT"."STRESS_AllChars_Child" values (chr(37), chr(41), 'chr(''37'') chr(''41'')');
insert into "SCOTT"."STRESS_AllChars_Child" values (chr(37), chr(42), 'chr(''37'') chr(''42'')');
insert into "SCOTT"."STRESS_AllChars" values (chr(38), 'chr(''38'')');
insert into "SCOTT"."STRESS_AllChars_Child" values (chr(38), chr(33), 'chr(''38'') chr(''33'')');
insert into "SCOTT"."STRESS_AllChars_Child" values (chr(38), chr(34), 'chr(''38'') chr(''34'')');
insert into "SCOTT"."STRESS_AllChars_Child" values (chr(38), chr(35), 'chr(''38'') chr(''35'')');
insert into "SCOTT"."STRESS_AllChars_Child" values (chr(38), chr(36), 'chr(''38'') chr(''36'')');
insert into "SCOTT"."STRESS_AllChars_Child" values (chr(38), chr(37), 'chr(''38'') chr(''37'')');
insert into "SCOTT"."STRESS_AllChars_Child" values (chr(38), chr(38), 'chr(''38'') chr(''38'')');
insert into "SCOTT"."STRESS_AllChars_Child" values (chr(38), chr(39), 'chr(''38'') chr(''39'')');
insert into "SCOTT"."STRESS_AllChars_Child" values (chr(38), chr(40), 'chr(''38'') chr(''40'')');
insert into "SCOTT"."STRESS_AllChars_Child" values (chr(38), chr(41), 'chr(''38'') chr(''41'')');
insert into "SCOTT"."STRESS_AllChars_Child" values (chr(38), chr(42), 'chr(''38'') chr(''42'')');
insert into "SCOTT"."STRESS_AllChars_Child" values (chr(38), chr(43), 'chr(''38'') chr(''43'')');
insert into "SCOTT"."STRESS_AllChars" values (chr(39), 'chr(''39'')');
insert into "SCOTT"."STRESS_AllChars_Child" values (chr(39), chr(34), 'chr(''39'') chr(''34'')');
insert into "SCOTT"."STRESS_AllChars_Child" values (chr(39), chr(35), 'chr(''39'') chr(''35'')');
insert into "SCOTT"."STRESS_AllChars_Child" values (chr(39), chr(36), 'chr(''39'') chr(''36'')');
insert into "SCOTT"."STRESS_AllChars_Child" values (chr(39), chr(37), 'chr(''39'') chr(''37'')');
insert into "SCOTT"."STRESS_AllChars_Child" values (chr(39), chr(38), 'chr(''39'') chr(''38'')');
insert into "SCOTT"."STRESS_AllChars_Child" values (chr(39), chr(39), 'chr(''39'') chr(''39'')');
insert into "SCOTT"."STRESS_AllChars_Child" values (chr(39), chr(40), 'chr(''39'') chr(''40'')');
insert into "SCOTT"."STRESS_AllChars_Child" values (chr(39), chr(41), 'chr(''39'') chr(''41'')');
insert into "SCOTT"."STRESS_AllChars_Child" values (chr(39), chr(42), 'chr(''39'') chr(''42'')');
insert into "SCOTT"."STRESS_AllChars_Child" values (chr(39), chr(43), 'chr(''39'') chr(''43'')');
insert into "SCOTT"."STRESS_AllChars_Child" values (chr(39), chr(44), 'chr(''39'') chr(''44'')');
insert into "SCOTT"."STRESS_AllChars" values (chr(40), 'chr(''40'')');
insert into "SCOTT"."STRESS_AllChars_Child" values (chr(40), chr(35), 'chr(''40'') chr(''35'')');
insert into "SCOTT"."STRESS_AllChars_Child" values (chr(40), chr(36), 'chr(''40'') chr(''36'')');
insert into "SCOTT"."STRESS_AllChars_Child" values (chr(40), chr(37), 'chr(''40'') chr(''37'')');
insert into "SCOTT"."STRESS_AllChars_Child" values (chr(40), chr(38), 'chr(''40'') chr(''38'')');
insert into "SCOTT"."STRESS_AllChars_Child" values (chr(40), chr(39), 'chr(''40'') chr(''39'')');
insert into "SCOTT"."STRESS_AllChars_Child" values (chr(40), chr(40), 'chr(''40'') chr(''40'')');
insert into "SCOTT"."STRESS_AllChars_Child" values (chr(40), chr(41), 'chr(''40'') chr(''41'')');
insert into "SCOTT"."STRESS_AllChars_Child" values (chr(40), chr(42), 'chr(''40'') chr(''42'')');
insert into "SCOTT"."STRESS_AllChars_Child" values (chr(40), chr(43), 'chr(''40'') chr(''43'')');
insert into "SCOTT"."STRESS_AllChars_Child" values (chr(40), chr(44), 'chr(''40'') chr(''44'')');
insert into "SCOTT"."STRESS_AllChars_Child" values (chr(40), chr(45), 'chr(''40'') chr(''45'')');
insert into "SCOTT"."STRESS_AllChars" values (chr(41), 'chr(''41'')');
insert into "SCOTT"."STRESS_AllChars_Child" values (chr(41), chr(36), 'chr(''41'') chr(''36'')');
insert into "SCOTT"."STRESS_AllChars_Child" values (chr(41), chr(37), 'chr(''41'') chr(''37'')');
insert into "SCOTT"."STRESS_AllChars_Child" values (chr(41), chr(38), 'chr(''41'') chr(''38'')');
insert into "SCOTT"."STRESS_AllChars_Child" values (chr(41), chr(39), 'chr(''41'') chr(''39'')');
insert into "SCOTT"."STRESS_AllChars_Child" values (chr(41), chr(40), 'chr(''41'') chr(''40'')');
insert into "SCOTT"."STRESS_AllChars_Child" values (chr(41), chr(41), 'chr(''41'') chr(''41'')');
insert into "SCOTT"."STRESS_AllChars_Child" values (chr(41), chr(42), 'chr(''41'') chr(''42'')');
insert into "SCOTT"."STRESS_AllChars_Child" values (chr(41), chr(43), 'chr(''41'') chr(''43'')');
insert into "SCOTT"."STRESS_AllChars_Child" values (chr(41), chr(44), 'chr(''41'') chr(''44'')');
insert into "SCOTT"."STRESS_AllChars_Child" values (chr(41), chr(45), 'chr(''41'') chr(''45'')');
insert into "SCOTT"."STRESS_AllChars_Child" values (chr(41), chr(46), 'chr(''41'') chr(''46'')');
insert into "SCOTT"."STRESS_AllChars" values (chr(42), 'chr(''42'')');
insert into "SCOTT"."STRESS_AllChars_Child" values (chr(42), chr(37), 'chr(''42'') chr(''37'')');
insert into "SCOTT"."STRESS_AllChars_Child" values (chr(42), chr(38), 'chr(''42'') chr(''38'')');
insert into "SCOTT"."STRESS_AllChars_Child" values (chr(42), chr(39), 'chr(''42'') chr(''39'')');
insert into "SCOTT"."STRESS_AllChars_Child" values (chr(42), chr(40), 'chr(''42'') chr(''40'')');
insert into "SCOTT"."STRESS_AllChars_Child" values (chr(42), chr(41), 'chr(''42'') chr(''41'')');
insert into "SCOTT"."STRESS_AllChars_Child" values (chr(42), chr(42), 'chr(''42'') chr(''42'')');
insert into "SCOTT"."STRESS_AllChars_Child" values (chr(42), chr(43), 'chr(''42'') chr(''43'')');
insert into "SCOTT"."STRESS_AllChars_Child" values (chr(42), chr(44), 'chr(''42'') chr(''44'')');
insert into "SCOTT"."STRESS_AllChars_Child" values (chr(42), chr(45), 'chr(''42'') chr(''45'')');
insert into "SCOTT"."STRESS_AllChars_Child" values (chr(42), chr(46), 'chr(''42'') chr(''46'')');
insert into "SCOTT"."STRESS_AllChars_Child" values (chr(42), chr(47), 'chr(''42'') chr(''47'')');
insert into "SCOTT"."STRESS_AllChars" values (chr(43), 'chr(''43'')');
insert into "SCOTT"."STRESS_AllChars_Child" values (chr(43), chr(38), 'chr(''43'') chr(''38'')');
insert into "SCOTT"."STRESS_AllChars_Child" values (chr(43), chr(39), 'chr(''43'') chr(''39'')');
insert into "SCOTT"."STRESS_AllChars_Child" values (chr(43), chr(40), 'chr(''43'') chr(''40'')');
insert into "SCOTT"."STRESS_AllChars_Child" values (chr(43), chr(41), 'chr(''43'') chr(''41'')');
insert into "SCOTT"."STRESS_AllChars_Child" values (chr(43), chr(42), 'chr(''43'') chr(''42'')');
insert into "SCOTT"."STRESS_AllChars_Child" values (chr(43), chr(43), 'chr(''43'') chr(''43'')');
insert into "SCOTT"."STRESS_AllChars_Child" values (chr(43), chr(44), 'chr(''43'') chr(''44'')');
insert into "SCOTT"."STRESS_AllChars_Child" values (chr(43), chr(45), 'chr(''43'') chr(''45'')');
insert into "SCOTT"."STRESS_AllChars_Child" values (chr(43), chr(46), 'chr(''43'') chr(''46'')');
insert into "SCOTT"."STRESS_AllChars_Child" values (chr(43), chr(47), 'chr(''43'') chr(''47'')');
insert into "SCOTT"."STRESS_AllChars_Child" values (chr(43), chr(48), 'chr(''43'') chr(''48'')');
insert into "SCOTT"."STRESS_AllChars" values (chr(44), 'chr(''44'')');
insert into "SCOTT"."STRESS_AllChars_Child" values (chr(44), chr(39), 'chr(''44'') chr(''39'')');
insert into "SCOTT"."STRESS_AllChars_Child" values (chr(44), chr(40), 'chr(''44'') chr(''40'')');
insert into "SCOTT"."STRESS_AllChars_Child" values (chr(44), chr(41), 'chr(''44'') chr(''41'')');
insert into "SCOTT"."STRESS_AllChars_Child" values (chr(44), chr(42), 'chr(''44'') chr(''42'')');
insert into "SCOTT"."STRESS_AllChars_Child" values (chr(44), chr(43), 'chr(''44'') chr(''43'')');
insert into "SCOTT"."STRESS_AllChars_Child" values (chr(44), chr(44), 'chr(''44'') chr(''44'')');
insert into "SCOTT"."STRESS_AllChars_Child" values (chr(44), chr(45), 'chr(''44'') chr(''45'')');
insert into "SCOTT"."STRESS_AllChars_Child" values (chr(44), chr(46), 'chr(''44'') chr(''46'')');
insert into "SCOTT"."STRESS_AllChars_Child" values (chr(44), chr(47), 'chr(''44'') chr(''47'')');
insert into "SCOTT"."STRESS_AllChars_Child" values (chr(44), chr(48), 'chr(''44'') chr(''48'')');
insert into "SCOTT"."STRESS_AllChars_Child" values (chr(44), chr(49), 'chr(''44'') chr(''49'')');
insert into "SCOTT"."STRESS_AllChars" values (chr(45), 'chr(''45'')');
insert into "SCOTT"."STRESS_AllChars_Child" values (chr(45), chr(40), 'chr(''45'') chr(''40'')');
insert into "SCOTT"."STRESS_AllChars_Child" values (chr(45), chr(41), 'chr(''45'') chr(''41'')');
insert into "SCOTT"."STRESS_AllChars_Child" values (chr(45), chr(42), 'chr(''45'') chr(''42'')');
insert into "SCOTT"."STRESS_AllChars_Child" values (chr(45), chr(43), 'chr(''45'') chr(''43'')');
insert into "SCOTT"."STRESS_AllChars_Child" values (chr(45), chr(44), 'chr(''45'') chr(''44'')');
insert into "SCOTT"."STRESS_AllChars_Child" values (chr(45), chr(45), 'chr(''45'') chr(''45'')');
insert into "SCOTT"."STRESS_AllChars_Child" values (chr(45), chr(46), 'chr(''45'') chr(''46'')');
insert into "SCOTT"."STRESS_AllChars_Child" values (chr(45), chr(47), 'chr(''45'') chr(''47'')');
insert into "SCOTT"."STRESS_AllChars_Child" values (chr(45), chr(48), 'chr(''45'') chr(''48'')');
insert into "SCOTT"."STRESS_AllChars_Child" values (chr(45), chr(49), 'chr(''45'') chr(''49'')');
insert into "SCOTT"."STRESS_AllChars_Child" values (chr(45), chr(50), 'chr(''45'') chr(''50'')');
insert into "SCOTT"."STRESS_AllChars" values (chr(46), 'chr(''46'')');
insert into "SCOTT"."STRESS_AllChars_Child" values (chr(46), chr(41), 'chr(''46'') chr(''41'')');
insert into "SCOTT"."STRESS_AllChars_Child" values (chr(46), chr(42), 'chr(''46'') chr(''42'')');
insert into "SCOTT"."STRESS_AllChars_Child" values (chr(46), chr(43), 'chr(''46'') chr(''43'')');
insert into "SCOTT"."STRESS_AllChars_Child" values (chr(46), chr(44), 'chr(''46'') chr(''44'')');
insert into "SCOTT"."STRESS_AllChars_Child" values (chr(46), chr(45), 'chr(''46'') chr(''45'')');
insert into "SCOTT"."STRESS_AllChars_Child" values (chr(46), chr(46), 'chr(''46'') chr(''46'')');
insert into "SCOTT"."STRESS_AllChars_Child" values (chr(46), chr(47), 'chr(''46'') chr(''47'')');
insert into "SCOTT"."STRESS_AllChars_Child" values (chr(46), chr(48), 'chr(''46'') chr(''48'')');
insert into "SCOTT"."STRESS_AllChars_Child" values (chr(46), chr(49), 'chr(''46'') chr(''49'')');
insert into "SCOTT"."STRESS_AllChars_Child" values (chr(46), chr(50), 'chr(''46'') chr(''50'')');
insert into "SCOTT"."STRESS_AllChars_Child" values (chr(46), chr(51), 'chr(''46'') chr(''51'')');
insert into "SCOTT"."STRESS_AllChars" values (chr(47), 'chr(''47'')');
insert into "SCOTT"."STRESS_AllChars_Child" values (chr(47), chr(42), 'chr(''47'') chr(''42'')');
insert into "SCOTT"."STRESS_AllChars_Child" values (chr(47), chr(43), 'chr(''47'') chr(''43'')');
insert into "SCOTT"."STRESS_AllChars_Child" values (chr(47), chr(44), 'chr(''47'') chr(''44'')');
insert into "SCOTT"."STRESS_AllChars_Child" values (chr(47), chr(45), 'chr(''47'') chr(''45'')');
insert into "SCOTT"."STRESS_AllChars_Child" values (chr(47), chr(46), 'chr(''47'') chr(''46'')');
insert into "SCOTT"."STRESS_AllChars_Child" values (chr(47), chr(47), 'chr(''47'') chr(''47'')');
insert into "SCOTT"."STRESS_AllChars_Child" values (chr(47), chr(48), 'chr(''47'') chr(''48'')');
insert into "SCOTT"."STRESS_AllChars_Child" values (chr(47), chr(49), 'chr(''47'') chr(''49'')');
insert into "SCOTT"."STRESS_AllChars_Child" values (chr(47), chr(50), 'chr(''47'') chr(''50'')');
insert into "SCOTT"."STRESS_AllChars_Child" values (chr(47), chr(51), 'chr(''47'') chr(''51'')');
insert into "SCOTT"."STRESS_AllChars_Child" values (chr(47), chr(52), 'chr(''47'') chr(''52'')');
insert into "SCOTT"."STRESS_AllChars" values (chr(48), 'chr(''48'')');
insert into "SCOTT"."STRESS_AllChars_Child" values (chr(48), chr(43), 'chr(''48'') chr(''43'')');
insert into "SCOTT"."STRESS_AllChars_Child" values (chr(48), chr(44), 'chr(''48'') chr(''44'')');
insert into "SCOTT"."STRESS_AllChars_Child" values (chr(48), chr(45), 'chr(''48'') chr(''45'')');
insert into "SCOTT"."STRESS_AllChars_Child" values (chr(48), chr(46), 'chr(''48'') chr(''46'')');
insert into "SCOTT"."STRESS_AllChars_Child" values (chr(48), chr(47), 'chr(''48'') chr(''47'')');
insert into "SCOTT"."STRESS_AllChars_Child" values (chr(48), chr(48), 'chr(''48'') chr(''48'')');
insert into "SCOTT"."STRESS_AllChars_Child" values (chr(48), chr(49), 'chr(''48'') chr(''49'')');
insert into "SCOTT"."STRESS_AllChars_Child" values (chr(48), chr(50), 'chr(''48'') chr(''50'')');
insert into "SCOTT"."STRESS_AllChars_Child" values (chr(48), chr(51), 'chr(''48'') chr(''51'')');
insert into "SCOTT"."STRESS_AllChars_Child" values (chr(48), chr(52), 'chr(''48'') chr(''52'')');
insert into "SCOTT"."STRESS_AllChars_Child" values (chr(48), chr(53), 'chr(''48'') chr(''53'')');
insert into "SCOTT"."STRESS_AllChars" values (chr(49), 'chr(''49'')');
insert into "SCOTT"."STRESS_AllChars_Child" values (chr(49), chr(44), 'chr(''49'') chr(''44'')');
insert into "SCOTT"."STRESS_AllChars_Child" values (chr(49), chr(45), 'chr(''49'') chr(''45'')');
insert into "SCOTT"."STRESS_AllChars_Child" values (chr(49), chr(46), 'chr(''49'') chr(''46'')');
insert into "SCOTT"."STRESS_AllChars_Child" values (chr(49), chr(47), 'chr(''49'') chr(''47'')');
insert into "SCOTT"."STRESS_AllChars_Child" values (chr(49), chr(48), 'chr(''49'') chr(''48'')');
insert into "SCOTT"."STRESS_AllChars_Child" values (chr(49), chr(49), 'chr(''49'') chr(''49'')');
insert into "SCOTT"."STRESS_AllChars_Child" values (chr(49), chr(50), 'chr(''49'') chr(''50'')');
insert into "SCOTT"."STRESS_AllChars_Child" values (chr(49), chr(51), 'chr(''49'') chr(''51'')');
insert into "SCOTT"."STRESS_AllChars_Child" values (chr(49), chr(52), 'chr(''49'') chr(''52'')');
insert into "SCOTT"."STRESS_AllChars_Child" values (chr(49), chr(53), 'chr(''49'') chr(''53'')');
insert into "SCOTT"."STRESS_AllChars_Child" values (chr(49), chr(54), 'chr(''49'') chr(''54'')');
insert into "SCOTT"."STRESS_AllChars" values (chr(50), 'chr(''50'')');
insert into "SCOTT"."STRESS_AllChars_Child" values (chr(50), chr(45), 'chr(''50'') chr(''45'')');
insert into "SCOTT"."STRESS_AllChars_Child" values (chr(50), chr(46), 'chr(''50'') chr(''46'')');
insert into "SCOTT"."STRESS_AllChars_Child" values (chr(50), chr(47), 'chr(''50'') chr(''47'')');
insert into "SCOTT"."STRESS_AllChars_Child" values (chr(50), chr(48), 'chr(''50'') chr(''48'')');
insert into "SCOTT"."STRESS_AllChars_Child" values (chr(50), chr(49), 'chr(''50'') chr(''49'')');
insert into "SCOTT"."STRESS_AllChars_Child" values (chr(50), chr(50), 'chr(''50'') chr(''50'')');
insert into "SCOTT"."STRESS_AllChars_Child" values (chr(50), chr(51), 'chr(''50'') chr(''51'')');
insert into "SCOTT"."STRESS_AllChars_Child" values (chr(50), chr(52), 'chr(''50'') chr(''52'')');
insert into "SCOTT"."STRESS_AllChars_Child" values (chr(50), chr(53), 'chr(''50'') chr(''53'')');
insert into "SCOTT"."STRESS_AllChars_Child" values (chr(50), chr(54), 'chr(''50'') chr(''54'')');
insert into "SCOTT"."STRESS_AllChars_Child" values (chr(50), chr(55), 'chr(''50'') chr(''55'')');
insert into "SCOTT"."STRESS_AllChars" values (chr(51), 'chr(''51'')');
insert into "SCOTT"."STRESS_AllChars_Child" values (chr(51), chr(46), 'chr(''51'') chr(''46'')');
insert into "SCOTT"."STRESS_AllChars_Child" values (chr(51), chr(47), 'chr(''51'') chr(''47'')');
insert into "SCOTT"."STRESS_AllChars_Child" values (chr(51), chr(48), 'chr(''51'') chr(''48'')');
insert into "SCOTT"."STRESS_AllChars_Child" values (chr(51), chr(49), 'chr(''51'') chr(''49'')');
insert into "SCOTT"."STRESS_AllChars_Child" values (chr(51), chr(50), 'chr(''51'') chr(''50'')');
insert into "SCOTT"."STRESS_AllChars_Child" values (chr(51), chr(51), 'chr(''51'') chr(''51'')');
insert into "SCOTT"."STRESS_AllChars_Child" values (chr(51), chr(52), 'chr(''51'') chr(''52'')');
insert into "SCOTT"."STRESS_AllChars_Child" values (chr(51), chr(53), 'chr(''51'') chr(''53'')');
insert into "SCOTT"."STRESS_AllChars_Child" values (chr(51), chr(54), 'chr(''51'') chr(''54'')');
insert into "SCOTT"."STRESS_AllChars_Child" values (chr(51), chr(55), 'chr(''51'') chr(''55'')');
insert into "SCOTT"."STRESS_AllChars_Child" values (chr(51), chr(56), 'chr(''51'') chr(''56'')');
insert into "SCOTT"."STRESS_AllChars" values (chr(52), 'chr(''52'')');
insert into "SCOTT"."STRESS_AllChars_Child" values (chr(52), chr(47), 'chr(''52'') chr(''47'')');
insert into "SCOTT"."STRESS_AllChars_Child" values (chr(52), chr(48), 'chr(''52'') chr(''48'')');
insert into "SCOTT"."STRESS_AllChars_Child" values (chr(52), chr(49), 'chr(''52'') chr(''49'')');
insert into "SCOTT"."STRESS_AllChars_Child" values (chr(52), chr(50), 'chr(''52'') chr(''50'')');
insert into "SCOTT"."STRESS_AllChars_Child" values (chr(52), chr(51), 'chr(''52'') chr(''51'')');
insert into "SCOTT"."STRESS_AllChars_Child" values (chr(52), chr(52), 'chr(''52'') chr(''52'')');
insert into "SCOTT"."STRESS_AllChars_Child" values (chr(52), chr(53), 'chr(''52'') chr(''53'')');
insert into "SCOTT"."STRESS_AllChars_Child" values (chr(52), chr(54), 'chr(''52'') chr(''54'')');
insert into "SCOTT"."STRESS_AllChars_Child" values (chr(52), chr(55), 'chr(''52'') chr(''55'')');
insert into "SCOTT"."STRESS_AllChars_Child" values (chr(52), chr(56), 'chr(''52'') chr(''56'')');
insert into "SCOTT"."STRESS_AllChars_Child" values (chr(52), chr(57), 'chr(''52'') chr(''57'')');
insert into "SCOTT"."STRESS_AllChars" values (chr(53), 'chr(''53'')');
insert into "SCOTT"."STRESS_AllChars_Child" values (chr(53), chr(48), 'chr(''53'') chr(''48'')');
insert into "SCOTT"."STRESS_AllChars_Child" values (chr(53), chr(49), 'chr(''53'') chr(''49'')');
insert into "SCOTT"."STRESS_AllChars_Child" values (chr(53), chr(50), 'chr(''53'') chr(''50'')');
insert into "SCOTT"."STRESS_AllChars_Child" values (chr(53), chr(51), 'chr(''53'') chr(''51'')');
insert into "SCOTT"."STRESS_AllChars_Child" values (chr(53), chr(52), 'chr(''53'') chr(''52'')');
insert into "SCOTT"."STRESS_AllChars_Child" values (chr(53), chr(53), 'chr(''53'') chr(''53'')');
insert into "SCOTT"."STRESS_AllChars_Child" values (chr(53), chr(54), 'chr(''53'') chr(''54'')');
insert into "SCOTT"."STRESS_AllChars_Child" values (chr(53), chr(55), 'chr(''53'') chr(''55'')');
insert into "SCOTT"."STRESS_AllChars_Child" values (chr(53), chr(56), 'chr(''53'') chr(''56'')');
insert into "SCOTT"."STRESS_AllChars_Child" values (chr(53), chr(57), 'chr(''53'') chr(''57'')');
insert into "SCOTT"."STRESS_AllChars_Child" values (chr(53), chr(58), 'chr(''53'') chr(''58'')');
insert into "SCOTT"."STRESS_AllChars" values (chr(54), 'chr(''54'')');
insert into "SCOTT"."STRESS_AllChars_Child" values (chr(54), chr(49), 'chr(''54'') chr(''49'')');
insert into "SCOTT"."STRESS_AllChars_Child" values (chr(54), chr(50), 'chr(''54'') chr(''50'')');
insert into "SCOTT"."STRESS_AllChars_Child" values (chr(54), chr(51), 'chr(''54'') chr(''51'')');
insert into "SCOTT"."STRESS_AllChars_Child" values (chr(54), chr(52), 'chr(''54'') chr(''52'')');
insert into "SCOTT"."STRESS_AllChars_Child" values (chr(54), chr(53), 'chr(''54'') chr(''53'')');
insert into "SCOTT"."STRESS_AllChars_Child" values (chr(54), chr(54), 'chr(''54'') chr(''54'')');
insert into "SCOTT"."STRESS_AllChars_Child" values (chr(54), chr(55), 'chr(''54'') chr(''55'')');
insert into "SCOTT"."STRESS_AllChars_Child" values (chr(54), chr(56), 'chr(''54'') chr(''56'')');
insert into "SCOTT"."STRESS_AllChars_Child" values (chr(54), chr(57), 'chr(''54'') chr(''57'')');
insert into "SCOTT"."STRESS_AllChars_Child" values (chr(54), chr(58), 'chr(''54'') chr(''58'')');
insert into "SCOTT"."STRESS_AllChars_Child" values (chr(54), chr(59), 'chr(''54'') chr(''59'')');
insert into "SCOTT"."STRESS_AllChars" values (chr(55), 'chr(''55'')');
insert into "SCOTT"."STRESS_AllChars_Child" values (chr(55), chr(50), 'chr(''55'') chr(''50'')');
insert into "SCOTT"."STRESS_AllChars_Child" values (chr(55), chr(51), 'chr(''55'') chr(''51'')');
insert into "SCOTT"."STRESS_AllChars_Child" values (chr(55), chr(52), 'chr(''55'') chr(''52'')');
insert into "SCOTT"."STRESS_AllChars_Child" values (chr(55), chr(53), 'chr(''55'') chr(''53'')');
insert into "SCOTT"."STRESS_AllChars_Child" values (chr(55), chr(54), 'chr(''55'') chr(''54'')');
insert into "SCOTT"."STRESS_AllChars_Child" values (chr(55), chr(55), 'chr(''55'') chr(''55'')');
insert into "SCOTT"."STRESS_AllChars_Child" values (chr(55), chr(56), 'chr(''55'') chr(''56'')');
insert into "SCOTT"."STRESS_AllChars_Child" values (chr(55), chr(57), 'chr(''55'') chr(''57'')');
insert into "SCOTT"."STRESS_AllChars_Child" values (chr(55), chr(58), 'chr(''55'') chr(''58'')');
insert into "SCOTT"."STRESS_AllChars_Child" values (chr(55), chr(59), 'chr(''55'') chr(''59'')');
insert into "SCOTT"."STRESS_AllChars_Child" values (chr(55), chr(60), 'chr(''55'') chr(''60'')');
insert into "SCOTT"."STRESS_AllChars" values (chr(56), 'chr(''56'')');
insert into "SCOTT"."STRESS_AllChars_Child" values (chr(56), chr(51), 'chr(''56'') chr(''51'')');
insert into "SCOTT"."STRESS_AllChars_Child" values (chr(56), chr(52), 'chr(''56'') chr(''52'')');
insert into "SCOTT"."STRESS_AllChars_Child" values (chr(56), chr(53), 'chr(''56'') chr(''53'')');
insert into "SCOTT"."STRESS_AllChars_Child" values (chr(56), chr(54), 'chr(''56'') chr(''54'')');
insert into "SCOTT"."STRESS_AllChars_Child" values (chr(56), chr(55), 'chr(''56'') chr(''55'')');
insert into "SCOTT"."STRESS_AllChars_Child" values (chr(56), chr(56), 'chr(''56'') chr(''56'')');
insert into "SCOTT"."STRESS_AllChars_Child" values (chr(56), chr(57), 'chr(''56'') chr(''57'')');
insert into "SCOTT"."STRESS_AllChars_Child" values (chr(56), chr(58), 'chr(''56'') chr(''58'')');
insert into "SCOTT"."STRESS_AllChars_Child" values (chr(56), chr(59), 'chr(''56'') chr(''59'')');
insert into "SCOTT"."STRESS_AllChars_Child" values (chr(56), chr(60), 'chr(''56'') chr(''60'')');
insert into "SCOTT"."STRESS_AllChars_Child" values (chr(56), chr(61), 'chr(''56'') chr(''61'')');
insert into "SCOTT"."STRESS_AllChars" values (chr(57), 'chr(''57'')');
insert into "SCOTT"."STRESS_AllChars_Child" values (chr(57), chr(52), 'chr(''57'') chr(''52'')');
insert into "SCOTT"."STRESS_AllChars_Child" values (chr(57), chr(53), 'chr(''57'') chr(''53'')');
insert into "SCOTT"."STRESS_AllChars_Child" values (chr(57), chr(54), 'chr(''57'') chr(''54'')');
insert into "SCOTT"."STRESS_AllChars_Child" values (chr(57), chr(55), 'chr(''57'') chr(''55'')');
insert into "SCOTT"."STRESS_AllChars_Child" values (chr(57), chr(56), 'chr(''57'') chr(''56'')');
insert into "SCOTT"."STRESS_AllChars_Child" values (chr(57), chr(57), 'chr(''57'') chr(''57'')');
insert into "SCOTT"."STRESS_AllChars_Child" values (chr(57), chr(58), 'chr(''57'') chr(''58'')');
insert into "SCOTT"."STRESS_AllChars_Child" values (chr(57), chr(59), 'chr(''57'') chr(''59'')');
insert into "SCOTT"."STRESS_AllChars_Child" values (chr(57), chr(60), 'chr(''57'') chr(''60'')');
insert into "SCOTT"."STRESS_AllChars_Child" values (chr(57), chr(61), 'chr(''57'') chr(''61'')');
insert into "SCOTT"."STRESS_AllChars_Child" values (chr(57), chr(62), 'chr(''57'') chr(''62'')');
insert into "SCOTT"."STRESS_AllChars" values (chr(58), 'chr(''58'')');
insert into "SCOTT"."STRESS_AllChars_Child" values (chr(58), chr(53), 'chr(''58'') chr(''53'')');
insert into "SCOTT"."STRESS_AllChars_Child" values (chr(58), chr(54), 'chr(''58'') chr(''54'')');
insert into "SCOTT"."STRESS_AllChars_Child" values (chr(58), chr(55), 'chr(''58'') chr(''55'')');
insert into "SCOTT"."STRESS_AllChars_Child" values (chr(58), chr(56), 'chr(''58'') chr(''56'')');
insert into "SCOTT"."STRESS_AllChars_Child" values (chr(58), chr(57), 'chr(''58'') chr(''57'')');
insert into "SCOTT"."STRESS_AllChars_Child" values (chr(58), chr(58), 'chr(''58'') chr(''58'')');
insert into "SCOTT"."STRESS_AllChars_Child" values (chr(58), chr(59), 'chr(''58'') chr(''59'')');
insert into "SCOTT"."STRESS_AllChars_Child" values (chr(58), chr(60), 'chr(''58'') chr(''60'')');
insert into "SCOTT"."STRESS_AllChars_Child" values (chr(58), chr(61), 'chr(''58'') chr(''61'')');
insert into "SCOTT"."STRESS_AllChars_Child" values (chr(58), chr(62), 'chr(''58'') chr(''62'')');
insert into "SCOTT"."STRESS_AllChars_Child" values (chr(58), chr(63), 'chr(''58'') chr(''63'')');
insert into "SCOTT"."STRESS_AllChars" values (chr(59), 'chr(''59'')');
insert into "SCOTT"."STRESS_AllChars_Child" values (chr(59), chr(54), 'chr(''59'') chr(''54'')');
insert into "SCOTT"."STRESS_AllChars_Child" values (chr(59), chr(55), 'chr(''59'') chr(''55'')');
insert into "SCOTT"."STRESS_AllChars_Child" values (chr(59), chr(56), 'chr(''59'') chr(''56'')');
insert into "SCOTT"."STRESS_AllChars_Child" values (chr(59), chr(57), 'chr(''59'') chr(''57'')');
insert into "SCOTT"."STRESS_AllChars_Child" values (chr(59), chr(58), 'chr(''59'') chr(''58'')');
insert into "SCOTT"."STRESS_AllChars_Child" values (chr(59), chr(59), 'chr(''59'') chr(''59'')');
insert into "SCOTT"."STRESS_AllChars_Child" values (chr(59), chr(60), 'chr(''59'') chr(''60'')');
insert into "SCOTT"."STRESS_AllChars_Child" values (chr(59), chr(61), 'chr(''59'') chr(''61'')');
insert into "SCOTT"."STRESS_AllChars_Child" values (chr(59), chr(62), 'chr(''59'') chr(''62'')');
insert into "SCOTT"."STRESS_AllChars_Child" values (chr(59), chr(63), 'chr(''59'') chr(''63'')');
insert into "SCOTT"."STRESS_AllChars_Child" values (chr(59), chr(64), 'chr(''59'') chr(''64'')');
insert into "SCOTT"."STRESS_AllChars" values (chr(60), 'chr(''60'')');
insert into "SCOTT"."STRESS_AllChars_Child" values (chr(60), chr(55), 'chr(''60'') chr(''55'')');
insert into "SCOTT"."STRESS_AllChars_Child" values (chr(60), chr(56), 'chr(''60'') chr(''56'')');
insert into "SCOTT"."STRESS_AllChars_Child" values (chr(60), chr(57), 'chr(''60'') chr(''57'')');
insert into "SCOTT"."STRESS_AllChars_Child" values (chr(60), chr(58), 'chr(''60'') chr(''58'')');
insert into "SCOTT"."STRESS_AllChars_Child" values (chr(60), chr(59), 'chr(''60'') chr(''59'')');
insert into "SCOTT"."STRESS_AllChars_Child" values (chr(60), chr(60), 'chr(''60'') chr(''60'')');
insert into "SCOTT"."STRESS_AllChars_Child" values (chr(60), chr(61), 'chr(''60'') chr(''61'')');
insert into "SCOTT"."STRESS_AllChars_Child" values (chr(60), chr(62), 'chr(''60'') chr(''62'')');
insert into "SCOTT"."STRESS_AllChars_Child" values (chr(60), chr(63), 'chr(''60'') chr(''63'')');
insert into "SCOTT"."STRESS_AllChars_Child" values (chr(60), chr(64), 'chr(''60'') chr(''64'')');
insert into "SCOTT"."STRESS_AllChars_Child" values (chr(60), chr(65), 'chr(''60'') chr(''65'')');
insert into "SCOTT"."STRESS_AllChars" values (chr(61), 'chr(''61'')');
insert into "SCOTT"."STRESS_AllChars_Child" values (chr(61), chr(56), 'chr(''61'') chr(''56'')');
insert into "SCOTT"."STRESS_AllChars_Child" values (chr(61), chr(57), 'chr(''61'') chr(''57'')');
insert into "SCOTT"."STRESS_AllChars_Child" values (chr(61), chr(58), 'chr(''61'') chr(''58'')');
insert into "SCOTT"."STRESS_AllChars_Child" values (chr(61), chr(59), 'chr(''61'') chr(''59'')');
insert into "SCOTT"."STRESS_AllChars_Child" values (chr(61), chr(60), 'chr(''61'') chr(''60'')');
insert into "SCOTT"."STRESS_AllChars_Child" values (chr(61), chr(61), 'chr(''61'') chr(''61'')');
insert into "SCOTT"."STRESS_AllChars_Child" values (chr(61), chr(62), 'chr(''61'') chr(''62'')');
insert into "SCOTT"."STRESS_AllChars_Child" values (chr(61), chr(63), 'chr(''61'') chr(''63'')');
insert into "SCOTT"."STRESS_AllChars_Child" values (chr(61), chr(64), 'chr(''61'') chr(''64'')');
insert into "SCOTT"."STRESS_AllChars_Child" values (chr(61), chr(65), 'chr(''61'') chr(''65'')');
insert into "SCOTT"."STRESS_AllChars_Child" values (chr(61), chr(66), 'chr(''61'') chr(''66'')');
insert into "SCOTT"."STRESS_AllChars" values (chr(62), 'chr(''62'')');
insert into "SCOTT"."STRESS_AllChars_Child" values (chr(62), chr(57), 'chr(''62'') chr(''57'')');
insert into "SCOTT"."STRESS_AllChars_Child" values (chr(62), chr(58), 'chr(''62'') chr(''58'')');
insert into "SCOTT"."STRESS_AllChars_Child" values (chr(62), chr(59), 'chr(''62'') chr(''59'')');
insert into "SCOTT"."STRESS_AllChars_Child" values (chr(62), chr(60), 'chr(''62'') chr(''60'')');
insert into "SCOTT"."STRESS_AllChars_Child" values (chr(62), chr(61), 'chr(''62'') chr(''61'')');
insert into "SCOTT"."STRESS_AllChars_Child" values (chr(62), chr(62), 'chr(''62'') chr(''62'')');
insert into "SCOTT"."STRESS_AllChars_Child" values (chr(62), chr(63), 'chr(''62'') chr(''63'')');
insert into "SCOTT"."STRESS_AllChars_Child" values (chr(62), chr(64), 'chr(''62'') chr(''64'')');
insert into "SCOTT"."STRESS_AllChars_Child" values (chr(62), chr(65), 'chr(''62'') chr(''65'')');
insert into "SCOTT"."STRESS_AllChars_Child" values (chr(62), chr(66), 'chr(''62'') chr(''66'')');
insert into "SCOTT"."STRESS_AllChars_Child" values (chr(62), chr(67), 'chr(''62'') chr(''67'')');
insert into "SCOTT"."STRESS_AllChars" values (chr(63), 'chr(''63'')');
insert into "SCOTT"."STRESS_AllChars_Child" values (chr(63), chr(58), 'chr(''63'') chr(''58'')');
insert into "SCOTT"."STRESS_AllChars_Child" values (chr(63), chr(59), 'chr(''63'') chr(''59'')');
insert into "SCOTT"."STRESS_AllChars_Child" values (chr(63), chr(60), 'chr(''63'') chr(''60'')');
insert into "SCOTT"."STRESS_AllChars_Child" values (chr(63), chr(61), 'chr(''63'') chr(''61'')');
insert into "SCOTT"."STRESS_AllChars_Child" values (chr(63), chr(62), 'chr(''63'') chr(''62'')');
insert into "SCOTT"."STRESS_AllChars_Child" values (chr(63), chr(63), 'chr(''63'') chr(''63'')');
insert into "SCOTT"."STRESS_AllChars_Child" values (chr(63), chr(64), 'chr(''63'') chr(''64'')');
insert into "SCOTT"."STRESS_AllChars_Child" values (chr(63), chr(65), 'chr(''63'') chr(''65'')');
insert into "SCOTT"."STRESS_AllChars_Child" values (chr(63), chr(66), 'chr(''63'') chr(''66'')');
insert into "SCOTT"."STRESS_AllChars_Child" values (chr(63), chr(67), 'chr(''63'') chr(''67'')');
insert into "SCOTT"."STRESS_AllChars_Child" values (chr(63), chr(68), 'chr(''63'') chr(''68'')');
insert into "SCOTT"."STRESS_AllChars" values (chr(64), 'chr(''64'')');
insert into "SCOTT"."STRESS_AllChars_Child" values (chr(64), chr(59), 'chr(''64'') chr(''59'')');
insert into "SCOTT"."STRESS_AllChars_Child" values (chr(64), chr(60), 'chr(''64'') chr(''60'')');
insert into "SCOTT"."STRESS_AllChars_Child" values (chr(64), chr(61), 'chr(''64'') chr(''61'')');
insert into "SCOTT"."STRESS_AllChars_Child" values (chr(64), chr(62), 'chr(''64'') chr(''62'')');
insert into "SCOTT"."STRESS_AllChars_Child" values (chr(64), chr(63), 'chr(''64'') chr(''63'')');
insert into "SCOTT"."STRESS_AllChars_Child" values (chr(64), chr(64), 'chr(''64'') chr(''64'')');
insert into "SCOTT"."STRESS_AllChars_Child" values (chr(64), chr(65), 'chr(''64'') chr(''65'')');
insert into "SCOTT"."STRESS_AllChars_Child" values (chr(64), chr(66), 'chr(''64'') chr(''66'')');
insert into "SCOTT"."STRESS_AllChars_Child" values (chr(64), chr(67), 'chr(''64'') chr(''67'')');
insert into "SCOTT"."STRESS_AllChars_Child" values (chr(64), chr(68), 'chr(''64'') chr(''68'')');
insert into "SCOTT"."STRESS_AllChars_Child" values (chr(64), chr(69), 'chr(''64'') chr(''69'')');
insert into "SCOTT"."STRESS_AllChars" values (chr(65), 'chr(''65'')');
insert into "SCOTT"."STRESS_AllChars_Child" values (chr(65), chr(60), 'chr(''65'') chr(''60'')');
insert into "SCOTT"."STRESS_AllChars_Child" values (chr(65), chr(61), 'chr(''65'') chr(''61'')');
insert into "SCOTT"."STRESS_AllChars_Child" values (chr(65), chr(62), 'chr(''65'') chr(''62'')');
insert into "SCOTT"."STRESS_AllChars_Child" values (chr(65), chr(63), 'chr(''65'') chr(''63'')');
insert into "SCOTT"."STRESS_AllChars_Child" values (chr(65), chr(64), 'chr(''65'') chr(''64'')');
insert into "SCOTT"."STRESS_AllChars_Child" values (chr(65), chr(65), 'chr(''65'') chr(''65'')');
insert into "SCOTT"."STRESS_AllChars_Child" values (chr(65), chr(66), 'chr(''65'') chr(''66'')');
insert into "SCOTT"."STRESS_AllChars_Child" values (chr(65), chr(67), 'chr(''65'') chr(''67'')');
insert into "SCOTT"."STRESS_AllChars_Child" values (chr(65), chr(68), 'chr(''65'') chr(''68'')');
insert into "SCOTT"."STRESS_AllChars_Child" values (chr(65), chr(69), 'chr(''65'') chr(''69'')');
insert into "SCOTT"."STRESS_AllChars_Child" values (chr(65), chr(70), 'chr(''65'') chr(''70'')');
insert into "SCOTT"."STRESS_AllChars" values (chr(66), 'chr(''66'')');
insert into "SCOTT"."STRESS_AllChars_Child" values (chr(66), chr(61), 'chr(''66'') chr(''61'')');
insert into "SCOTT"."STRESS_AllChars_Child" values (chr(66), chr(62), 'chr(''66'') chr(''62'')');
insert into "SCOTT"."STRESS_AllChars_Child" values (chr(66), chr(63), 'chr(''66'') chr(''63'')');
insert into "SCOTT"."STRESS_AllChars_Child" values (chr(66), chr(64), 'chr(''66'') chr(''64'')');
insert into "SCOTT"."STRESS_AllChars_Child" values (chr(66), chr(65), 'chr(''66'') chr(''65'')');
insert into "SCOTT"."STRESS_AllChars_Child" values (chr(66), chr(66), 'chr(''66'') chr(''66'')');
insert into "SCOTT"."STRESS_AllChars_Child" values (chr(66), chr(67), 'chr(''66'') chr(''67'')');
insert into "SCOTT"."STRESS_AllChars_Child" values (chr(66), chr(68), 'chr(''66'') chr(''68'')');
insert into "SCOTT"."STRESS_AllChars_Child" values (chr(66), chr(69), 'chr(''66'') chr(''69'')');
insert into "SCOTT"."STRESS_AllChars_Child" values (chr(66), chr(70), 'chr(''66'') chr(''70'')');
insert into "SCOTT"."STRESS_AllChars_Child" values (chr(66), chr(71), 'chr(''66'') chr(''71'')');
insert into "SCOTT"."STRESS_AllChars" values (chr(67), 'chr(''67'')');
insert into "SCOTT"."STRESS_AllChars_Child" values (chr(67), chr(62), 'chr(''67'') chr(''62'')');
insert into "SCOTT"."STRESS_AllChars_Child" values (chr(67), chr(63), 'chr(''67'') chr(''63'')');
insert into "SCOTT"."STRESS_AllChars_Child" values (chr(67), chr(64), 'chr(''67'') chr(''64'')');
insert into "SCOTT"."STRESS_AllChars_Child" values (chr(67), chr(65), 'chr(''67'') chr(''65'')');
insert into "SCOTT"."STRESS_AllChars_Child" values (chr(67), chr(66), 'chr(''67'') chr(''66'')');
insert into "SCOTT"."STRESS_AllChars_Child" values (chr(67), chr(67), 'chr(''67'') chr(''67'')');
insert into "SCOTT"."STRESS_AllChars_Child" values (chr(67), chr(68), 'chr(''67'') chr(''68'')');
insert into "SCOTT"."STRESS_AllChars_Child" values (chr(67), chr(69), 'chr(''67'') chr(''69'')');
insert into "SCOTT"."STRESS_AllChars_Child" values (chr(67), chr(70), 'chr(''67'') chr(''70'')');
insert into "SCOTT"."STRESS_AllChars_Child" values (chr(67), chr(71), 'chr(''67'') chr(''71'')');
insert into "SCOTT"."STRESS_AllChars_Child" values (chr(67), chr(72), 'chr(''67'') chr(''72'')');
insert into "SCOTT"."STRESS_AllChars" values (chr(68), 'chr(''68'')');
insert into "SCOTT"."STRESS_AllChars_Child" values (chr(68), chr(63), 'chr(''68'') chr(''63'')');
insert into "SCOTT"."STRESS_AllChars_Child" values (chr(68), chr(64), 'chr(''68'') chr(''64'')');
insert into "SCOTT"."STRESS_AllChars_Child" values (chr(68), chr(65), 'chr(''68'') chr(''65'')');
insert into "SCOTT"."STRESS_AllChars_Child" values (chr(68), chr(66), 'chr(''68'') chr(''66'')');
insert into "SCOTT"."STRESS_AllChars_Child" values (chr(68), chr(67), 'chr(''68'') chr(''67'')');
insert into "SCOTT"."STRESS_AllChars_Child" values (chr(68), chr(68), 'chr(''68'') chr(''68'')');
insert into "SCOTT"."STRESS_AllChars_Child" values (chr(68), chr(69), 'chr(''68'') chr(''69'')');
insert into "SCOTT"."STRESS_AllChars_Child" values (chr(68), chr(70), 'chr(''68'') chr(''70'')');
insert into "SCOTT"."STRESS_AllChars_Child" values (chr(68), chr(71), 'chr(''68'') chr(''71'')');
insert into "SCOTT"."STRESS_AllChars_Child" values (chr(68), chr(72), 'chr(''68'') chr(''72'')');
insert into "SCOTT"."STRESS_AllChars_Child" values (chr(68), chr(73), 'chr(''68'') chr(''73'')');
insert into "SCOTT"."STRESS_AllChars" values (chr(69), 'chr(''69'')');
insert into "SCOTT"."STRESS_AllChars_Child" values (chr(69), chr(64), 'chr(''69'') chr(''64'')');
insert into "SCOTT"."STRESS_AllChars_Child" values (chr(69), chr(65), 'chr(''69'') chr(''65'')');
insert into "SCOTT"."STRESS_AllChars_Child" values (chr(69), chr(66), 'chr(''69'') chr(''66'')');
insert into "SCOTT"."STRESS_AllChars_Child" values (chr(69), chr(67), 'chr(''69'') chr(''67'')');
insert into "SCOTT"."STRESS_AllChars_Child" values (chr(69), chr(68), 'chr(''69'') chr(''68'')');
insert into "SCOTT"."STRESS_AllChars_Child" values (chr(69), chr(69), 'chr(''69'') chr(''69'')');
insert into "SCOTT"."STRESS_AllChars_Child" values (chr(69), chr(70), 'chr(''69'') chr(''70'')');
insert into "SCOTT"."STRESS_AllChars_Child" values (chr(69), chr(71), 'chr(''69'') chr(''71'')');
insert into "SCOTT"."STRESS_AllChars_Child" values (chr(69), chr(72), 'chr(''69'') chr(''72'')');
insert into "SCOTT"."STRESS_AllChars_Child" values (chr(69), chr(73), 'chr(''69'') chr(''73'')');
insert into "SCOTT"."STRESS_AllChars_Child" values (chr(69), chr(74), 'chr(''69'') chr(''74'')');
insert into "SCOTT"."STRESS_AllChars" values (chr(70), 'chr(''70'')');
insert into "SCOTT"."STRESS_AllChars_Child" values (chr(70), chr(65), 'chr(''70'') chr(''65'')');
insert into "SCOTT"."STRESS_AllChars_Child" values (chr(70), chr(66), 'chr(''70'') chr(''66'')');
insert into "SCOTT"."STRESS_AllChars_Child" values (chr(70), chr(67), 'chr(''70'') chr(''67'')');
insert into "SCOTT"."STRESS_AllChars_Child" values (chr(70), chr(68), 'chr(''70'') chr(''68'')');
insert into "SCOTT"."STRESS_AllChars_Child" values (chr(70), chr(69), 'chr(''70'') chr(''69'')');
insert into "SCOTT"."STRESS_AllChars_Child" values (chr(70), chr(70), 'chr(''70'') chr(''70'')');
insert into "SCOTT"."STRESS_AllChars_Child" values (chr(70), chr(71), 'chr(''70'') chr(''71'')');
insert into "SCOTT"."STRESS_AllChars_Child" values (chr(70), chr(72), 'chr(''70'') chr(''72'')');
insert into "SCOTT"."STRESS_AllChars_Child" values (chr(70), chr(73), 'chr(''70'') chr(''73'')');
insert into "SCOTT"."STRESS_AllChars_Child" values (chr(70), chr(74), 'chr(''70'') chr(''74'')');
insert into "SCOTT"."STRESS_AllChars_Child" values (chr(70), chr(75), 'chr(''70'') chr(''75'')');
insert into "SCOTT"."STRESS_AllChars" values (chr(71), 'chr(''71'')');
insert into "SCOTT"."STRESS_AllChars_Child" values (chr(71), chr(66), 'chr(''71'') chr(''66'')');
insert into "SCOTT"."STRESS_AllChars_Child" values (chr(71), chr(67), 'chr(''71'') chr(''67'')');
insert into "SCOTT"."STRESS_AllChars_Child" values (chr(71), chr(68), 'chr(''71'') chr(''68'')');
insert into "SCOTT"."STRESS_AllChars_Child" values (chr(71), chr(69), 'chr(''71'') chr(''69'')');
insert into "SCOTT"."STRESS_AllChars_Child" values (chr(71), chr(70), 'chr(''71'') chr(''70'')');
insert into "SCOTT"."STRESS_AllChars_Child" values (chr(71), chr(71), 'chr(''71'') chr(''71'')');
insert into "SCOTT"."STRESS_AllChars_Child" values (chr(71), chr(72), 'chr(''71'') chr(''72'')');
insert into "SCOTT"."STRESS_AllChars_Child" values (chr(71), chr(73), 'chr(''71'') chr(''73'')');
insert into "SCOTT"."STRESS_AllChars_Child" values (chr(71), chr(74), 'chr(''71'') chr(''74'')');
insert into "SCOTT"."STRESS_AllChars_Child" values (chr(71), chr(75), 'chr(''71'') chr(''75'')');
insert into "SCOTT"."STRESS_AllChars_Child" values (chr(71), chr(76), 'chr(''71'') chr(''76'')');
insert into "SCOTT"."STRESS_AllChars" values (chr(72), 'chr(''72'')');
insert into "SCOTT"."STRESS_AllChars_Child" values (chr(72), chr(67), 'chr(''72'') chr(''67'')');
insert into "SCOTT"."STRESS_AllChars_Child" values (chr(72), chr(68), 'chr(''72'') chr(''68'')');
insert into "SCOTT"."STRESS_AllChars_Child" values (chr(72), chr(69), 'chr(''72'') chr(''69'')');
insert into "SCOTT"."STRESS_AllChars_Child" values (chr(72), chr(70), 'chr(''72'') chr(''70'')');
insert into "SCOTT"."STRESS_AllChars_Child" values (chr(72), chr(71), 'chr(''72'') chr(''71'')');
insert into "SCOTT"."STRESS_AllChars_Child" values (chr(72), chr(72), 'chr(''72'') chr(''72'')');
insert into "SCOTT"."STRESS_AllChars_Child" values (chr(72), chr(73), 'chr(''72'') chr(''73'')');
insert into "SCOTT"."STRESS_AllChars_Child" values (chr(72), chr(74), 'chr(''72'') chr(''74'')');
insert into "SCOTT"."STRESS_AllChars_Child" values (chr(72), chr(75), 'chr(''72'') chr(''75'')');
insert into "SCOTT"."STRESS_AllChars_Child" values (chr(72), chr(76), 'chr(''72'') chr(''76'')');
insert into "SCOTT"."STRESS_AllChars_Child" values (chr(72), chr(77), 'chr(''72'') chr(''77'')');
insert into "SCOTT"."STRESS_AllChars" values (chr(73), 'chr(''73'')');
insert into "SCOTT"."STRESS_AllChars_Child" values (chr(73), chr(68), 'chr(''73'') chr(''68'')');
insert into "SCOTT"."STRESS_AllChars_Child" values (chr(73), chr(69), 'chr(''73'') chr(''69'')');
insert into "SCOTT"."STRESS_AllChars_Child" values (chr(73), chr(70), 'chr(''73'') chr(''70'')');
insert into "SCOTT"."STRESS_AllChars_Child" values (chr(73), chr(71), 'chr(''73'') chr(''71'')');
insert into "SCOTT"."STRESS_AllChars_Child" values (chr(73), chr(72), 'chr(''73'') chr(''72'')');
insert into "SCOTT"."STRESS_AllChars_Child" values (chr(73), chr(73), 'chr(''73'') chr(''73'')');
insert into "SCOTT"."STRESS_AllChars_Child" values (chr(73), chr(74), 'chr(''73'') chr(''74'')');
insert into "SCOTT"."STRESS_AllChars_Child" values (chr(73), chr(75), 'chr(''73'') chr(''75'')');
insert into "SCOTT"."STRESS_AllChars_Child" values (chr(73), chr(76), 'chr(''73'') chr(''76'')');
insert into "SCOTT"."STRESS_AllChars_Child" values (chr(73), chr(77), 'chr(''73'') chr(''77'')');
insert into "SCOTT"."STRESS_AllChars_Child" values (chr(73), chr(78), 'chr(''73'') chr(''78'')');
insert into "SCOTT"."STRESS_AllChars" values (chr(74), 'chr(''74'')');
insert into "SCOTT"."STRESS_AllChars_Child" values (chr(74), chr(69), 'chr(''74'') chr(''69'')');
insert into "SCOTT"."STRESS_AllChars_Child" values (chr(74), chr(70), 'chr(''74'') chr(''70'')');
insert into "SCOTT"."STRESS_AllChars_Child" values (chr(74), chr(71), 'chr(''74'') chr(''71'')');
insert into "SCOTT"."STRESS_AllChars_Child" values (chr(74), chr(72), 'chr(''74'') chr(''72'')');
insert into "SCOTT"."STRESS_AllChars_Child" values (chr(74), chr(73), 'chr(''74'') chr(''73'')');
insert into "SCOTT"."STRESS_AllChars_Child" values (chr(74), chr(74), 'chr(''74'') chr(''74'')');
insert into "SCOTT"."STRESS_AllChars_Child" values (chr(74), chr(75), 'chr(''74'') chr(''75'')');
insert into "SCOTT"."STRESS_AllChars_Child" values (chr(74), chr(76), 'chr(''74'') chr(''76'')');
insert into "SCOTT"."STRESS_AllChars_Child" values (chr(74), chr(77), 'chr(''74'') chr(''77'')');
insert into "SCOTT"."STRESS_AllChars_Child" values (chr(74), chr(78), 'chr(''74'') chr(''78'')');
insert into "SCOTT"."STRESS_AllChars_Child" values (chr(74), chr(79), 'chr(''74'') chr(''79'')');
insert into "SCOTT"."STRESS_AllChars" values (chr(75), 'chr(''75'')');
insert into "SCOTT"."STRESS_AllChars_Child" values (chr(75), chr(70), 'chr(''75'') chr(''70'')');
insert into "SCOTT"."STRESS_AllChars_Child" values (chr(75), chr(71), 'chr(''75'') chr(''71'')');
insert into "SCOTT"."STRESS_AllChars_Child" values (chr(75), chr(72), 'chr(''75'') chr(''72'')');
insert into "SCOTT"."STRESS_AllChars_Child" values (chr(75), chr(73), 'chr(''75'') chr(''73'')');
insert into "SCOTT"."STRESS_AllChars_Child" values (chr(75), chr(74), 'chr(''75'') chr(''74'')');
insert into "SCOTT"."STRESS_AllChars_Child" values (chr(75), chr(75), 'chr(''75'') chr(''75'')');
insert into "SCOTT"."STRESS_AllChars_Child" values (chr(75), chr(76), 'chr(''75'') chr(''76'')');
insert into "SCOTT"."STRESS_AllChars_Child" values (chr(75), chr(77), 'chr(''75'') chr(''77'')');
insert into "SCOTT"."STRESS_AllChars_Child" values (chr(75), chr(78), 'chr(''75'') chr(''78'')');
insert into "SCOTT"."STRESS_AllChars_Child" values (chr(75), chr(79), 'chr(''75'') chr(''79'')');
insert into "SCOTT"."STRESS_AllChars_Child" values (chr(75), chr(80), 'chr(''75'') chr(''80'')');
insert into "SCOTT"."STRESS_AllChars" values (chr(76), 'chr(''76'')');
insert into "SCOTT"."STRESS_AllChars_Child" values (chr(76), chr(71), 'chr(''76'') chr(''71'')');
insert into "SCOTT"."STRESS_AllChars_Child" values (chr(76), chr(72), 'chr(''76'') chr(''72'')');
insert into "SCOTT"."STRESS_AllChars_Child" values (chr(76), chr(73), 'chr(''76'') chr(''73'')');
insert into "SCOTT"."STRESS_AllChars_Child" values (chr(76), chr(74), 'chr(''76'') chr(''74'')');
insert into "SCOTT"."STRESS_AllChars_Child" values (chr(76), chr(75), 'chr(''76'') chr(''75'')');
insert into "SCOTT"."STRESS_AllChars_Child" values (chr(76), chr(76), 'chr(''76'') chr(''76'')');
insert into "SCOTT"."STRESS_AllChars_Child" values (chr(76), chr(77), 'chr(''76'') chr(''77'')');
insert into "SCOTT"."STRESS_AllChars_Child" values (chr(76), chr(78), 'chr(''76'') chr(''78'')');
insert into "SCOTT"."STRESS_AllChars_Child" values (chr(76), chr(79), 'chr(''76'') chr(''79'')');
insert into "SCOTT"."STRESS_AllChars_Child" values (chr(76), chr(80), 'chr(''76'') chr(''80'')');
insert into "SCOTT"."STRESS_AllChars_Child" values (chr(76), chr(81), 'chr(''76'') chr(''81'')');
insert into "SCOTT"."STRESS_AllChars" values (chr(77), 'chr(''77'')');
insert into "SCOTT"."STRESS_AllChars_Child" values (chr(77), chr(72), 'chr(''77'') chr(''72'')');
insert into "SCOTT"."STRESS_AllChars_Child" values (chr(77), chr(73), 'chr(''77'') chr(''73'')');
insert into "SCOTT"."STRESS_AllChars_Child" values (chr(77), chr(74), 'chr(''77'') chr(''74'')');
insert into "SCOTT"."STRESS_AllChars_Child" values (chr(77), chr(75), 'chr(''77'') chr(''75'')');
insert into "SCOTT"."STRESS_AllChars_Child" values (chr(77), chr(76), 'chr(''77'') chr(''76'')');
insert into "SCOTT"."STRESS_AllChars_Child" values (chr(77), chr(77), 'chr(''77'') chr(''77'')');
insert into "SCOTT"."STRESS_AllChars_Child" values (chr(77), chr(78), 'chr(''77'') chr(''78'')');
insert into "SCOTT"."STRESS_AllChars_Child" values (chr(77), chr(79), 'chr(''77'') chr(''79'')');
insert into "SCOTT"."STRESS_AllChars_Child" values (chr(77), chr(80), 'chr(''77'') chr(''80'')');
insert into "SCOTT"."STRESS_AllChars_Child" values (chr(77), chr(81), 'chr(''77'') chr(''81'')');
insert into "SCOTT"."STRESS_AllChars_Child" values (chr(77), chr(82), 'chr(''77'') chr(''82'')');
insert into "SCOTT"."STRESS_AllChars" values (chr(78), 'chr(''78'')');
insert into "SCOTT"."STRESS_AllChars_Child" values (chr(78), chr(73), 'chr(''78'') chr(''73'')');
insert into "SCOTT"."STRESS_AllChars_Child" values (chr(78), chr(74), 'chr(''78'') chr(''74'')');
insert into "SCOTT"."STRESS_AllChars_Child" values (chr(78), chr(75), 'chr(''78'') chr(''75'')');
insert into "SCOTT"."STRESS_AllChars_Child" values (chr(78), chr(76), 'chr(''78'') chr(''76'')');
insert into "SCOTT"."STRESS_AllChars_Child" values (chr(78), chr(77), 'chr(''78'') chr(''77'')');
insert into "SCOTT"."STRESS_AllChars_Child" values (chr(78), chr(78), 'chr(''78'') chr(''78'')');
insert into "SCOTT"."STRESS_AllChars_Child" values (chr(78), chr(79), 'chr(''78'') chr(''79'')');
insert into "SCOTT"."STRESS_AllChars_Child" values (chr(78), chr(80), 'chr(''78'') chr(''80'')');
insert into "SCOTT"."STRESS_AllChars_Child" values (chr(78), chr(81), 'chr(''78'') chr(''81'')');
insert into "SCOTT"."STRESS_AllChars_Child" values (chr(78), chr(82), 'chr(''78'') chr(''82'')');
insert into "SCOTT"."STRESS_AllChars_Child" values (chr(78), chr(83), 'chr(''78'') chr(''83'')');
insert into "SCOTT"."STRESS_AllChars" values (chr(79), 'chr(''79'')');
insert into "SCOTT"."STRESS_AllChars_Child" values (chr(79), chr(74), 'chr(''79'') chr(''74'')');
insert into "SCOTT"."STRESS_AllChars_Child" values (chr(79), chr(75), 'chr(''79'') chr(''75'')');
insert into "SCOTT"."STRESS_AllChars_Child" values (chr(79), chr(76), 'chr(''79'') chr(''76'')');
insert into "SCOTT"."STRESS_AllChars_Child" values (chr(79), chr(77), 'chr(''79'') chr(''77'')');
insert into "SCOTT"."STRESS_AllChars_Child" values (chr(79), chr(78), 'chr(''79'') chr(''78'')');
insert into "SCOTT"."STRESS_AllChars_Child" values (chr(79), chr(79), 'chr(''79'') chr(''79'')');
insert into "SCOTT"."STRESS_AllChars_Child" values (chr(79), chr(80), 'chr(''79'') chr(''80'')');
insert into "SCOTT"."STRESS_AllChars_Child" values (chr(79), chr(81), 'chr(''79'') chr(''81'')');
insert into "SCOTT"."STRESS_AllChars_Child" values (chr(79), chr(82), 'chr(''79'') chr(''82'')');
insert into "SCOTT"."STRESS_AllChars_Child" values (chr(79), chr(83), 'chr(''79'') chr(''83'')');
insert into "SCOTT"."STRESS_AllChars_Child" values (chr(79), chr(84), 'chr(''79'') chr(''84'')');
insert into "SCOTT"."STRESS_AllChars" values (chr(80), 'chr(''80'')');
insert into "SCOTT"."STRESS_AllChars_Child" values (chr(80), chr(75), 'chr(''80'') chr(''75'')');
insert into "SCOTT"."STRESS_AllChars_Child" values (chr(80), chr(76), 'chr(''80'') chr(''76'')');
insert into "SCOTT"."STRESS_AllChars_Child" values (chr(80), chr(77), 'chr(''80'') chr(''77'')');
insert into "SCOTT"."STRESS_AllChars_Child" values (chr(80), chr(78), 'chr(''80'') chr(''78'')');
insert into "SCOTT"."STRESS_AllChars_Child" values (chr(80), chr(79), 'chr(''80'') chr(''79'')');
insert into "SCOTT"."STRESS_AllChars_Child" values (chr(80), chr(80), 'chr(''80'') chr(''80'')');
insert into "SCOTT"."STRESS_AllChars_Child" values (chr(80), chr(81), 'chr(''80'') chr(''81'')');
insert into "SCOTT"."STRESS_AllChars_Child" values (chr(80), chr(82), 'chr(''80'') chr(''82'')');
insert into "SCOTT"."STRESS_AllChars_Child" values (chr(80), chr(83), 'chr(''80'') chr(''83'')');
insert into "SCOTT"."STRESS_AllChars_Child" values (chr(80), chr(84), 'chr(''80'') chr(''84'')');
insert into "SCOTT"."STRESS_AllChars_Child" values (chr(80), chr(85), 'chr(''80'') chr(''85'')');
insert into "SCOTT"."STRESS_AllChars" values (chr(81), 'chr(''81'')');
insert into "SCOTT"."STRESS_AllChars_Child" values (chr(81), chr(76), 'chr(''81'') chr(''76'')');
insert into "SCOTT"."STRESS_AllChars_Child" values (chr(81), chr(77), 'chr(''81'') chr(''77'')');
insert into "SCOTT"."STRESS_AllChars_Child" values (chr(81), chr(78), 'chr(''81'') chr(''78'')');
insert into "SCOTT"."STRESS_AllChars_Child" values (chr(81), chr(79), 'chr(''81'') chr(''79'')');
insert into "SCOTT"."STRESS_AllChars_Child" values (chr(81), chr(80), 'chr(''81'') chr(''80'')');
insert into "SCOTT"."STRESS_AllChars_Child" values (chr(81), chr(81), 'chr(''81'') chr(''81'')');
insert into "SCOTT"."STRESS_AllChars_Child" values (chr(81), chr(82), 'chr(''81'') chr(''82'')');
insert into "SCOTT"."STRESS_AllChars_Child" values (chr(81), chr(83), 'chr(''81'') chr(''83'')');
insert into "SCOTT"."STRESS_AllChars_Child" values (chr(81), chr(84), 'chr(''81'') chr(''84'')');
insert into "SCOTT"."STRESS_AllChars_Child" values (chr(81), chr(85), 'chr(''81'') chr(''85'')');
insert into "SCOTT"."STRESS_AllChars_Child" values (chr(81), chr(86), 'chr(''81'') chr(''86'')');
insert into "SCOTT"."STRESS_AllChars" values (chr(82), 'chr(''82'')');
insert into "SCOTT"."STRESS_AllChars_Child" values (chr(82), chr(77), 'chr(''82'') chr(''77'')');
insert into "SCOTT"."STRESS_AllChars_Child" values (chr(82), chr(78), 'chr(''82'') chr(''78'')');
insert into "SCOTT"."STRESS_AllChars_Child" values (chr(82), chr(79), 'chr(''82'') chr(''79'')');
insert into "SCOTT"."STRESS_AllChars_Child" values (chr(82), chr(80), 'chr(''82'') chr(''80'')');
insert into "SCOTT"."STRESS_AllChars_Child" values (chr(82), chr(81), 'chr(''82'') chr(''81'')');
insert into "SCOTT"."STRESS_AllChars_Child" values (chr(82), chr(82), 'chr(''82'') chr(''82'')');
insert into "SCOTT"."STRESS_AllChars_Child" values (chr(82), chr(83), 'chr(''82'') chr(''83'')');
insert into "SCOTT"."STRESS_AllChars_Child" values (chr(82), chr(84), 'chr(''82'') chr(''84'')');
insert into "SCOTT"."STRESS_AllChars_Child" values (chr(82), chr(85), 'chr(''82'') chr(''85'')');
insert into "SCOTT"."STRESS_AllChars_Child" values (chr(82), chr(86), 'chr(''82'') chr(''86'')');
insert into "SCOTT"."STRESS_AllChars_Child" values (chr(82), chr(87), 'chr(''82'') chr(''87'')');
insert into "SCOTT"."STRESS_AllChars" values (chr(83), 'chr(''83'')');
insert into "SCOTT"."STRESS_AllChars_Child" values (chr(83), chr(78), 'chr(''83'') chr(''78'')');
insert into "SCOTT"."STRESS_AllChars_Child" values (chr(83), chr(79), 'chr(''83'') chr(''79'')');
insert into "SCOTT"."STRESS_AllChars_Child" values (chr(83), chr(80), 'chr(''83'') chr(''80'')');
insert into "SCOTT"."STRESS_AllChars_Child" values (chr(83), chr(81), 'chr(''83'') chr(''81'')');
insert into "SCOTT"."STRESS_AllChars_Child" values (chr(83), chr(82), 'chr(''83'') chr(''82'')');
insert into "SCOTT"."STRESS_AllChars_Child" values (chr(83), chr(83), 'chr(''83'') chr(''83'')');
insert into "SCOTT"."STRESS_AllChars_Child" values (chr(83), chr(84), 'chr(''83'') chr(''84'')');
insert into "SCOTT"."STRESS_AllChars_Child" values (chr(83), chr(85), 'chr(''83'') chr(''85'')');
insert into "SCOTT"."STRESS_AllChars_Child" values (chr(83), chr(86), 'chr(''83'') chr(''86'')');
insert into "SCOTT"."STRESS_AllChars_Child" values (chr(83), chr(87), 'chr(''83'') chr(''87'')');
insert into "SCOTT"."STRESS_AllChars_Child" values (chr(83), chr(88), 'chr(''83'') chr(''88'')');
insert into "SCOTT"."STRESS_AllChars" values (chr(84), 'chr(''84'')');
insert into "SCOTT"."STRESS_AllChars_Child" values (chr(84), chr(79), 'chr(''84'') chr(''79'')');
insert into "SCOTT"."STRESS_AllChars_Child" values (chr(84), chr(80), 'chr(''84'') chr(''80'')');
insert into "SCOTT"."STRESS_AllChars_Child" values (chr(84), chr(81), 'chr(''84'') chr(''81'')');
insert into "SCOTT"."STRESS_AllChars_Child" values (chr(84), chr(82), 'chr(''84'') chr(''82'')');
insert into "SCOTT"."STRESS_AllChars_Child" values (chr(84), chr(83), 'chr(''84'') chr(''83'')');
insert into "SCOTT"."STRESS_AllChars_Child" values (chr(84), chr(84), 'chr(''84'') chr(''84'')');
insert into "SCOTT"."STRESS_AllChars_Child" values (chr(84), chr(85), 'chr(''84'') chr(''85'')');
insert into "SCOTT"."STRESS_AllChars_Child" values (chr(84), chr(86), 'chr(''84'') chr(''86'')');
insert into "SCOTT"."STRESS_AllChars_Child" values (chr(84), chr(87), 'chr(''84'') chr(''87'')');
insert into "SCOTT"."STRESS_AllChars_Child" values (chr(84), chr(88), 'chr(''84'') chr(''88'')');
insert into "SCOTT"."STRESS_AllChars_Child" values (chr(84), chr(89), 'chr(''84'') chr(''89'')');
insert into "SCOTT"."STRESS_AllChars" values (chr(85), 'chr(''85'')');
insert into "SCOTT"."STRESS_AllChars_Child" values (chr(85), chr(80), 'chr(''85'') chr(''80'')');
insert into "SCOTT"."STRESS_AllChars_Child" values (chr(85), chr(81), 'chr(''85'') chr(''81'')');
insert into "SCOTT"."STRESS_AllChars_Child" values (chr(85), chr(82), 'chr(''85'') chr(''82'')');
insert into "SCOTT"."STRESS_AllChars_Child" values (chr(85), chr(83), 'chr(''85'') chr(''83'')');
insert into "SCOTT"."STRESS_AllChars_Child" values (chr(85), chr(84), 'chr(''85'') chr(''84'')');
insert into "SCOTT"."STRESS_AllChars_Child" values (chr(85), chr(85), 'chr(''85'') chr(''85'')');
insert into "SCOTT"."STRESS_AllChars_Child" values (chr(85), chr(86), 'chr(''85'') chr(''86'')');
insert into "SCOTT"."STRESS_AllChars_Child" values (chr(85), chr(87), 'chr(''85'') chr(''87'')');
insert into "SCOTT"."STRESS_AllChars_Child" values (chr(85), chr(88), 'chr(''85'') chr(''88'')');
insert into "SCOTT"."STRESS_AllChars_Child" values (chr(85), chr(89), 'chr(''85'') chr(''89'')');
insert into "SCOTT"."STRESS_AllChars_Child" values (chr(85), chr(90), 'chr(''85'') chr(''90'')');
insert into "SCOTT"."STRESS_AllChars" values (chr(86), 'chr(''86'')');
insert into "SCOTT"."STRESS_AllChars_Child" values (chr(86), chr(81), 'chr(''86'') chr(''81'')');
insert into "SCOTT"."STRESS_AllChars_Child" values (chr(86), chr(82), 'chr(''86'') chr(''82'')');
insert into "SCOTT"."STRESS_AllChars_Child" values (chr(86), chr(83), 'chr(''86'') chr(''83'')');
insert into "SCOTT"."STRESS_AllChars_Child" values (chr(86), chr(84), 'chr(''86'') chr(''84'')');
insert into "SCOTT"."STRESS_AllChars_Child" values (chr(86), chr(85), 'chr(''86'') chr(''85'')');
insert into "SCOTT"."STRESS_AllChars_Child" values (chr(86), chr(86), 'chr(''86'') chr(''86'')');
insert into "SCOTT"."STRESS_AllChars_Child" values (chr(86), chr(87), 'chr(''86'') chr(''87'')');
insert into "SCOTT"."STRESS_AllChars_Child" values (chr(86), chr(88), 'chr(''86'') chr(''88'')');
insert into "SCOTT"."STRESS_AllChars_Child" values (chr(86), chr(89), 'chr(''86'') chr(''89'')');
insert into "SCOTT"."STRESS_AllChars_Child" values (chr(86), chr(90), 'chr(''86'') chr(''90'')');
insert into "SCOTT"."STRESS_AllChars_Child" values (chr(86), chr(91), 'chr(''86'') chr(''91'')');
insert into "SCOTT"."STRESS_AllChars" values (chr(87), 'chr(''87'')');
insert into "SCOTT"."STRESS_AllChars_Child" values (chr(87), chr(82), 'chr(''87'') chr(''82'')');
insert into "SCOTT"."STRESS_AllChars_Child" values (chr(87), chr(83), 'chr(''87'') chr(''83'')');
insert into "SCOTT"."STRESS_AllChars_Child" values (chr(87), chr(84), 'chr(''87'') chr(''84'')');
insert into "SCOTT"."STRESS_AllChars_Child" values (chr(87), chr(85), 'chr(''87'') chr(''85'')');
insert into "SCOTT"."STRESS_AllChars_Child" values (chr(87), chr(86), 'chr(''87'') chr(''86'')');
insert into "SCOTT"."STRESS_AllChars_Child" values (chr(87), chr(87), 'chr(''87'') chr(''87'')');
insert into "SCOTT"."STRESS_AllChars_Child" values (chr(87), chr(88), 'chr(''87'') chr(''88'')');
insert into "SCOTT"."STRESS_AllChars_Child" values (chr(87), chr(89), 'chr(''87'') chr(''89'')');
insert into "SCOTT"."STRESS_AllChars_Child" values (chr(87), chr(90), 'chr(''87'') chr(''90'')');
insert into "SCOTT"."STRESS_AllChars_Child" values (chr(87), chr(91), 'chr(''87'') chr(''91'')');
insert into "SCOTT"."STRESS_AllChars_Child" values (chr(87), chr(92), 'chr(''87'') chr(''92'')');
insert into "SCOTT"."STRESS_AllChars" values (chr(88), 'chr(''88'')');
insert into "SCOTT"."STRESS_AllChars_Child" values (chr(88), chr(83), 'chr(''88'') chr(''83'')');
insert into "SCOTT"."STRESS_AllChars_Child" values (chr(88), chr(84), 'chr(''88'') chr(''84'')');
insert into "SCOTT"."STRESS_AllChars_Child" values (chr(88), chr(85), 'chr(''88'') chr(''85'')');
insert into "SCOTT"."STRESS_AllChars_Child" values (chr(88), chr(86), 'chr(''88'') chr(''86'')');
insert into "SCOTT"."STRESS_AllChars_Child" values (chr(88), chr(87), 'chr(''88'') chr(''87'')');
insert into "SCOTT"."STRESS_AllChars_Child" values (chr(88), chr(88), 'chr(''88'') chr(''88'')');
insert into "SCOTT"."STRESS_AllChars_Child" values (chr(88), chr(89), 'chr(''88'') chr(''89'')');
insert into "SCOTT"."STRESS_AllChars_Child" values (chr(88), chr(90), 'chr(''88'') chr(''90'')');
insert into "SCOTT"."STRESS_AllChars_Child" values (chr(88), chr(91), 'chr(''88'') chr(''91'')');
insert into "SCOTT"."STRESS_AllChars_Child" values (chr(88), chr(92), 'chr(''88'') chr(''92'')');
insert into "SCOTT"."STRESS_AllChars_Child" values (chr(88), chr(93), 'chr(''88'') chr(''93'')');
insert into "SCOTT"."STRESS_AllChars" values (chr(89), 'chr(''89'')');
insert into "SCOTT"."STRESS_AllChars_Child" values (chr(89), chr(84), 'chr(''89'') chr(''84'')');
insert into "SCOTT"."STRESS_AllChars_Child" values (chr(89), chr(85), 'chr(''89'') chr(''85'')');
insert into "SCOTT"."STRESS_AllChars_Child" values (chr(89), chr(86), 'chr(''89'') chr(''86'')');
insert into "SCOTT"."STRESS_AllChars_Child" values (chr(89), chr(87), 'chr(''89'') chr(''87'')');
insert into "SCOTT"."STRESS_AllChars_Child" values (chr(89), chr(88), 'chr(''89'') chr(''88'')');
insert into "SCOTT"."STRESS_AllChars_Child" values (chr(89), chr(89), 'chr(''89'') chr(''89'')');
insert into "SCOTT"."STRESS_AllChars_Child" values (chr(89), chr(90), 'chr(''89'') chr(''90'')');
insert into "SCOTT"."STRESS_AllChars_Child" values (chr(89), chr(91), 'chr(''89'') chr(''91'')');
insert into "SCOTT"."STRESS_AllChars_Child" values (chr(89), chr(92), 'chr(''89'') chr(''92'')');
insert into "SCOTT"."STRESS_AllChars_Child" values (chr(89), chr(93), 'chr(''89'') chr(''93'')');
insert into "SCOTT"."STRESS_AllChars_Child" values (chr(89), chr(94), 'chr(''89'') chr(''94'')');
insert into "SCOTT"."STRESS_AllChars" values (chr(90), 'chr(''90'')');
insert into "SCOTT"."STRESS_AllChars_Child" values (chr(90), chr(85), 'chr(''90'') chr(''85'')');
insert into "SCOTT"."STRESS_AllChars_Child" values (chr(90), chr(86), 'chr(''90'') chr(''86'')');
insert into "SCOTT"."STRESS_AllChars_Child" values (chr(90), chr(87), 'chr(''90'') chr(''87'')');
insert into "SCOTT"."STRESS_AllChars_Child" values (chr(90), chr(88), 'chr(''90'') chr(''88'')');
insert into "SCOTT"."STRESS_AllChars_Child" values (chr(90), chr(89), 'chr(''90'') chr(''89'')');
insert into "SCOTT"."STRESS_AllChars_Child" values (chr(90), chr(90), 'chr(''90'') chr(''90'')');
insert into "SCOTT"."STRESS_AllChars_Child" values (chr(90), chr(91), 'chr(''90'') chr(''91'')');
insert into "SCOTT"."STRESS_AllChars_Child" values (chr(90), chr(92), 'chr(''90'') chr(''92'')');
insert into "SCOTT"."STRESS_AllChars_Child" values (chr(90), chr(93), 'chr(''90'') chr(''93'')');
insert into "SCOTT"."STRESS_AllChars_Child" values (chr(90), chr(94), 'chr(''90'') chr(''94'')');
insert into "SCOTT"."STRESS_AllChars_Child" values (chr(90), chr(95), 'chr(''90'') chr(''95'')');
insert into "SCOTT"."STRESS_AllChars" values (chr(91), 'chr(''91'')');
insert into "SCOTT"."STRESS_AllChars_Child" values (chr(91), chr(86), 'chr(''91'') chr(''86'')');
insert into "SCOTT"."STRESS_AllChars_Child" values (chr(91), chr(87), 'chr(''91'') chr(''87'')');
insert into "SCOTT"."STRESS_AllChars_Child" values (chr(91), chr(88), 'chr(''91'') chr(''88'')');
insert into "SCOTT"."STRESS_AllChars_Child" values (chr(91), chr(89), 'chr(''91'') chr(''89'')');
insert into "SCOTT"."STRESS_AllChars_Child" values (chr(91), chr(90), 'chr(''91'') chr(''90'')');
insert into "SCOTT"."STRESS_AllChars_Child" values (chr(91), chr(91), 'chr(''91'') chr(''91'')');
insert into "SCOTT"."STRESS_AllChars_Child" values (chr(91), chr(92), 'chr(''91'') chr(''92'')');
insert into "SCOTT"."STRESS_AllChars_Child" values (chr(91), chr(93), 'chr(''91'') chr(''93'')');
insert into "SCOTT"."STRESS_AllChars_Child" values (chr(91), chr(94), 'chr(''91'') chr(''94'')');
insert into "SCOTT"."STRESS_AllChars_Child" values (chr(91), chr(95), 'chr(''91'') chr(''95'')');
insert into "SCOTT"."STRESS_AllChars_Child" values (chr(91), chr(96), 'chr(''91'') chr(''96'')');
insert into "SCOTT"."STRESS_AllChars" values (chr(92), 'chr(''92'')');
insert into "SCOTT"."STRESS_AllChars_Child" values (chr(92), chr(87), 'chr(''92'') chr(''87'')');
insert into "SCOTT"."STRESS_AllChars_Child" values (chr(92), chr(88), 'chr(''92'') chr(''88'')');
insert into "SCOTT"."STRESS_AllChars_Child" values (chr(92), chr(89), 'chr(''92'') chr(''89'')');
insert into "SCOTT"."STRESS_AllChars_Child" values (chr(92), chr(90), 'chr(''92'') chr(''90'')');
insert into "SCOTT"."STRESS_AllChars_Child" values (chr(92), chr(91), 'chr(''92'') chr(''91'')');
insert into "SCOTT"."STRESS_AllChars_Child" values (chr(92), chr(92), 'chr(''92'') chr(''92'')');
insert into "SCOTT"."STRESS_AllChars_Child" values (chr(92), chr(93), 'chr(''92'') chr(''93'')');
insert into "SCOTT"."STRESS_AllChars_Child" values (chr(92), chr(94), 'chr(''92'') chr(''94'')');
insert into "SCOTT"."STRESS_AllChars_Child" values (chr(92), chr(95), 'chr(''92'') chr(''95'')');
insert into "SCOTT"."STRESS_AllChars_Child" values (chr(92), chr(96), 'chr(''92'') chr(''96'')');
insert into "SCOTT"."STRESS_AllChars_Child" values (chr(92), chr(97), 'chr(''92'') chr(''97'')');
insert into "SCOTT"."STRESS_AllChars" values (chr(93), 'chr(''93'')');
insert into "SCOTT"."STRESS_AllChars_Child" values (chr(93), chr(88), 'chr(''93'') chr(''88'')');
insert into "SCOTT"."STRESS_AllChars_Child" values (chr(93), chr(89), 'chr(''93'') chr(''89'')');
insert into "SCOTT"."STRESS_AllChars_Child" values (chr(93), chr(90), 'chr(''93'') chr(''90'')');
insert into "SCOTT"."STRESS_AllChars_Child" values (chr(93), chr(91), 'chr(''93'') chr(''91'')');
insert into "SCOTT"."STRESS_AllChars_Child" values (chr(93), chr(92), 'chr(''93'') chr(''92'')');
insert into "SCOTT"."STRESS_AllChars_Child" values (chr(93), chr(93), 'chr(''93'') chr(''93'')');
insert into "SCOTT"."STRESS_AllChars_Child" values (chr(93), chr(94), 'chr(''93'') chr(''94'')');
insert into "SCOTT"."STRESS_AllChars_Child" values (chr(93), chr(95), 'chr(''93'') chr(''95'')');
insert into "SCOTT"."STRESS_AllChars_Child" values (chr(93), chr(96), 'chr(''93'') chr(''96'')');
insert into "SCOTT"."STRESS_AllChars_Child" values (chr(93), chr(97), 'chr(''93'') chr(''97'')');
insert into "SCOTT"."STRESS_AllChars_Child" values (chr(93), chr(98), 'chr(''93'') chr(''98'')');
insert into "SCOTT"."STRESS_AllChars" values (chr(94), 'chr(''94'')');
insert into "SCOTT"."STRESS_AllChars_Child" values (chr(94), chr(89), 'chr(''94'') chr(''89'')');
insert into "SCOTT"."STRESS_AllChars_Child" values (chr(94), chr(90), 'chr(''94'') chr(''90'')');
insert into "SCOTT"."STRESS_AllChars_Child" values (chr(94), chr(91), 'chr(''94'') chr(''91'')');
insert into "SCOTT"."STRESS_AllChars_Child" values (chr(94), chr(92), 'chr(''94'') chr(''92'')');
insert into "SCOTT"."STRESS_AllChars_Child" values (chr(94), chr(93), 'chr(''94'') chr(''93'')');
insert into "SCOTT"."STRESS_AllChars_Child" values (chr(94), chr(94), 'chr(''94'') chr(''94'')');
insert into "SCOTT"."STRESS_AllChars_Child" values (chr(94), chr(95), 'chr(''94'') chr(''95'')');
insert into "SCOTT"."STRESS_AllChars_Child" values (chr(94), chr(96), 'chr(''94'') chr(''96'')');
insert into "SCOTT"."STRESS_AllChars_Child" values (chr(94), chr(97), 'chr(''94'') chr(''97'')');
insert into "SCOTT"."STRESS_AllChars_Child" values (chr(94), chr(98), 'chr(''94'') chr(''98'')');
insert into "SCOTT"."STRESS_AllChars_Child" values (chr(94), chr(99), 'chr(''94'') chr(''99'')');
insert into "SCOTT"."STRESS_AllChars" values (chr(95), 'chr(''95'')');
insert into "SCOTT"."STRESS_AllChars_Child" values (chr(95), chr(90), 'chr(''95'') chr(''90'')');
insert into "SCOTT"."STRESS_AllChars_Child" values (chr(95), chr(91), 'chr(''95'') chr(''91'')');
insert into "SCOTT"."STRESS_AllChars_Child" values (chr(95), chr(92), 'chr(''95'') chr(''92'')');
insert into "SCOTT"."STRESS_AllChars_Child" values (chr(95), chr(93), 'chr(''95'') chr(''93'')');
insert into "SCOTT"."STRESS_AllChars_Child" values (chr(95), chr(94), 'chr(''95'') chr(''94'')');
insert into "SCOTT"."STRESS_AllChars_Child" values (chr(95), chr(95), 'chr(''95'') chr(''95'')');
insert into "SCOTT"."STRESS_AllChars_Child" values (chr(95), chr(96), 'chr(''95'') chr(''96'')');
insert into "SCOTT"."STRESS_AllChars_Child" values (chr(95), chr(97), 'chr(''95'') chr(''97'')');
insert into "SCOTT"."STRESS_AllChars_Child" values (chr(95), chr(98), 'chr(''95'') chr(''98'')');
insert into "SCOTT"."STRESS_AllChars_Child" values (chr(95), chr(99), 'chr(''95'') chr(''99'')');
insert into "SCOTT"."STRESS_AllChars_Child" values (chr(95), chr(100), 'chr(''95'') chr(''100'')');
insert into "SCOTT"."STRESS_AllChars" values (chr(96), 'chr(''96'')');
insert into "SCOTT"."STRESS_AllChars_Child" values (chr(96), chr(91), 'chr(''96'') chr(''91'')');
insert into "SCOTT"."STRESS_AllChars_Child" values (chr(96), chr(92), 'chr(''96'') chr(''92'')');
insert into "SCOTT"."STRESS_AllChars_Child" values (chr(96), chr(93), 'chr(''96'') chr(''93'')');
insert into "SCOTT"."STRESS_AllChars_Child" values (chr(96), chr(94), 'chr(''96'') chr(''94'')');
insert into "SCOTT"."STRESS_AllChars_Child" values (chr(96), chr(95), 'chr(''96'') chr(''95'')');
insert into "SCOTT"."STRESS_AllChars_Child" values (chr(96), chr(96), 'chr(''96'') chr(''96'')');
insert into "SCOTT"."STRESS_AllChars_Child" values (chr(96), chr(97), 'chr(''96'') chr(''97'')');
insert into "SCOTT"."STRESS_AllChars_Child" values (chr(96), chr(98), 'chr(''96'') chr(''98'')');
insert into "SCOTT"."STRESS_AllChars_Child" values (chr(96), chr(99), 'chr(''96'') chr(''99'')');
insert into "SCOTT"."STRESS_AllChars_Child" values (chr(96), chr(100), 'chr(''96'') chr(''100'')');
insert into "SCOTT"."STRESS_AllChars_Child" values (chr(96), chr(101), 'chr(''96'') chr(''101'')');
insert into "SCOTT"."STRESS_AllChars" values (chr(97), 'chr(''97'')');
insert into "SCOTT"."STRESS_AllChars_Child" values (chr(97), chr(92), 'chr(''97'') chr(''92'')');
insert into "SCOTT"."STRESS_AllChars_Child" values (chr(97), chr(93), 'chr(''97'') chr(''93'')');
insert into "SCOTT"."STRESS_AllChars_Child" values (chr(97), chr(94), 'chr(''97'') chr(''94'')');
insert into "SCOTT"."STRESS_AllChars_Child" values (chr(97), chr(95), 'chr(''97'') chr(''95'')');
insert into "SCOTT"."STRESS_AllChars_Child" values (chr(97), chr(96), 'chr(''97'') chr(''96'')');
insert into "SCOTT"."STRESS_AllChars_Child" values (chr(97), chr(97), 'chr(''97'') chr(''97'')');
insert into "SCOTT"."STRESS_AllChars_Child" values (chr(97), chr(98), 'chr(''97'') chr(''98'')');
insert into "SCOTT"."STRESS_AllChars_Child" values (chr(97), chr(99), 'chr(''97'') chr(''99'')');
insert into "SCOTT"."STRESS_AllChars_Child" values (chr(97), chr(100), 'chr(''97'') chr(''100'')');
insert into "SCOTT"."STRESS_AllChars_Child" values (chr(97), chr(101), 'chr(''97'') chr(''101'')');
insert into "SCOTT"."STRESS_AllChars_Child" values (chr(97), chr(102), 'chr(''97'') chr(''102'')');
insert into "SCOTT"."STRESS_AllChars" values (chr(98), 'chr(''98'')');
insert into "SCOTT"."STRESS_AllChars_Child" values (chr(98), chr(93), 'chr(''98'') chr(''93'')');
insert into "SCOTT"."STRESS_AllChars_Child" values (chr(98), chr(94), 'chr(''98'') chr(''94'')');
insert into "SCOTT"."STRESS_AllChars_Child" values (chr(98), chr(95), 'chr(''98'') chr(''95'')');
insert into "SCOTT"."STRESS_AllChars_Child" values (chr(98), chr(96), 'chr(''98'') chr(''96'')');
insert into "SCOTT"."STRESS_AllChars_Child" values (chr(98), chr(97), 'chr(''98'') chr(''97'')');
insert into "SCOTT"."STRESS_AllChars_Child" values (chr(98), chr(98), 'chr(''98'') chr(''98'')');
insert into "SCOTT"."STRESS_AllChars_Child" values (chr(98), chr(99), 'chr(''98'') chr(''99'')');
insert into "SCOTT"."STRESS_AllChars_Child" values (chr(98), chr(100), 'chr(''98'') chr(''100'')');
insert into "SCOTT"."STRESS_AllChars_Child" values (chr(98), chr(101), 'chr(''98'') chr(''101'')');
insert into "SCOTT"."STRESS_AllChars_Child" values (chr(98), chr(102), 'chr(''98'') chr(''102'')');
insert into "SCOTT"."STRESS_AllChars_Child" values (chr(98), chr(103), 'chr(''98'') chr(''103'')');
insert into "SCOTT"."STRESS_AllChars" values (chr(99), 'chr(''99'')');
insert into "SCOTT"."STRESS_AllChars_Child" values (chr(99), chr(94), 'chr(''99'') chr(''94'')');
insert into "SCOTT"."STRESS_AllChars_Child" values (chr(99), chr(95), 'chr(''99'') chr(''95'')');
insert into "SCOTT"."STRESS_AllChars_Child" values (chr(99), chr(96), 'chr(''99'') chr(''96'')');
insert into "SCOTT"."STRESS_AllChars_Child" values (chr(99), chr(97), 'chr(''99'') chr(''97'')');
insert into "SCOTT"."STRESS_AllChars_Child" values (chr(99), chr(98), 'chr(''99'') chr(''98'')');
insert into "SCOTT"."STRESS_AllChars_Child" values (chr(99), chr(99), 'chr(''99'') chr(''99'')');
insert into "SCOTT"."STRESS_AllChars_Child" values (chr(99), chr(100), 'chr(''99'') chr(''100'')');
insert into "SCOTT"."STRESS_AllChars_Child" values (chr(99), chr(101), 'chr(''99'') chr(''101'')');
insert into "SCOTT"."STRESS_AllChars_Child" values (chr(99), chr(102), 'chr(''99'') chr(''102'')');
insert into "SCOTT"."STRESS_AllChars_Child" values (chr(99), chr(103), 'chr(''99'') chr(''103'')');
insert into "SCOTT"."STRESS_AllChars_Child" values (chr(99), chr(104), 'chr(''99'') chr(''104'')');
insert into "SCOTT"."STRESS_AllChars" values (chr(100), 'chr(''100'')');
insert into "SCOTT"."STRESS_AllChars_Child" values (chr(100), chr(95), 'chr(''100'') chr(''95'')');
insert into "SCOTT"."STRESS_AllChars_Child" values (chr(100), chr(96), 'chr(''100'') chr(''96'')');
insert into "SCOTT"."STRESS_AllChars_Child" values (chr(100), chr(97), 'chr(''100'') chr(''97'')');
insert into "SCOTT"."STRESS_AllChars_Child" values (chr(100), chr(98), 'chr(''100'') chr(''98'')');
insert into "SCOTT"."STRESS_AllChars_Child" values (chr(100), chr(99), 'chr(''100'') chr(''99'')');
insert into "SCOTT"."STRESS_AllChars_Child" values (chr(100), chr(100), 'chr(''100'') chr(''100'')');
insert into "SCOTT"."STRESS_AllChars_Child" values (chr(100), chr(101), 'chr(''100'') chr(''101'')');
insert into "SCOTT"."STRESS_AllChars_Child" values (chr(100), chr(102), 'chr(''100'') chr(''102'')');
insert into "SCOTT"."STRESS_AllChars_Child" values (chr(100), chr(103), 'chr(''100'') chr(''103'')');
insert into "SCOTT"."STRESS_AllChars_Child" values (chr(100), chr(104), 'chr(''100'') chr(''104'')');
insert into "SCOTT"."STRESS_AllChars_Child" values (chr(100), chr(105), 'chr(''100'') chr(''105'')');
insert into "SCOTT"."STRESS_AllChars" values (chr(101), 'chr(''101'')');
insert into "SCOTT"."STRESS_AllChars_Child" values (chr(101), chr(96), 'chr(''101'') chr(''96'')');
insert into "SCOTT"."STRESS_AllChars_Child" values (chr(101), chr(97), 'chr(''101'') chr(''97'')');
insert into "SCOTT"."STRESS_AllChars_Child" values (chr(101), chr(98), 'chr(''101'') chr(''98'')');
insert into "SCOTT"."STRESS_AllChars_Child" values (chr(101), chr(99), 'chr(''101'') chr(''99'')');
insert into "SCOTT"."STRESS_AllChars_Child" values (chr(101), chr(100), 'chr(''101'') chr(''100'')');
insert into "SCOTT"."STRESS_AllChars_Child" values (chr(101), chr(101), 'chr(''101'') chr(''101'')');
insert into "SCOTT"."STRESS_AllChars_Child" values (chr(101), chr(102), 'chr(''101'') chr(''102'')');
insert into "SCOTT"."STRESS_AllChars_Child" values (chr(101), chr(103), 'chr(''101'') chr(''103'')');
insert into "SCOTT"."STRESS_AllChars_Child" values (chr(101), chr(104), 'chr(''101'') chr(''104'')');
insert into "SCOTT"."STRESS_AllChars_Child" values (chr(101), chr(105), 'chr(''101'') chr(''105'')');
insert into "SCOTT"."STRESS_AllChars_Child" values (chr(101), chr(106), 'chr(''101'') chr(''106'')');
insert into "SCOTT"."STRESS_AllChars" values (chr(102), 'chr(''102'')');
insert into "SCOTT"."STRESS_AllChars_Child" values (chr(102), chr(97), 'chr(''102'') chr(''97'')');
insert into "SCOTT"."STRESS_AllChars_Child" values (chr(102), chr(98), 'chr(''102'') chr(''98'')');
insert into "SCOTT"."STRESS_AllChars_Child" values (chr(102), chr(99), 'chr(''102'') chr(''99'')');
insert into "SCOTT"."STRESS_AllChars_Child" values (chr(102), chr(100), 'chr(''102'') chr(''100'')');
insert into "SCOTT"."STRESS_AllChars_Child" values (chr(102), chr(101), 'chr(''102'') chr(''101'')');
insert into "SCOTT"."STRESS_AllChars_Child" values (chr(102), chr(102), 'chr(''102'') chr(''102'')');
insert into "SCOTT"."STRESS_AllChars_Child" values (chr(102), chr(103), 'chr(''102'') chr(''103'')');
insert into "SCOTT"."STRESS_AllChars_Child" values (chr(102), chr(104), 'chr(''102'') chr(''104'')');
insert into "SCOTT"."STRESS_AllChars_Child" values (chr(102), chr(105), 'chr(''102'') chr(''105'')');
insert into "SCOTT"."STRESS_AllChars_Child" values (chr(102), chr(106), 'chr(''102'') chr(''106'')');
insert into "SCOTT"."STRESS_AllChars_Child" values (chr(102), chr(107), 'chr(''102'') chr(''107'')');
insert into "SCOTT"."STRESS_AllChars" values (chr(103), 'chr(''103'')');
insert into "SCOTT"."STRESS_AllChars_Child" values (chr(103), chr(98), 'chr(''103'') chr(''98'')');
insert into "SCOTT"."STRESS_AllChars_Child" values (chr(103), chr(99), 'chr(''103'') chr(''99'')');
insert into "SCOTT"."STRESS_AllChars_Child" values (chr(103), chr(100), 'chr(''103'') chr(''100'')');
insert into "SCOTT"."STRESS_AllChars_Child" values (chr(103), chr(101), 'chr(''103'') chr(''101'')');
insert into "SCOTT"."STRESS_AllChars_Child" values (chr(103), chr(102), 'chr(''103'') chr(''102'')');
insert into "SCOTT"."STRESS_AllChars_Child" values (chr(103), chr(103), 'chr(''103'') chr(''103'')');
insert into "SCOTT"."STRESS_AllChars_Child" values (chr(103), chr(104), 'chr(''103'') chr(''104'')');
insert into "SCOTT"."STRESS_AllChars_Child" values (chr(103), chr(105), 'chr(''103'') chr(''105'')');
insert into "SCOTT"."STRESS_AllChars_Child" values (chr(103), chr(106), 'chr(''103'') chr(''106'')');
insert into "SCOTT"."STRESS_AllChars_Child" values (chr(103), chr(107), 'chr(''103'') chr(''107'')');
insert into "SCOTT"."STRESS_AllChars_Child" values (chr(103), chr(108), 'chr(''103'') chr(''108'')');
insert into "SCOTT"."STRESS_AllChars" values (chr(104), 'chr(''104'')');
insert into "SCOTT"."STRESS_AllChars_Child" values (chr(104), chr(99), 'chr(''104'') chr(''99'')');
insert into "SCOTT"."STRESS_AllChars_Child" values (chr(104), chr(100), 'chr(''104'') chr(''100'')');
insert into "SCOTT"."STRESS_AllChars_Child" values (chr(104), chr(101), 'chr(''104'') chr(''101'')');
insert into "SCOTT"."STRESS_AllChars_Child" values (chr(104), chr(102), 'chr(''104'') chr(''102'')');
insert into "SCOTT"."STRESS_AllChars_Child" values (chr(104), chr(103), 'chr(''104'') chr(''103'')');
insert into "SCOTT"."STRESS_AllChars_Child" values (chr(104), chr(104), 'chr(''104'') chr(''104'')');
insert into "SCOTT"."STRESS_AllChars_Child" values (chr(104), chr(105), 'chr(''104'') chr(''105'')');
insert into "SCOTT"."STRESS_AllChars_Child" values (chr(104), chr(106), 'chr(''104'') chr(''106'')');
insert into "SCOTT"."STRESS_AllChars_Child" values (chr(104), chr(107), 'chr(''104'') chr(''107'')');
insert into "SCOTT"."STRESS_AllChars_Child" values (chr(104), chr(108), 'chr(''104'') chr(''108'')');
insert into "SCOTT"."STRESS_AllChars_Child" values (chr(104), chr(109), 'chr(''104'') chr(''109'')');
insert into "SCOTT"."STRESS_AllChars" values (chr(105), 'chr(''105'')');
insert into "SCOTT"."STRESS_AllChars_Child" values (chr(105), chr(100), 'chr(''105'') chr(''100'')');
insert into "SCOTT"."STRESS_AllChars_Child" values (chr(105), chr(101), 'chr(''105'') chr(''101'')');
insert into "SCOTT"."STRESS_AllChars_Child" values (chr(105), chr(102), 'chr(''105'') chr(''102'')');
insert into "SCOTT"."STRESS_AllChars_Child" values (chr(105), chr(103), 'chr(''105'') chr(''103'')');
insert into "SCOTT"."STRESS_AllChars_Child" values (chr(105), chr(104), 'chr(''105'') chr(''104'')');
insert into "SCOTT"."STRESS_AllChars_Child" values (chr(105), chr(105), 'chr(''105'') chr(''105'')');
insert into "SCOTT"."STRESS_AllChars_Child" values (chr(105), chr(106), 'chr(''105'') chr(''106'')');
insert into "SCOTT"."STRESS_AllChars_Child" values (chr(105), chr(107), 'chr(''105'') chr(''107'')');
insert into "SCOTT"."STRESS_AllChars_Child" values (chr(105), chr(108), 'chr(''105'') chr(''108'')');
insert into "SCOTT"."STRESS_AllChars_Child" values (chr(105), chr(109), 'chr(''105'') chr(''109'')');
insert into "SCOTT"."STRESS_AllChars_Child" values (chr(105), chr(110), 'chr(''105'') chr(''110'')');
insert into "SCOTT"."STRESS_AllChars" values (chr(106), 'chr(''106'')');
insert into "SCOTT"."STRESS_AllChars_Child" values (chr(106), chr(101), 'chr(''106'') chr(''101'')');
insert into "SCOTT"."STRESS_AllChars_Child" values (chr(106), chr(102), 'chr(''106'') chr(''102'')');
insert into "SCOTT"."STRESS_AllChars_Child" values (chr(106), chr(103), 'chr(''106'') chr(''103'')');
insert into "SCOTT"."STRESS_AllChars_Child" values (chr(106), chr(104), 'chr(''106'') chr(''104'')');
insert into "SCOTT"."STRESS_AllChars_Child" values (chr(106), chr(105), 'chr(''106'') chr(''105'')');
insert into "SCOTT"."STRESS_AllChars_Child" values (chr(106), chr(106), 'chr(''106'') chr(''106'')');
insert into "SCOTT"."STRESS_AllChars_Child" values (chr(106), chr(107), 'chr(''106'') chr(''107'')');
insert into "SCOTT"."STRESS_AllChars_Child" values (chr(106), chr(108), 'chr(''106'') chr(''108'')');
insert into "SCOTT"."STRESS_AllChars_Child" values (chr(106), chr(109), 'chr(''106'') chr(''109'')');
insert into "SCOTT"."STRESS_AllChars_Child" values (chr(106), chr(110), 'chr(''106'') chr(''110'')');
insert into "SCOTT"."STRESS_AllChars_Child" values (chr(106), chr(111), 'chr(''106'') chr(''111'')');
insert into "SCOTT"."STRESS_AllChars" values (chr(107), 'chr(''107'')');
insert into "SCOTT"."STRESS_AllChars_Child" values (chr(107), chr(102), 'chr(''107'') chr(''102'')');
insert into "SCOTT"."STRESS_AllChars_Child" values (chr(107), chr(103), 'chr(''107'') chr(''103'')');
insert into "SCOTT"."STRESS_AllChars_Child" values (chr(107), chr(104), 'chr(''107'') chr(''104'')');
insert into "SCOTT"."STRESS_AllChars_Child" values (chr(107), chr(105), 'chr(''107'') chr(''105'')');
insert into "SCOTT"."STRESS_AllChars_Child" values (chr(107), chr(106), 'chr(''107'') chr(''106'')');
insert into "SCOTT"."STRESS_AllChars_Child" values (chr(107), chr(107), 'chr(''107'') chr(''107'')');
insert into "SCOTT"."STRESS_AllChars_Child" values (chr(107), chr(108), 'chr(''107'') chr(''108'')');
insert into "SCOTT"."STRESS_AllChars_Child" values (chr(107), chr(109), 'chr(''107'') chr(''109'')');
insert into "SCOTT"."STRESS_AllChars_Child" values (chr(107), chr(110), 'chr(''107'') chr(''110'')');
insert into "SCOTT"."STRESS_AllChars_Child" values (chr(107), chr(111), 'chr(''107'') chr(''111'')');
insert into "SCOTT"."STRESS_AllChars_Child" values (chr(107), chr(112), 'chr(''107'') chr(''112'')');
insert into "SCOTT"."STRESS_AllChars" values (chr(108), 'chr(''108'')');
insert into "SCOTT"."STRESS_AllChars_Child" values (chr(108), chr(103), 'chr(''108'') chr(''103'')');
insert into "SCOTT"."STRESS_AllChars_Child" values (chr(108), chr(104), 'chr(''108'') chr(''104'')');
insert into "SCOTT"."STRESS_AllChars_Child" values (chr(108), chr(105), 'chr(''108'') chr(''105'')');
insert into "SCOTT"."STRESS_AllChars_Child" values (chr(108), chr(106), 'chr(''108'') chr(''106'')');
insert into "SCOTT"."STRESS_AllChars_Child" values (chr(108), chr(107), 'chr(''108'') chr(''107'')');
insert into "SCOTT"."STRESS_AllChars_Child" values (chr(108), chr(108), 'chr(''108'') chr(''108'')');
insert into "SCOTT"."STRESS_AllChars_Child" values (chr(108), chr(109), 'chr(''108'') chr(''109'')');
insert into "SCOTT"."STRESS_AllChars_Child" values (chr(108), chr(110), 'chr(''108'') chr(''110'')');
insert into "SCOTT"."STRESS_AllChars_Child" values (chr(108), chr(111), 'chr(''108'') chr(''111'')');
insert into "SCOTT"."STRESS_AllChars_Child" values (chr(108), chr(112), 'chr(''108'') chr(''112'')');
insert into "SCOTT"."STRESS_AllChars_Child" values (chr(108), chr(113), 'chr(''108'') chr(''113'')');
insert into "SCOTT"."STRESS_AllChars" values (chr(109), 'chr(''109'')');
insert into "SCOTT"."STRESS_AllChars_Child" values (chr(109), chr(104), 'chr(''109'') chr(''104'')');
insert into "SCOTT"."STRESS_AllChars_Child" values (chr(109), chr(105), 'chr(''109'') chr(''105'')');
insert into "SCOTT"."STRESS_AllChars_Child" values (chr(109), chr(106), 'chr(''109'') chr(''106'')');
insert into "SCOTT"."STRESS_AllChars_Child" values (chr(109), chr(107), 'chr(''109'') chr(''107'')');
insert into "SCOTT"."STRESS_AllChars_Child" values (chr(109), chr(108), 'chr(''109'') chr(''108'')');
insert into "SCOTT"."STRESS_AllChars_Child" values (chr(109), chr(109), 'chr(''109'') chr(''109'')');
insert into "SCOTT"."STRESS_AllChars_Child" values (chr(109), chr(110), 'chr(''109'') chr(''110'')');
insert into "SCOTT"."STRESS_AllChars_Child" values (chr(109), chr(111), 'chr(''109'') chr(''111'')');
insert into "SCOTT"."STRESS_AllChars_Child" values (chr(109), chr(112), 'chr(''109'') chr(''112'')');
insert into "SCOTT"."STRESS_AllChars_Child" values (chr(109), chr(113), 'chr(''109'') chr(''113'')');
insert into "SCOTT"."STRESS_AllChars_Child" values (chr(109), chr(114), 'chr(''109'') chr(''114'')');
insert into "SCOTT"."STRESS_AllChars" values (chr(110), 'chr(''110'')');
insert into "SCOTT"."STRESS_AllChars_Child" values (chr(110), chr(105), 'chr(''110'') chr(''105'')');
insert into "SCOTT"."STRESS_AllChars_Child" values (chr(110), chr(106), 'chr(''110'') chr(''106'')');
insert into "SCOTT"."STRESS_AllChars_Child" values (chr(110), chr(107), 'chr(''110'') chr(''107'')');
insert into "SCOTT"."STRESS_AllChars_Child" values (chr(110), chr(108), 'chr(''110'') chr(''108'')');
insert into "SCOTT"."STRESS_AllChars_Child" values (chr(110), chr(109), 'chr(''110'') chr(''109'')');
insert into "SCOTT"."STRESS_AllChars_Child" values (chr(110), chr(110), 'chr(''110'') chr(''110'')');
insert into "SCOTT"."STRESS_AllChars_Child" values (chr(110), chr(111), 'chr(''110'') chr(''111'')');
insert into "SCOTT"."STRESS_AllChars_Child" values (chr(110), chr(112), 'chr(''110'') chr(''112'')');
insert into "SCOTT"."STRESS_AllChars_Child" values (chr(110), chr(113), 'chr(''110'') chr(''113'')');
insert into "SCOTT"."STRESS_AllChars_Child" values (chr(110), chr(114), 'chr(''110'') chr(''114'')');
insert into "SCOTT"."STRESS_AllChars_Child" values (chr(110), chr(115), 'chr(''110'') chr(''115'')');
insert into "SCOTT"."STRESS_AllChars" values (chr(111), 'chr(''111'')');
insert into "SCOTT"."STRESS_AllChars_Child" values (chr(111), chr(106), 'chr(''111'') chr(''106'')');
insert into "SCOTT"."STRESS_AllChars_Child" values (chr(111), chr(107), 'chr(''111'') chr(''107'')');
insert into "SCOTT"."STRESS_AllChars_Child" values (chr(111), chr(108), 'chr(''111'') chr(''108'')');
insert into "SCOTT"."STRESS_AllChars_Child" values (chr(111), chr(109), 'chr(''111'') chr(''109'')');
insert into "SCOTT"."STRESS_AllChars_Child" values (chr(111), chr(110), 'chr(''111'') chr(''110'')');
insert into "SCOTT"."STRESS_AllChars_Child" values (chr(111), chr(111), 'chr(''111'') chr(''111'')');
insert into "SCOTT"."STRESS_AllChars_Child" values (chr(111), chr(112), 'chr(''111'') chr(''112'')');
insert into "SCOTT"."STRESS_AllChars_Child" values (chr(111), chr(113), 'chr(''111'') chr(''113'')');
insert into "SCOTT"."STRESS_AllChars_Child" values (chr(111), chr(114), 'chr(''111'') chr(''114'')');
insert into "SCOTT"."STRESS_AllChars_Child" values (chr(111), chr(115), 'chr(''111'') chr(''115'')');
insert into "SCOTT"."STRESS_AllChars_Child" values (chr(111), chr(116), 'chr(''111'') chr(''116'')');
insert into "SCOTT"."STRESS_AllChars" values (chr(112), 'chr(''112'')');
insert into "SCOTT"."STRESS_AllChars_Child" values (chr(112), chr(107), 'chr(''112'') chr(''107'')');
insert into "SCOTT"."STRESS_AllChars_Child" values (chr(112), chr(108), 'chr(''112'') chr(''108'')');
insert into "SCOTT"."STRESS_AllChars_Child" values (chr(112), chr(109), 'chr(''112'') chr(''109'')');
insert into "SCOTT"."STRESS_AllChars_Child" values (chr(112), chr(110), 'chr(''112'') chr(''110'')');
insert into "SCOTT"."STRESS_AllChars_Child" values (chr(112), chr(111), 'chr(''112'') chr(''111'')');
insert into "SCOTT"."STRESS_AllChars_Child" values (chr(112), chr(112), 'chr(''112'') chr(''112'')');
insert into "SCOTT"."STRESS_AllChars_Child" values (chr(112), chr(113), 'chr(''112'') chr(''113'')');
insert into "SCOTT"."STRESS_AllChars_Child" values (chr(112), chr(114), 'chr(''112'') chr(''114'')');
insert into "SCOTT"."STRESS_AllChars_Child" values (chr(112), chr(115), 'chr(''112'') chr(''115'')');
insert into "SCOTT"."STRESS_AllChars_Child" values (chr(112), chr(116), 'chr(''112'') chr(''116'')');
insert into "SCOTT"."STRESS_AllChars_Child" values (chr(112), chr(117), 'chr(''112'') chr(''117'')');
insert into "SCOTT"."STRESS_AllChars" values (chr(113), 'chr(''113'')');
insert into "SCOTT"."STRESS_AllChars_Child" values (chr(113), chr(108), 'chr(''113'') chr(''108'')');
insert into "SCOTT"."STRESS_AllChars_Child" values (chr(113), chr(109), 'chr(''113'') chr(''109'')');
insert into "SCOTT"."STRESS_AllChars_Child" values (chr(113), chr(110), 'chr(''113'') chr(''110'')');
insert into "SCOTT"."STRESS_AllChars_Child" values (chr(113), chr(111), 'chr(''113'') chr(''111'')');
insert into "SCOTT"."STRESS_AllChars_Child" values (chr(113), chr(112), 'chr(''113'') chr(''112'')');
insert into "SCOTT"."STRESS_AllChars_Child" values (chr(113), chr(113), 'chr(''113'') chr(''113'')');
insert into "SCOTT"."STRESS_AllChars_Child" values (chr(113), chr(114), 'chr(''113'') chr(''114'')');
insert into "SCOTT"."STRESS_AllChars_Child" values (chr(113), chr(115), 'chr(''113'') chr(''115'')');
insert into "SCOTT"."STRESS_AllChars_Child" values (chr(113), chr(116), 'chr(''113'') chr(''116'')');
insert into "SCOTT"."STRESS_AllChars_Child" values (chr(113), chr(117), 'chr(''113'') chr(''117'')');
insert into "SCOTT"."STRESS_AllChars_Child" values (chr(113), chr(118), 'chr(''113'') chr(''118'')');
insert into "SCOTT"."STRESS_AllChars" values (chr(114), 'chr(''114'')');
insert into "SCOTT"."STRESS_AllChars_Child" values (chr(114), chr(109), 'chr(''114'') chr(''109'')');
insert into "SCOTT"."STRESS_AllChars_Child" values (chr(114), chr(110), 'chr(''114'') chr(''110'')');
insert into "SCOTT"."STRESS_AllChars_Child" values (chr(114), chr(111), 'chr(''114'') chr(''111'')');
insert into "SCOTT"."STRESS_AllChars_Child" values (chr(114), chr(112), 'chr(''114'') chr(''112'')');
insert into "SCOTT"."STRESS_AllChars_Child" values (chr(114), chr(113), 'chr(''114'') chr(''113'')');
insert into "SCOTT"."STRESS_AllChars_Child" values (chr(114), chr(114), 'chr(''114'') chr(''114'')');
insert into "SCOTT"."STRESS_AllChars_Child" values (chr(114), chr(115), 'chr(''114'') chr(''115'')');
insert into "SCOTT"."STRESS_AllChars_Child" values (chr(114), chr(116), 'chr(''114'') chr(''116'')');
insert into "SCOTT"."STRESS_AllChars_Child" values (chr(114), chr(117), 'chr(''114'') chr(''117'')');
insert into "SCOTT"."STRESS_AllChars_Child" values (chr(114), chr(118), 'chr(''114'') chr(''118'')');
insert into "SCOTT"."STRESS_AllChars_Child" values (chr(114), chr(119), 'chr(''114'') chr(''119'')');
insert into "SCOTT"."STRESS_AllChars" values (chr(115), 'chr(''115'')');
insert into "SCOTT"."STRESS_AllChars_Child" values (chr(115), chr(110), 'chr(''115'') chr(''110'')');
insert into "SCOTT"."STRESS_AllChars_Child" values (chr(115), chr(111), 'chr(''115'') chr(''111'')');
insert into "SCOTT"."STRESS_AllChars_Child" values (chr(115), chr(112), 'chr(''115'') chr(''112'')');
insert into "SCOTT"."STRESS_AllChars_Child" values (chr(115), chr(113), 'chr(''115'') chr(''113'')');
insert into "SCOTT"."STRESS_AllChars_Child" values (chr(115), chr(114), 'chr(''115'') chr(''114'')');
insert into "SCOTT"."STRESS_AllChars_Child" values (chr(115), chr(115), 'chr(''115'') chr(''115'')');
insert into "SCOTT"."STRESS_AllChars_Child" values (chr(115), chr(116), 'chr(''115'') chr(''116'')');
insert into "SCOTT"."STRESS_AllChars_Child" values (chr(115), chr(117), 'chr(''115'') chr(''117'')');
insert into "SCOTT"."STRESS_AllChars_Child" values (chr(115), chr(118), 'chr(''115'') chr(''118'')');
insert into "SCOTT"."STRESS_AllChars_Child" values (chr(115), chr(119), 'chr(''115'') chr(''119'')');
insert into "SCOTT"."STRESS_AllChars_Child" values (chr(115), chr(120), 'chr(''115'') chr(''120'')');
insert into "SCOTT"."STRESS_AllChars" values (chr(116), 'chr(''116'')');
insert into "SCOTT"."STRESS_AllChars_Child" values (chr(116), chr(111), 'chr(''116'') chr(''111'')');
insert into "SCOTT"."STRESS_AllChars_Child" values (chr(116), chr(112), 'chr(''116'') chr(''112'')');
insert into "SCOTT"."STRESS_AllChars_Child" values (chr(116), chr(113), 'chr(''116'') chr(''113'')');
insert into "SCOTT"."STRESS_AllChars_Child" values (chr(116), chr(114), 'chr(''116'') chr(''114'')');
insert into "SCOTT"."STRESS_AllChars_Child" values (chr(116), chr(115), 'chr(''116'') chr(''115'')');
insert into "SCOTT"."STRESS_AllChars_Child" values (chr(116), chr(116), 'chr(''116'') chr(''116'')');
insert into "SCOTT"."STRESS_AllChars_Child" values (chr(116), chr(117), 'chr(''116'') chr(''117'')');
insert into "SCOTT"."STRESS_AllChars_Child" values (chr(116), chr(118), 'chr(''116'') chr(''118'')');
insert into "SCOTT"."STRESS_AllChars_Child" values (chr(116), chr(119), 'chr(''116'') chr(''119'')');
insert into "SCOTT"."STRESS_AllChars_Child" values (chr(116), chr(120), 'chr(''116'') chr(''120'')');
insert into "SCOTT"."STRESS_AllChars_Child" values (chr(116), chr(121), 'chr(''116'') chr(''121'')');
insert into "SCOTT"."STRESS_AllChars" values (chr(117), 'chr(''117'')');
insert into "SCOTT"."STRESS_AllChars_Child" values (chr(117), chr(112), 'chr(''117'') chr(''112'')');
insert into "SCOTT"."STRESS_AllChars_Child" values (chr(117), chr(113), 'chr(''117'') chr(''113'')');
insert into "SCOTT"."STRESS_AllChars_Child" values (chr(117), chr(114), 'chr(''117'') chr(''114'')');
insert into "SCOTT"."STRESS_AllChars_Child" values (chr(117), chr(115), 'chr(''117'') chr(''115'')');
insert into "SCOTT"."STRESS_AllChars_Child" values (chr(117), chr(116), 'chr(''117'') chr(''116'')');
insert into "SCOTT"."STRESS_AllChars_Child" values (chr(117), chr(117), 'chr(''117'') chr(''117'')');
insert into "SCOTT"."STRESS_AllChars_Child" values (chr(117), chr(118), 'chr(''117'') chr(''118'')');
insert into "SCOTT"."STRESS_AllChars_Child" values (chr(117), chr(119), 'chr(''117'') chr(''119'')');
insert into "SCOTT"."STRESS_AllChars_Child" values (chr(117), chr(120), 'chr(''117'') chr(''120'')');
insert into "SCOTT"."STRESS_AllChars_Child" values (chr(117), chr(121), 'chr(''117'') chr(''121'')');
insert into "SCOTT"."STRESS_AllChars_Child" values (chr(117), chr(122), 'chr(''117'') chr(''122'')');
insert into "SCOTT"."STRESS_AllChars" values (chr(118), 'chr(''118'')');
insert into "SCOTT"."STRESS_AllChars_Child" values (chr(118), chr(113), 'chr(''118'') chr(''113'')');
insert into "SCOTT"."STRESS_AllChars_Child" values (chr(118), chr(114), 'chr(''118'') chr(''114'')');
insert into "SCOTT"."STRESS_AllChars_Child" values (chr(118), chr(115), 'chr(''118'') chr(''115'')');
insert into "SCOTT"."STRESS_AllChars_Child" values (chr(118), chr(116), 'chr(''118'') chr(''116'')');
insert into "SCOTT"."STRESS_AllChars_Child" values (chr(118), chr(117), 'chr(''118'') chr(''117'')');
insert into "SCOTT"."STRESS_AllChars_Child" values (chr(118), chr(118), 'chr(''118'') chr(''118'')');
insert into "SCOTT"."STRESS_AllChars_Child" values (chr(118), chr(119), 'chr(''118'') chr(''119'')');
insert into "SCOTT"."STRESS_AllChars_Child" values (chr(118), chr(120), 'chr(''118'') chr(''120'')');
insert into "SCOTT"."STRESS_AllChars_Child" values (chr(118), chr(121), 'chr(''118'') chr(''121'')');
insert into "SCOTT"."STRESS_AllChars_Child" values (chr(118), chr(122), 'chr(''118'') chr(''122'')');
insert into "SCOTT"."STRESS_AllChars_Child" values (chr(118), chr(123), 'chr(''118'') chr(''123'')');
insert into "SCOTT"."STRESS_AllChars" values (chr(119), 'chr(''119'')');
insert into "SCOTT"."STRESS_AllChars_Child" values (chr(119), chr(114), 'chr(''119'') chr(''114'')');
insert into "SCOTT"."STRESS_AllChars_Child" values (chr(119), chr(115), 'chr(''119'') chr(''115'')');
insert into "SCOTT"."STRESS_AllChars_Child" values (chr(119), chr(116), 'chr(''119'') chr(''116'')');
insert into "SCOTT"."STRESS_AllChars_Child" values (chr(119), chr(117), 'chr(''119'') chr(''117'')');
insert into "SCOTT"."STRESS_AllChars_Child" values (chr(119), chr(118), 'chr(''119'') chr(''118'')');
insert into "SCOTT"."STRESS_AllChars_Child" values (chr(119), chr(119), 'chr(''119'') chr(''119'')');
insert into "SCOTT"."STRESS_AllChars_Child" values (chr(119), chr(120), 'chr(''119'') chr(''120'')');
insert into "SCOTT"."STRESS_AllChars_Child" values (chr(119), chr(121), 'chr(''119'') chr(''121'')');
insert into "SCOTT"."STRESS_AllChars_Child" values (chr(119), chr(122), 'chr(''119'') chr(''122'')');
insert into "SCOTT"."STRESS_AllChars_Child" values (chr(119), chr(123), 'chr(''119'') chr(''123'')');
insert into "SCOTT"."STRESS_AllChars_Child" values (chr(119), chr(124), 'chr(''119'') chr(''124'')');
insert into "SCOTT"."STRESS_AllChars" values (chr(120), 'chr(''120'')');
insert into "SCOTT"."STRESS_AllChars_Child" values (chr(120), chr(115), 'chr(''120'') chr(''115'')');
insert into "SCOTT"."STRESS_AllChars_Child" values (chr(120), chr(116), 'chr(''120'') chr(''116'')');
insert into "SCOTT"."STRESS_AllChars_Child" values (chr(120), chr(117), 'chr(''120'') chr(''117'')');
insert into "SCOTT"."STRESS_AllChars_Child" values (chr(120), chr(118), 'chr(''120'') chr(''118'')');
insert into "SCOTT"."STRESS_AllChars_Child" values (chr(120), chr(119), 'chr(''120'') chr(''119'')');
insert into "SCOTT"."STRESS_AllChars_Child" values (chr(120), chr(120), 'chr(''120'') chr(''120'')');
insert into "SCOTT"."STRESS_AllChars_Child" values (chr(120), chr(121), 'chr(''120'') chr(''121'')');
insert into "SCOTT"."STRESS_AllChars_Child" values (chr(120), chr(122), 'chr(''120'') chr(''122'')');
insert into "SCOTT"."STRESS_AllChars_Child" values (chr(120), chr(123), 'chr(''120'') chr(''123'')');
insert into "SCOTT"."STRESS_AllChars_Child" values (chr(120), chr(124), 'chr(''120'') chr(''124'')');
insert into "SCOTT"."STRESS_AllChars_Child" values (chr(120), chr(125), 'chr(''120'') chr(''125'')');
insert into "SCOTT"."STRESS_AllChars" values (chr(121), 'chr(''121'')');
insert into "SCOTT"."STRESS_AllChars_Child" values (chr(121), chr(116), 'chr(''121'') chr(''116'')');
insert into "SCOTT"."STRESS_AllChars_Child" values (chr(121), chr(117), 'chr(''121'') chr(''117'')');
insert into "SCOTT"."STRESS_AllChars_Child" values (chr(121), chr(118), 'chr(''121'') chr(''118'')');
insert into "SCOTT"."STRESS_AllChars_Child" values (chr(121), chr(119), 'chr(''121'') chr(''119'')');
insert into "SCOTT"."STRESS_AllChars_Child" values (chr(121), chr(120), 'chr(''121'') chr(''120'')');
insert into "SCOTT"."STRESS_AllChars_Child" values (chr(121), chr(121), 'chr(''121'') chr(''121'')');
insert into "SCOTT"."STRESS_AllChars_Child" values (chr(121), chr(122), 'chr(''121'') chr(''122'')');
insert into "SCOTT"."STRESS_AllChars_Child" values (chr(121), chr(123), 'chr(''121'') chr(''123'')');
insert into "SCOTT"."STRESS_AllChars_Child" values (chr(121), chr(124), 'chr(''121'') chr(''124'')');
insert into "SCOTT"."STRESS_AllChars_Child" values (chr(121), chr(125), 'chr(''121'') chr(''125'')');
insert into "SCOTT"."STRESS_AllChars_Child" values (chr(121), chr(126), 'chr(''121'') chr(''126'')');
insert into "SCOTT"."STRESS_AllChars" values (chr(122), 'chr(''122'')');
insert into "SCOTT"."STRESS_AllChars_Child" values (chr(122), chr(117), 'chr(''122'') chr(''117'')');
insert into "SCOTT"."STRESS_AllChars_Child" values (chr(122), chr(118), 'chr(''122'') chr(''118'')');
insert into "SCOTT"."STRESS_AllChars_Child" values (chr(122), chr(119), 'chr(''122'') chr(''119'')');
insert into "SCOTT"."STRESS_AllChars_Child" values (chr(122), chr(120), 'chr(''122'') chr(''120'')');
insert into "SCOTT"."STRESS_AllChars_Child" values (chr(122), chr(121), 'chr(''122'') chr(''121'')');
insert into "SCOTT"."STRESS_AllChars_Child" values (chr(122), chr(122), 'chr(''122'') chr(''122'')');
insert into "SCOTT"."STRESS_AllChars_Child" values (chr(122), chr(123), 'chr(''122'') chr(''123'')');
insert into "SCOTT"."STRESS_AllChars_Child" values (chr(122), chr(124), 'chr(''122'') chr(''124'')');
insert into "SCOTT"."STRESS_AllChars_Child" values (chr(122), chr(125), 'chr(''122'') chr(''125'')');
insert into "SCOTT"."STRESS_AllChars_Child" values (chr(122), chr(126), 'chr(''122'') chr(''126'')');
insert into "SCOTT"."STRESS_AllChars_Child" values (chr(122), chr(127), 'chr(''122'') chr(''127'')');
insert into "SCOTT"."STRESS_AllChars" values (chr(123), 'chr(''123'')');
insert into "SCOTT"."STRESS_AllChars_Child" values (chr(123), chr(118), 'chr(''123'') chr(''118'')');
insert into "SCOTT"."STRESS_AllChars_Child" values (chr(123), chr(119), 'chr(''123'') chr(''119'')');
insert into "SCOTT"."STRESS_AllChars_Child" values (chr(123), chr(120), 'chr(''123'') chr(''120'')');
insert into "SCOTT"."STRESS_AllChars_Child" values (chr(123), chr(121), 'chr(''123'') chr(''121'')');
insert into "SCOTT"."STRESS_AllChars_Child" values (chr(123), chr(122), 'chr(''123'') chr(''122'')');
insert into "SCOTT"."STRESS_AllChars_Child" values (chr(123), chr(123), 'chr(''123'') chr(''123'')');
insert into "SCOTT"."STRESS_AllChars_Child" values (chr(123), chr(124), 'chr(''123'') chr(''124'')');
insert into "SCOTT"."STRESS_AllChars_Child" values (chr(123), chr(125), 'chr(''123'') chr(''125'')');
insert into "SCOTT"."STRESS_AllChars_Child" values (chr(123), chr(126), 'chr(''123'') chr(''126'')');
insert into "SCOTT"."STRESS_AllChars_Child" values (chr(123), chr(127), 'chr(''123'') chr(''127'')');
insert into "SCOTT"."STRESS_AllChars_Child" values (chr(123), chr(128), 'chr(''123'') chr(''128'')');
insert into "SCOTT"."STRESS_AllChars" values (chr(124), 'chr(''124'')');
insert into "SCOTT"."STRESS_AllChars_Child" values (chr(124), chr(119), 'chr(''124'') chr(''119'')');
insert into "SCOTT"."STRESS_AllChars_Child" values (chr(124), chr(120), 'chr(''124'') chr(''120'')');
insert into "SCOTT"."STRESS_AllChars_Child" values (chr(124), chr(121), 'chr(''124'') chr(''121'')');
insert into "SCOTT"."STRESS_AllChars_Child" values (chr(124), chr(122), 'chr(''124'') chr(''122'')');
insert into "SCOTT"."STRESS_AllChars_Child" values (chr(124), chr(123), 'chr(''124'') chr(''123'')');
insert into "SCOTT"."STRESS_AllChars_Child" values (chr(124), chr(124), 'chr(''124'') chr(''124'')');
insert into "SCOTT"."STRESS_AllChars_Child" values (chr(124), chr(125), 'chr(''124'') chr(''125'')');
insert into "SCOTT"."STRESS_AllChars_Child" values (chr(124), chr(126), 'chr(''124'') chr(''126'')');
insert into "SCOTT"."STRESS_AllChars_Child" values (chr(124), chr(127), 'chr(''124'') chr(''127'')');
insert into "SCOTT"."STRESS_AllChars_Child" values (chr(124), chr(128), 'chr(''124'') chr(''128'')');
insert into "SCOTT"."STRESS_AllChars_Child" values (chr(124), chr(129), 'chr(''124'') chr(''129'')');
insert into "SCOTT"."STRESS_AllChars" values (chr(125), 'chr(''125'')');
insert into "SCOTT"."STRESS_AllChars_Child" values (chr(125), chr(120), 'chr(''125'') chr(''120'')');
insert into "SCOTT"."STRESS_AllChars_Child" values (chr(125), chr(121), 'chr(''125'') chr(''121'')');
insert into "SCOTT"."STRESS_AllChars_Child" values (chr(125), chr(122), 'chr(''125'') chr(''122'')');
insert into "SCOTT"."STRESS_AllChars_Child" values (chr(125), chr(123), 'chr(''125'') chr(''123'')');
insert into "SCOTT"."STRESS_AllChars_Child" values (chr(125), chr(124), 'chr(''125'') chr(''124'')');
insert into "SCOTT"."STRESS_AllChars_Child" values (chr(125), chr(125), 'chr(''125'') chr(''125'')');
insert into "SCOTT"."STRESS_AllChars_Child" values (chr(125), chr(126), 'chr(''125'') chr(''126'')');
insert into "SCOTT"."STRESS_AllChars_Child" values (chr(125), chr(127), 'chr(''125'') chr(''127'')');
insert into "SCOTT"."STRESS_AllChars_Child" values (chr(125), chr(128), 'chr(''125'') chr(''128'')');
insert into "SCOTT"."STRESS_AllChars_Child" values (chr(125), chr(129), 'chr(''125'') chr(''129'')');
insert into "SCOTT"."STRESS_AllChars_Child" values (chr(125), chr(130), 'chr(''125'') chr(''130'')');
insert into "SCOTT"."STRESS_AllChars" values (chr(126), 'chr(''126'')');
insert into "SCOTT"."STRESS_AllChars_Child" values (chr(126), chr(121), 'chr(''126'') chr(''121'')');
insert into "SCOTT"."STRESS_AllChars_Child" values (chr(126), chr(122), 'chr(''126'') chr(''122'')');
insert into "SCOTT"."STRESS_AllChars_Child" values (chr(126), chr(123), 'chr(''126'') chr(''123'')');
insert into "SCOTT"."STRESS_AllChars_Child" values (chr(126), chr(124), 'chr(''126'') chr(''124'')');
insert into "SCOTT"."STRESS_AllChars_Child" values (chr(126), chr(125), 'chr(''126'') chr(''125'')');
insert into "SCOTT"."STRESS_AllChars_Child" values (chr(126), chr(126), 'chr(''126'') chr(''126'')');
insert into "SCOTT"."STRESS_AllChars_Child" values (chr(126), chr(127), 'chr(''126'') chr(''127'')');
insert into "SCOTT"."STRESS_AllChars_Child" values (chr(126), chr(128), 'chr(''126'') chr(''128'')');
insert into "SCOTT"."STRESS_AllChars_Child" values (chr(126), chr(129), 'chr(''126'') chr(''129'')');
insert into "SCOTT"."STRESS_AllChars_Child" values (chr(126), chr(130), 'chr(''126'') chr(''130'')');
insert into "SCOTT"."STRESS_AllChars_Child" values (chr(126), chr(131), 'chr(''126'') chr(''131'')');
insert into "SCOTT"."STRESS_AllChars" values (chr(127), 'chr(''127'')');
insert into "SCOTT"."STRESS_AllChars_Child" values (chr(127), chr(122), 'chr(''127'') chr(''122'')');
insert into "SCOTT"."STRESS_AllChars_Child" values (chr(127), chr(123), 'chr(''127'') chr(''123'')');
insert into "SCOTT"."STRESS_AllChars_Child" values (chr(127), chr(124), 'chr(''127'') chr(''124'')');
insert into "SCOTT"."STRESS_AllChars_Child" values (chr(127), chr(125), 'chr(''127'') chr(''125'')');
insert into "SCOTT"."STRESS_AllChars_Child" values (chr(127), chr(126), 'chr(''127'') chr(''126'')');
insert into "SCOTT"."STRESS_AllChars_Child" values (chr(127), chr(127), 'chr(''127'') chr(''127'')');
insert into "SCOTT"."STRESS_AllChars_Child" values (chr(127), chr(128), 'chr(''127'') chr(''128'')');
insert into "SCOTT"."STRESS_AllChars_Child" values (chr(127), chr(129), 'chr(''127'') chr(''129'')');
insert into "SCOTT"."STRESS_AllChars_Child" values (chr(127), chr(130), 'chr(''127'') chr(''130'')');
insert into "SCOTT"."STRESS_AllChars_Child" values (chr(127), chr(131), 'chr(''127'') chr(''131'')');
insert into "SCOTT"."STRESS_AllChars_Child" values (chr(127), chr(132), 'chr(''127'') chr(''132'')');
insert into "SCOTT"."STRESS_AllChars" values (chr(128), 'chr(''128'')');
insert into "SCOTT"."STRESS_AllChars_Child" values (chr(128), chr(123), 'chr(''128'') chr(''123'')');
insert into "SCOTT"."STRESS_AllChars_Child" values (chr(128), chr(124), 'chr(''128'') chr(''124'')');
insert into "SCOTT"."STRESS_AllChars_Child" values (chr(128), chr(125), 'chr(''128'') chr(''125'')');
insert into "SCOTT"."STRESS_AllChars_Child" values (chr(128), chr(126), 'chr(''128'') chr(''126'')');
insert into "SCOTT"."STRESS_AllChars_Child" values (chr(128), chr(127), 'chr(''128'') chr(''127'')');
insert into "SCOTT"."STRESS_AllChars_Child" values (chr(128), chr(128), 'chr(''128'') chr(''128'')');
insert into "SCOTT"."STRESS_AllChars_Child" values (chr(128), chr(129), 'chr(''128'') chr(''129'')');
insert into "SCOTT"."STRESS_AllChars_Child" values (chr(128), chr(130), 'chr(''128'') chr(''130'')');
insert into "SCOTT"."STRESS_AllChars_Child" values (chr(128), chr(131), 'chr(''128'') chr(''131'')');
insert into "SCOTT"."STRESS_AllChars_Child" values (chr(128), chr(132), 'chr(''128'') chr(''132'')');
insert into "SCOTT"."STRESS_AllChars_Child" values (chr(128), chr(133), 'chr(''128'') chr(''133'')');
insert into "SCOTT"."STRESS_AllChars" values (chr(129), 'chr(''129'')');
insert into "SCOTT"."STRESS_AllChars_Child" values (chr(129), chr(124), 'chr(''129'') chr(''124'')');
insert into "SCOTT"."STRESS_AllChars_Child" values (chr(129), chr(125), 'chr(''129'') chr(''125'')');
insert into "SCOTT"."STRESS_AllChars_Child" values (chr(129), chr(126), 'chr(''129'') chr(''126'')');
insert into "SCOTT"."STRESS_AllChars_Child" values (chr(129), chr(127), 'chr(''129'') chr(''127'')');
insert into "SCOTT"."STRESS_AllChars_Child" values (chr(129), chr(128), 'chr(''129'') chr(''128'')');
insert into "SCOTT"."STRESS_AllChars_Child" values (chr(129), chr(129), 'chr(''129'') chr(''129'')');
insert into "SCOTT"."STRESS_AllChars_Child" values (chr(129), chr(130), 'chr(''129'') chr(''130'')');
insert into "SCOTT"."STRESS_AllChars_Child" values (chr(129), chr(131), 'chr(''129'') chr(''131'')');
insert into "SCOTT"."STRESS_AllChars_Child" values (chr(129), chr(132), 'chr(''129'') chr(''132'')');
insert into "SCOTT"."STRESS_AllChars_Child" values (chr(129), chr(133), 'chr(''129'') chr(''133'')');
insert into "SCOTT"."STRESS_AllChars_Child" values (chr(129), chr(134), 'chr(''129'') chr(''134'')');
insert into "SCOTT"."STRESS_AllChars" values (chr(130), 'chr(''130'')');
insert into "SCOTT"."STRESS_AllChars_Child" values (chr(130), chr(125), 'chr(''130'') chr(''125'')');
insert into "SCOTT"."STRESS_AllChars_Child" values (chr(130), chr(126), 'chr(''130'') chr(''126'')');
insert into "SCOTT"."STRESS_AllChars_Child" values (chr(130), chr(127), 'chr(''130'') chr(''127'')');
insert into "SCOTT"."STRESS_AllChars_Child" values (chr(130), chr(128), 'chr(''130'') chr(''128'')');
insert into "SCOTT"."STRESS_AllChars_Child" values (chr(130), chr(129), 'chr(''130'') chr(''129'')');
insert into "SCOTT"."STRESS_AllChars_Child" values (chr(130), chr(130), 'chr(''130'') chr(''130'')');
insert into "SCOTT"."STRESS_AllChars_Child" values (chr(130), chr(131), 'chr(''130'') chr(''131'')');
insert into "SCOTT"."STRESS_AllChars_Child" values (chr(130), chr(132), 'chr(''130'') chr(''132'')');
insert into "SCOTT"."STRESS_AllChars_Child" values (chr(130), chr(133), 'chr(''130'') chr(''133'')');
insert into "SCOTT"."STRESS_AllChars_Child" values (chr(130), chr(134), 'chr(''130'') chr(''134'')');
insert into "SCOTT"."STRESS_AllChars_Child" values (chr(130), chr(135), 'chr(''130'') chr(''135'')');
insert into "SCOTT"."STRESS_AllChars" values (chr(131), 'chr(''131'')');
insert into "SCOTT"."STRESS_AllChars_Child" values (chr(131), chr(126), 'chr(''131'') chr(''126'')');
insert into "SCOTT"."STRESS_AllChars_Child" values (chr(131), chr(127), 'chr(''131'') chr(''127'')');
insert into "SCOTT"."STRESS_AllChars_Child" values (chr(131), chr(128), 'chr(''131'') chr(''128'')');
insert into "SCOTT"."STRESS_AllChars_Child" values (chr(131), chr(129), 'chr(''131'') chr(''129'')');
insert into "SCOTT"."STRESS_AllChars_Child" values (chr(131), chr(130), 'chr(''131'') chr(''130'')');
insert into "SCOTT"."STRESS_AllChars_Child" values (chr(131), chr(131), 'chr(''131'') chr(''131'')');
insert into "SCOTT"."STRESS_AllChars_Child" values (chr(131), chr(132), 'chr(''131'') chr(''132'')');
insert into "SCOTT"."STRESS_AllChars_Child" values (chr(131), chr(133), 'chr(''131'') chr(''133'')');
insert into "SCOTT"."STRESS_AllChars_Child" values (chr(131), chr(134), 'chr(''131'') chr(''134'')');
insert into "SCOTT"."STRESS_AllChars_Child" values (chr(131), chr(135), 'chr(''131'') chr(''135'')');
insert into "SCOTT"."STRESS_AllChars_Child" values (chr(131), chr(136), 'chr(''131'') chr(''136'')');
insert into "SCOTT"."STRESS_AllChars" values (chr(132), 'chr(''132'')');
insert into "SCOTT"."STRESS_AllChars_Child" values (chr(132), chr(127), 'chr(''132'') chr(''127'')');
insert into "SCOTT"."STRESS_AllChars_Child" values (chr(132), chr(128), 'chr(''132'') chr(''128'')');
insert into "SCOTT"."STRESS_AllChars_Child" values (chr(132), chr(129), 'chr(''132'') chr(''129'')');
insert into "SCOTT"."STRESS_AllChars_Child" values (chr(132), chr(130), 'chr(''132'') chr(''130'')');
insert into "SCOTT"."STRESS_AllChars_Child" values (chr(132), chr(131), 'chr(''132'') chr(''131'')');
insert into "SCOTT"."STRESS_AllChars_Child" values (chr(132), chr(132), 'chr(''132'') chr(''132'')');
insert into "SCOTT"."STRESS_AllChars_Child" values (chr(132), chr(133), 'chr(''132'') chr(''133'')');
insert into "SCOTT"."STRESS_AllChars_Child" values (chr(132), chr(134), 'chr(''132'') chr(''134'')');
insert into "SCOTT"."STRESS_AllChars_Child" values (chr(132), chr(135), 'chr(''132'') chr(''135'')');
insert into "SCOTT"."STRESS_AllChars_Child" values (chr(132), chr(136), 'chr(''132'') chr(''136'')');
insert into "SCOTT"."STRESS_AllChars_Child" values (chr(132), chr(137), 'chr(''132'') chr(''137'')');
insert into "SCOTT"."STRESS_AllChars" values (chr(133), 'chr(''133'')');
insert into "SCOTT"."STRESS_AllChars_Child" values (chr(133), chr(128), 'chr(''133'') chr(''128'')');
insert into "SCOTT"."STRESS_AllChars_Child" values (chr(133), chr(129), 'chr(''133'') chr(''129'')');
insert into "SCOTT"."STRESS_AllChars_Child" values (chr(133), chr(130), 'chr(''133'') chr(''130'')');
insert into "SCOTT"."STRESS_AllChars_Child" values (chr(133), chr(131), 'chr(''133'') chr(''131'')');
insert into "SCOTT"."STRESS_AllChars_Child" values (chr(133), chr(132), 'chr(''133'') chr(''132'')');
insert into "SCOTT"."STRESS_AllChars_Child" values (chr(133), chr(133), 'chr(''133'') chr(''133'')');
insert into "SCOTT"."STRESS_AllChars_Child" values (chr(133), chr(134), 'chr(''133'') chr(''134'')');
insert into "SCOTT"."STRESS_AllChars_Child" values (chr(133), chr(135), 'chr(''133'') chr(''135'')');
insert into "SCOTT"."STRESS_AllChars_Child" values (chr(133), chr(136), 'chr(''133'') chr(''136'')');
insert into "SCOTT"."STRESS_AllChars_Child" values (chr(133), chr(137), 'chr(''133'') chr(''137'')');
insert into "SCOTT"."STRESS_AllChars_Child" values (chr(133), chr(138), 'chr(''133'') chr(''138'')');
insert into "SCOTT"."STRESS_AllChars" values (chr(134), 'chr(''134'')');
insert into "SCOTT"."STRESS_AllChars_Child" values (chr(134), chr(129), 'chr(''134'') chr(''129'')');
insert into "SCOTT"."STRESS_AllChars_Child" values (chr(134), chr(130), 'chr(''134'') chr(''130'')');
insert into "SCOTT"."STRESS_AllChars_Child" values (chr(134), chr(131), 'chr(''134'') chr(''131'')');
insert into "SCOTT"."STRESS_AllChars_Child" values (chr(134), chr(132), 'chr(''134'') chr(''132'')');
insert into "SCOTT"."STRESS_AllChars_Child" values (chr(134), chr(133), 'chr(''134'') chr(''133'')');
insert into "SCOTT"."STRESS_AllChars_Child" values (chr(134), chr(134), 'chr(''134'') chr(''134'')');
insert into "SCOTT"."STRESS_AllChars_Child" values (chr(134), chr(135), 'chr(''134'') chr(''135'')');
insert into "SCOTT"."STRESS_AllChars_Child" values (chr(134), chr(136), 'chr(''134'') chr(''136'')');
insert into "SCOTT"."STRESS_AllChars_Child" values (chr(134), chr(137), 'chr(''134'') chr(''137'')');
insert into "SCOTT"."STRESS_AllChars_Child" values (chr(134), chr(138), 'chr(''134'') chr(''138'')');
insert into "SCOTT"."STRESS_AllChars_Child" values (chr(134), chr(139), 'chr(''134'') chr(''139'')');
insert into "SCOTT"."STRESS_AllChars" values (chr(135), 'chr(''135'')');
insert into "SCOTT"."STRESS_AllChars_Child" values (chr(135), chr(130), 'chr(''135'') chr(''130'')');
insert into "SCOTT"."STRESS_AllChars_Child" values (chr(135), chr(131), 'chr(''135'') chr(''131'')');
insert into "SCOTT"."STRESS_AllChars_Child" values (chr(135), chr(132), 'chr(''135'') chr(''132'')');
insert into "SCOTT"."STRESS_AllChars_Child" values (chr(135), chr(133), 'chr(''135'') chr(''133'')');
insert into "SCOTT"."STRESS_AllChars_Child" values (chr(135), chr(134), 'chr(''135'') chr(''134'')');
insert into "SCOTT"."STRESS_AllChars_Child" values (chr(135), chr(135), 'chr(''135'') chr(''135'')');
insert into "SCOTT"."STRESS_AllChars_Child" values (chr(135), chr(136), 'chr(''135'') chr(''136'')');
insert into "SCOTT"."STRESS_AllChars_Child" values (chr(135), chr(137), 'chr(''135'') chr(''137'')');
insert into "SCOTT"."STRESS_AllChars_Child" values (chr(135), chr(138), 'chr(''135'') chr(''138'')');
insert into "SCOTT"."STRESS_AllChars_Child" values (chr(135), chr(139), 'chr(''135'') chr(''139'')');
insert into "SCOTT"."STRESS_AllChars_Child" values (chr(135), chr(140), 'chr(''135'') chr(''140'')');
insert into "SCOTT"."STRESS_AllChars" values (chr(136), 'chr(''136'')');
insert into "SCOTT"."STRESS_AllChars_Child" values (chr(136), chr(131), 'chr(''136'') chr(''131'')');
insert into "SCOTT"."STRESS_AllChars_Child" values (chr(136), chr(132), 'chr(''136'') chr(''132'')');
insert into "SCOTT"."STRESS_AllChars_Child" values (chr(136), chr(133), 'chr(''136'') chr(''133'')');
insert into "SCOTT"."STRESS_AllChars_Child" values (chr(136), chr(134), 'chr(''136'') chr(''134'')');
insert into "SCOTT"."STRESS_AllChars_Child" values (chr(136), chr(135), 'chr(''136'') chr(''135'')');
insert into "SCOTT"."STRESS_AllChars_Child" values (chr(136), chr(136), 'chr(''136'') chr(''136'')');
insert into "SCOTT"."STRESS_AllChars_Child" values (chr(136), chr(137), 'chr(''136'') chr(''137'')');
insert into "SCOTT"."STRESS_AllChars_Child" values (chr(136), chr(138), 'chr(''136'') chr(''138'')');
insert into "SCOTT"."STRESS_AllChars_Child" values (chr(136), chr(139), 'chr(''136'') chr(''139'')');
insert into "SCOTT"."STRESS_AllChars_Child" values (chr(136), chr(140), 'chr(''136'') chr(''140'')');
insert into "SCOTT"."STRESS_AllChars_Child" values (chr(136), chr(141), 'chr(''136'') chr(''141'')');
insert into "SCOTT"."STRESS_AllChars" values (chr(137), 'chr(''137'')');
insert into "SCOTT"."STRESS_AllChars_Child" values (chr(137), chr(132), 'chr(''137'') chr(''132'')');
insert into "SCOTT"."STRESS_AllChars_Child" values (chr(137), chr(133), 'chr(''137'') chr(''133'')');
insert into "SCOTT"."STRESS_AllChars_Child" values (chr(137), chr(134), 'chr(''137'') chr(''134'')');
insert into "SCOTT"."STRESS_AllChars_Child" values (chr(137), chr(135), 'chr(''137'') chr(''135'')');
insert into "SCOTT"."STRESS_AllChars_Child" values (chr(137), chr(136), 'chr(''137'') chr(''136'')');
insert into "SCOTT"."STRESS_AllChars_Child" values (chr(137), chr(137), 'chr(''137'') chr(''137'')');
insert into "SCOTT"."STRESS_AllChars_Child" values (chr(137), chr(138), 'chr(''137'') chr(''138'')');
insert into "SCOTT"."STRESS_AllChars_Child" values (chr(137), chr(139), 'chr(''137'') chr(''139'')');
insert into "SCOTT"."STRESS_AllChars_Child" values (chr(137), chr(140), 'chr(''137'') chr(''140'')');
insert into "SCOTT"."STRESS_AllChars_Child" values (chr(137), chr(141), 'chr(''137'') chr(''141'')');
insert into "SCOTT"."STRESS_AllChars_Child" values (chr(137), chr(142), 'chr(''137'') chr(''142'')');
insert into "SCOTT"."STRESS_AllChars" values (chr(138), 'chr(''138'')');
insert into "SCOTT"."STRESS_AllChars_Child" values (chr(138), chr(133), 'chr(''138'') chr(''133'')');
insert into "SCOTT"."STRESS_AllChars_Child" values (chr(138), chr(134), 'chr(''138'') chr(''134'')');
insert into "SCOTT"."STRESS_AllChars_Child" values (chr(138), chr(135), 'chr(''138'') chr(''135'')');
insert into "SCOTT"."STRESS_AllChars_Child" values (chr(138), chr(136), 'chr(''138'') chr(''136'')');
insert into "SCOTT"."STRESS_AllChars_Child" values (chr(138), chr(137), 'chr(''138'') chr(''137'')');
insert into "SCOTT"."STRESS_AllChars_Child" values (chr(138), chr(138), 'chr(''138'') chr(''138'')');
insert into "SCOTT"."STRESS_AllChars_Child" values (chr(138), chr(139), 'chr(''138'') chr(''139'')');
insert into "SCOTT"."STRESS_AllChars_Child" values (chr(138), chr(140), 'chr(''138'') chr(''140'')');
insert into "SCOTT"."STRESS_AllChars_Child" values (chr(138), chr(141), 'chr(''138'') chr(''141'')');
insert into "SCOTT"."STRESS_AllChars_Child" values (chr(138), chr(142), 'chr(''138'') chr(''142'')');
insert into "SCOTT"."STRESS_AllChars_Child" values (chr(138), chr(143), 'chr(''138'') chr(''143'')');
insert into "SCOTT"."STRESS_AllChars" values (chr(139), 'chr(''139'')');
insert into "SCOTT"."STRESS_AllChars_Child" values (chr(139), chr(134), 'chr(''139'') chr(''134'')');
insert into "SCOTT"."STRESS_AllChars_Child" values (chr(139), chr(135), 'chr(''139'') chr(''135'')');
insert into "SCOTT"."STRESS_AllChars_Child" values (chr(139), chr(136), 'chr(''139'') chr(''136'')');
insert into "SCOTT"."STRESS_AllChars_Child" values (chr(139), chr(137), 'chr(''139'') chr(''137'')');
insert into "SCOTT"."STRESS_AllChars_Child" values (chr(139), chr(138), 'chr(''139'') chr(''138'')');
insert into "SCOTT"."STRESS_AllChars_Child" values (chr(139), chr(139), 'chr(''139'') chr(''139'')');
insert into "SCOTT"."STRESS_AllChars_Child" values (chr(139), chr(140), 'chr(''139'') chr(''140'')');
insert into "SCOTT"."STRESS_AllChars_Child" values (chr(139), chr(141), 'chr(''139'') chr(''141'')');
insert into "SCOTT"."STRESS_AllChars_Child" values (chr(139), chr(142), 'chr(''139'') chr(''142'')');
insert into "SCOTT"."STRESS_AllChars_Child" values (chr(139), chr(143), 'chr(''139'') chr(''143'')');
insert into "SCOTT"."STRESS_AllChars_Child" values (chr(139), chr(144), 'chr(''139'') chr(''144'')');
insert into "SCOTT"."STRESS_AllChars" values (chr(140), 'chr(''140'')');
insert into "SCOTT"."STRESS_AllChars_Child" values (chr(140), chr(135), 'chr(''140'') chr(''135'')');
insert into "SCOTT"."STRESS_AllChars_Child" values (chr(140), chr(136), 'chr(''140'') chr(''136'')');
insert into "SCOTT"."STRESS_AllChars_Child" values (chr(140), chr(137), 'chr(''140'') chr(''137'')');
insert into "SCOTT"."STRESS_AllChars_Child" values (chr(140), chr(138), 'chr(''140'') chr(''138'')');
insert into "SCOTT"."STRESS_AllChars_Child" values (chr(140), chr(139), 'chr(''140'') chr(''139'')');
insert into "SCOTT"."STRESS_AllChars_Child" values (chr(140), chr(140), 'chr(''140'') chr(''140'')');
insert into "SCOTT"."STRESS_AllChars_Child" values (chr(140), chr(141), 'chr(''140'') chr(''141'')');
insert into "SCOTT"."STRESS_AllChars_Child" values (chr(140), chr(142), 'chr(''140'') chr(''142'')');
insert into "SCOTT"."STRESS_AllChars_Child" values (chr(140), chr(143), 'chr(''140'') chr(''143'')');
insert into "SCOTT"."STRESS_AllChars_Child" values (chr(140), chr(144), 'chr(''140'') chr(''144'')');
insert into "SCOTT"."STRESS_AllChars_Child" values (chr(140), chr(145), 'chr(''140'') chr(''145'')');
insert into "SCOTT"."STRESS_AllChars" values (chr(141), 'chr(''141'')');
insert into "SCOTT"."STRESS_AllChars_Child" values (chr(141), chr(136), 'chr(''141'') chr(''136'')');
insert into "SCOTT"."STRESS_AllChars_Child" values (chr(141), chr(137), 'chr(''141'') chr(''137'')');
insert into "SCOTT"."STRESS_AllChars_Child" values (chr(141), chr(138), 'chr(''141'') chr(''138'')');
insert into "SCOTT"."STRESS_AllChars_Child" values (chr(141), chr(139), 'chr(''141'') chr(''139'')');
insert into "SCOTT"."STRESS_AllChars_Child" values (chr(141), chr(140), 'chr(''141'') chr(''140'')');
insert into "SCOTT"."STRESS_AllChars_Child" values (chr(141), chr(141), 'chr(''141'') chr(''141'')');
insert into "SCOTT"."STRESS_AllChars_Child" values (chr(141), chr(142), 'chr(''141'') chr(''142'')');
insert into "SCOTT"."STRESS_AllChars_Child" values (chr(141), chr(143), 'chr(''141'') chr(''143'')');
insert into "SCOTT"."STRESS_AllChars_Child" values (chr(141), chr(144), 'chr(''141'') chr(''144'')');
insert into "SCOTT"."STRESS_AllChars_Child" values (chr(141), chr(145), 'chr(''141'') chr(''145'')');
insert into "SCOTT"."STRESS_AllChars_Child" values (chr(141), chr(146), 'chr(''141'') chr(''146'')');
insert into "SCOTT"."STRESS_AllChars" values (chr(142), 'chr(''142'')');
insert into "SCOTT"."STRESS_AllChars_Child" values (chr(142), chr(137), 'chr(''142'') chr(''137'')');
insert into "SCOTT"."STRESS_AllChars_Child" values (chr(142), chr(138), 'chr(''142'') chr(''138'')');
insert into "SCOTT"."STRESS_AllChars_Child" values (chr(142), chr(139), 'chr(''142'') chr(''139'')');
insert into "SCOTT"."STRESS_AllChars_Child" values (chr(142), chr(140), 'chr(''142'') chr(''140'')');
insert into "SCOTT"."STRESS_AllChars_Child" values (chr(142), chr(141), 'chr(''142'') chr(''141'')');
insert into "SCOTT"."STRESS_AllChars_Child" values (chr(142), chr(142), 'chr(''142'') chr(''142'')');
insert into "SCOTT"."STRESS_AllChars_Child" values (chr(142), chr(143), 'chr(''142'') chr(''143'')');
insert into "SCOTT"."STRESS_AllChars_Child" values (chr(142), chr(144), 'chr(''142'') chr(''144'')');
insert into "SCOTT"."STRESS_AllChars_Child" values (chr(142), chr(145), 'chr(''142'') chr(''145'')');
insert into "SCOTT"."STRESS_AllChars_Child" values (chr(142), chr(146), 'chr(''142'') chr(''146'')');
insert into "SCOTT"."STRESS_AllChars_Child" values (chr(142), chr(147), 'chr(''142'') chr(''147'')');
insert into "SCOTT"."STRESS_AllChars" values (chr(143), 'chr(''143'')');
insert into "SCOTT"."STRESS_AllChars_Child" values (chr(143), chr(138), 'chr(''143'') chr(''138'')');
insert into "SCOTT"."STRESS_AllChars_Child" values (chr(143), chr(139), 'chr(''143'') chr(''139'')');
insert into "SCOTT"."STRESS_AllChars_Child" values (chr(143), chr(140), 'chr(''143'') chr(''140'')');
insert into "SCOTT"."STRESS_AllChars_Child" values (chr(143), chr(141), 'chr(''143'') chr(''141'')');
insert into "SCOTT"."STRESS_AllChars_Child" values (chr(143), chr(142), 'chr(''143'') chr(''142'')');
insert into "SCOTT"."STRESS_AllChars_Child" values (chr(143), chr(143), 'chr(''143'') chr(''143'')');
insert into "SCOTT"."STRESS_AllChars_Child" values (chr(143), chr(144), 'chr(''143'') chr(''144'')');
insert into "SCOTT"."STRESS_AllChars_Child" values (chr(143), chr(145), 'chr(''143'') chr(''145'')');
insert into "SCOTT"."STRESS_AllChars_Child" values (chr(143), chr(146), 'chr(''143'') chr(''146'')');
insert into "SCOTT"."STRESS_AllChars_Child" values (chr(143), chr(147), 'chr(''143'') chr(''147'')');
insert into "SCOTT"."STRESS_AllChars_Child" values (chr(143), chr(148), 'chr(''143'') chr(''148'')');
insert into "SCOTT"."STRESS_AllChars" values (chr(144), 'chr(''144'')');
insert into "SCOTT"."STRESS_AllChars_Child" values (chr(144), chr(139), 'chr(''144'') chr(''139'')');
insert into "SCOTT"."STRESS_AllChars_Child" values (chr(144), chr(140), 'chr(''144'') chr(''140'')');
insert into "SCOTT"."STRESS_AllChars_Child" values (chr(144), chr(141), 'chr(''144'') chr(''141'')');
insert into "SCOTT"."STRESS_AllChars_Child" values (chr(144), chr(142), 'chr(''144'') chr(''142'')');
insert into "SCOTT"."STRESS_AllChars_Child" values (chr(144), chr(143), 'chr(''144'') chr(''143'')');
insert into "SCOTT"."STRESS_AllChars_Child" values (chr(144), chr(144), 'chr(''144'') chr(''144'')');
insert into "SCOTT"."STRESS_AllChars_Child" values (chr(144), chr(145), 'chr(''144'') chr(''145'')');
insert into "SCOTT"."STRESS_AllChars_Child" values (chr(144), chr(146), 'chr(''144'') chr(''146'')');
insert into "SCOTT"."STRESS_AllChars_Child" values (chr(144), chr(147), 'chr(''144'') chr(''147'')');
insert into "SCOTT"."STRESS_AllChars_Child" values (chr(144), chr(148), 'chr(''144'') chr(''148'')');
insert into "SCOTT"."STRESS_AllChars_Child" values (chr(144), chr(149), 'chr(''144'') chr(''149'')');
insert into "SCOTT"."STRESS_AllChars" values (chr(145), 'chr(''145'')');
insert into "SCOTT"."STRESS_AllChars_Child" values (chr(145), chr(140), 'chr(''145'') chr(''140'')');
insert into "SCOTT"."STRESS_AllChars_Child" values (chr(145), chr(141), 'chr(''145'') chr(''141'')');
insert into "SCOTT"."STRESS_AllChars_Child" values (chr(145), chr(142), 'chr(''145'') chr(''142'')');
insert into "SCOTT"."STRESS_AllChars_Child" values (chr(145), chr(143), 'chr(''145'') chr(''143'')');
insert into "SCOTT"."STRESS_AllChars_Child" values (chr(145), chr(144), 'chr(''145'') chr(''144'')');
insert into "SCOTT"."STRESS_AllChars_Child" values (chr(145), chr(145), 'chr(''145'') chr(''145'')');
insert into "SCOTT"."STRESS_AllChars_Child" values (chr(145), chr(146), 'chr(''145'') chr(''146'')');
insert into "SCOTT"."STRESS_AllChars_Child" values (chr(145), chr(147), 'chr(''145'') chr(''147'')');
insert into "SCOTT"."STRESS_AllChars_Child" values (chr(145), chr(148), 'chr(''145'') chr(''148'')');
insert into "SCOTT"."STRESS_AllChars_Child" values (chr(145), chr(149), 'chr(''145'') chr(''149'')');
insert into "SCOTT"."STRESS_AllChars_Child" values (chr(145), chr(150), 'chr(''145'') chr(''150'')');
insert into "SCOTT"."STRESS_AllChars" values (chr(146), 'chr(''146'')');
insert into "SCOTT"."STRESS_AllChars_Child" values (chr(146), chr(141), 'chr(''146'') chr(''141'')');
insert into "SCOTT"."STRESS_AllChars_Child" values (chr(146), chr(142), 'chr(''146'') chr(''142'')');
insert into "SCOTT"."STRESS_AllChars_Child" values (chr(146), chr(143), 'chr(''146'') chr(''143'')');
insert into "SCOTT"."STRESS_AllChars_Child" values (chr(146), chr(144), 'chr(''146'') chr(''144'')');
insert into "SCOTT"."STRESS_AllChars_Child" values (chr(146), chr(145), 'chr(''146'') chr(''145'')');
insert into "SCOTT"."STRESS_AllChars_Child" values (chr(146), chr(146), 'chr(''146'') chr(''146'')');
insert into "SCOTT"."STRESS_AllChars_Child" values (chr(146), chr(147), 'chr(''146'') chr(''147'')');
insert into "SCOTT"."STRESS_AllChars_Child" values (chr(146), chr(148), 'chr(''146'') chr(''148'')');
insert into "SCOTT"."STRESS_AllChars_Child" values (chr(146), chr(149), 'chr(''146'') chr(''149'')');
insert into "SCOTT"."STRESS_AllChars_Child" values (chr(146), chr(150), 'chr(''146'') chr(''150'')');
insert into "SCOTT"."STRESS_AllChars_Child" values (chr(146), chr(151), 'chr(''146'') chr(''151'')');
insert into "SCOTT"."STRESS_AllChars" values (chr(147), 'chr(''147'')');
insert into "SCOTT"."STRESS_AllChars_Child" values (chr(147), chr(142), 'chr(''147'') chr(''142'')');
insert into "SCOTT"."STRESS_AllChars_Child" values (chr(147), chr(143), 'chr(''147'') chr(''143'')');
insert into "SCOTT"."STRESS_AllChars_Child" values (chr(147), chr(144), 'chr(''147'') chr(''144'')');
insert into "SCOTT"."STRESS_AllChars_Child" values (chr(147), chr(145), 'chr(''147'') chr(''145'')');
insert into "SCOTT"."STRESS_AllChars_Child" values (chr(147), chr(146), 'chr(''147'') chr(''146'')');
insert into "SCOTT"."STRESS_AllChars_Child" values (chr(147), chr(147), 'chr(''147'') chr(''147'')');
insert into "SCOTT"."STRESS_AllChars_Child" values (chr(147), chr(148), 'chr(''147'') chr(''148'')');
insert into "SCOTT"."STRESS_AllChars_Child" values (chr(147), chr(149), 'chr(''147'') chr(''149'')');
insert into "SCOTT"."STRESS_AllChars_Child" values (chr(147), chr(150), 'chr(''147'') chr(''150'')');
insert into "SCOTT"."STRESS_AllChars_Child" values (chr(147), chr(151), 'chr(''147'') chr(''151'')');
insert into "SCOTT"."STRESS_AllChars_Child" values (chr(147), chr(152), 'chr(''147'') chr(''152'')');
insert into "SCOTT"."STRESS_AllChars" values (chr(148), 'chr(''148'')');
insert into "SCOTT"."STRESS_AllChars_Child" values (chr(148), chr(143), 'chr(''148'') chr(''143'')');
insert into "SCOTT"."STRESS_AllChars_Child" values (chr(148), chr(144), 'chr(''148'') chr(''144'')');
insert into "SCOTT"."STRESS_AllChars_Child" values (chr(148), chr(145), 'chr(''148'') chr(''145'')');
insert into "SCOTT"."STRESS_AllChars_Child" values (chr(148), chr(146), 'chr(''148'') chr(''146'')');
insert into "SCOTT"."STRESS_AllChars_Child" values (chr(148), chr(147), 'chr(''148'') chr(''147'')');
insert into "SCOTT"."STRESS_AllChars_Child" values (chr(148), chr(148), 'chr(''148'') chr(''148'')');
insert into "SCOTT"."STRESS_AllChars_Child" values (chr(148), chr(149), 'chr(''148'') chr(''149'')');
insert into "SCOTT"."STRESS_AllChars_Child" values (chr(148), chr(150), 'chr(''148'') chr(''150'')');
insert into "SCOTT"."STRESS_AllChars_Child" values (chr(148), chr(151), 'chr(''148'') chr(''151'')');
insert into "SCOTT"."STRESS_AllChars_Child" values (chr(148), chr(152), 'chr(''148'') chr(''152'')');
insert into "SCOTT"."STRESS_AllChars_Child" values (chr(148), chr(153), 'chr(''148'') chr(''153'')');
insert into "SCOTT"."STRESS_AllChars" values (chr(149), 'chr(''149'')');
insert into "SCOTT"."STRESS_AllChars_Child" values (chr(149), chr(144), 'chr(''149'') chr(''144'')');
insert into "SCOTT"."STRESS_AllChars_Child" values (chr(149), chr(145), 'chr(''149'') chr(''145'')');
insert into "SCOTT"."STRESS_AllChars_Child" values (chr(149), chr(146), 'chr(''149'') chr(''146'')');
insert into "SCOTT"."STRESS_AllChars_Child" values (chr(149), chr(147), 'chr(''149'') chr(''147'')');
insert into "SCOTT"."STRESS_AllChars_Child" values (chr(149), chr(148), 'chr(''149'') chr(''148'')');
insert into "SCOTT"."STRESS_AllChars_Child" values (chr(149), chr(149), 'chr(''149'') chr(''149'')');
insert into "SCOTT"."STRESS_AllChars_Child" values (chr(149), chr(150), 'chr(''149'') chr(''150'')');
insert into "SCOTT"."STRESS_AllChars_Child" values (chr(149), chr(151), 'chr(''149'') chr(''151'')');
insert into "SCOTT"."STRESS_AllChars_Child" values (chr(149), chr(152), 'chr(''149'') chr(''152'')');
insert into "SCOTT"."STRESS_AllChars_Child" values (chr(149), chr(153), 'chr(''149'') chr(''153'')');
insert into "SCOTT"."STRESS_AllChars_Child" values (chr(149), chr(154), 'chr(''149'') chr(''154'')');
insert into "SCOTT"."STRESS_AllChars" values (chr(150), 'chr(''150'')');
insert into "SCOTT"."STRESS_AllChars_Child" values (chr(150), chr(145), 'chr(''150'') chr(''145'')');
insert into "SCOTT"."STRESS_AllChars_Child" values (chr(150), chr(146), 'chr(''150'') chr(''146'')');
insert into "SCOTT"."STRESS_AllChars_Child" values (chr(150), chr(147), 'chr(''150'') chr(''147'')');
insert into "SCOTT"."STRESS_AllChars_Child" values (chr(150), chr(148), 'chr(''150'') chr(''148'')');
insert into "SCOTT"."STRESS_AllChars_Child" values (chr(150), chr(149), 'chr(''150'') chr(''149'')');
insert into "SCOTT"."STRESS_AllChars_Child" values (chr(150), chr(150), 'chr(''150'') chr(''150'')');
insert into "SCOTT"."STRESS_AllChars_Child" values (chr(150), chr(151), 'chr(''150'') chr(''151'')');
insert into "SCOTT"."STRESS_AllChars_Child" values (chr(150), chr(152), 'chr(''150'') chr(''152'')');
insert into "SCOTT"."STRESS_AllChars_Child" values (chr(150), chr(153), 'chr(''150'') chr(''153'')');
insert into "SCOTT"."STRESS_AllChars_Child" values (chr(150), chr(154), 'chr(''150'') chr(''154'')');
insert into "SCOTT"."STRESS_AllChars_Child" values (chr(150), chr(155), 'chr(''150'') chr(''155'')');
insert into "SCOTT"."STRESS_AllChars" values (chr(151), 'chr(''151'')');
insert into "SCOTT"."STRESS_AllChars_Child" values (chr(151), chr(146), 'chr(''151'') chr(''146'')');
insert into "SCOTT"."STRESS_AllChars_Child" values (chr(151), chr(147), 'chr(''151'') chr(''147'')');
insert into "SCOTT"."STRESS_AllChars_Child" values (chr(151), chr(148), 'chr(''151'') chr(''148'')');
insert into "SCOTT"."STRESS_AllChars_Child" values (chr(151), chr(149), 'chr(''151'') chr(''149'')');
insert into "SCOTT"."STRESS_AllChars_Child" values (chr(151), chr(150), 'chr(''151'') chr(''150'')');
insert into "SCOTT"."STRESS_AllChars_Child" values (chr(151), chr(151), 'chr(''151'') chr(''151'')');
insert into "SCOTT"."STRESS_AllChars_Child" values (chr(151), chr(152), 'chr(''151'') chr(''152'')');
insert into "SCOTT"."STRESS_AllChars_Child" values (chr(151), chr(153), 'chr(''151'') chr(''153'')');
insert into "SCOTT"."STRESS_AllChars_Child" values (chr(151), chr(154), 'chr(''151'') chr(''154'')');
insert into "SCOTT"."STRESS_AllChars_Child" values (chr(151), chr(155), 'chr(''151'') chr(''155'')');
insert into "SCOTT"."STRESS_AllChars_Child" values (chr(151), chr(156), 'chr(''151'') chr(''156'')');
insert into "SCOTT"."STRESS_AllChars" values (chr(152), 'chr(''152'')');
insert into "SCOTT"."STRESS_AllChars_Child" values (chr(152), chr(147), 'chr(''152'') chr(''147'')');
insert into "SCOTT"."STRESS_AllChars_Child" values (chr(152), chr(148), 'chr(''152'') chr(''148'')');
insert into "SCOTT"."STRESS_AllChars_Child" values (chr(152), chr(149), 'chr(''152'') chr(''149'')');
insert into "SCOTT"."STRESS_AllChars_Child" values (chr(152), chr(150), 'chr(''152'') chr(''150'')');
insert into "SCOTT"."STRESS_AllChars_Child" values (chr(152), chr(151), 'chr(''152'') chr(''151'')');
insert into "SCOTT"."STRESS_AllChars_Child" values (chr(152), chr(152), 'chr(''152'') chr(''152'')');
insert into "SCOTT"."STRESS_AllChars_Child" values (chr(152), chr(153), 'chr(''152'') chr(''153'')');
insert into "SCOTT"."STRESS_AllChars_Child" values (chr(152), chr(154), 'chr(''152'') chr(''154'')');
insert into "SCOTT"."STRESS_AllChars_Child" values (chr(152), chr(155), 'chr(''152'') chr(''155'')');
insert into "SCOTT"."STRESS_AllChars_Child" values (chr(152), chr(156), 'chr(''152'') chr(''156'')');
insert into "SCOTT"."STRESS_AllChars_Child" values (chr(152), chr(157), 'chr(''152'') chr(''157'')');
insert into "SCOTT"."STRESS_AllChars" values (chr(153), 'chr(''153'')');
insert into "SCOTT"."STRESS_AllChars_Child" values (chr(153), chr(148), 'chr(''153'') chr(''148'')');
insert into "SCOTT"."STRESS_AllChars_Child" values (chr(153), chr(149), 'chr(''153'') chr(''149'')');
insert into "SCOTT"."STRESS_AllChars_Child" values (chr(153), chr(150), 'chr(''153'') chr(''150'')');
insert into "SCOTT"."STRESS_AllChars_Child" values (chr(153), chr(151), 'chr(''153'') chr(''151'')');
insert into "SCOTT"."STRESS_AllChars_Child" values (chr(153), chr(152), 'chr(''153'') chr(''152'')');
insert into "SCOTT"."STRESS_AllChars_Child" values (chr(153), chr(153), 'chr(''153'') chr(''153'')');
insert into "SCOTT"."STRESS_AllChars_Child" values (chr(153), chr(154), 'chr(''153'') chr(''154'')');
insert into "SCOTT"."STRESS_AllChars_Child" values (chr(153), chr(155), 'chr(''153'') chr(''155'')');
insert into "SCOTT"."STRESS_AllChars_Child" values (chr(153), chr(156), 'chr(''153'') chr(''156'')');
insert into "SCOTT"."STRESS_AllChars_Child" values (chr(153), chr(157), 'chr(''153'') chr(''157'')');
insert into "SCOTT"."STRESS_AllChars_Child" values (chr(153), chr(158), 'chr(''153'') chr(''158'')');
insert into "SCOTT"."STRESS_AllChars" values (chr(154), 'chr(''154'')');
insert into "SCOTT"."STRESS_AllChars_Child" values (chr(154), chr(149), 'chr(''154'') chr(''149'')');
insert into "SCOTT"."STRESS_AllChars_Child" values (chr(154), chr(150), 'chr(''154'') chr(''150'')');
insert into "SCOTT"."STRESS_AllChars_Child" values (chr(154), chr(151), 'chr(''154'') chr(''151'')');
insert into "SCOTT"."STRESS_AllChars_Child" values (chr(154), chr(152), 'chr(''154'') chr(''152'')');
insert into "SCOTT"."STRESS_AllChars_Child" values (chr(154), chr(153), 'chr(''154'') chr(''153'')');
insert into "SCOTT"."STRESS_AllChars_Child" values (chr(154), chr(154), 'chr(''154'') chr(''154'')');
insert into "SCOTT"."STRESS_AllChars_Child" values (chr(154), chr(155), 'chr(''154'') chr(''155'')');
insert into "SCOTT"."STRESS_AllChars_Child" values (chr(154), chr(156), 'chr(''154'') chr(''156'')');
insert into "SCOTT"."STRESS_AllChars_Child" values (chr(154), chr(157), 'chr(''154'') chr(''157'')');
insert into "SCOTT"."STRESS_AllChars_Child" values (chr(154), chr(158), 'chr(''154'') chr(''158'')');
insert into "SCOTT"."STRESS_AllChars_Child" values (chr(154), chr(159), 'chr(''154'') chr(''159'')');
insert into "SCOTT"."STRESS_AllChars" values (chr(155), 'chr(''155'')');
insert into "SCOTT"."STRESS_AllChars_Child" values (chr(155), chr(150), 'chr(''155'') chr(''150'')');
insert into "SCOTT"."STRESS_AllChars_Child" values (chr(155), chr(151), 'chr(''155'') chr(''151'')');
insert into "SCOTT"."STRESS_AllChars_Child" values (chr(155), chr(152), 'chr(''155'') chr(''152'')');
insert into "SCOTT"."STRESS_AllChars_Child" values (chr(155), chr(153), 'chr(''155'') chr(''153'')');
insert into "SCOTT"."STRESS_AllChars_Child" values (chr(155), chr(154), 'chr(''155'') chr(''154'')');
insert into "SCOTT"."STRESS_AllChars_Child" values (chr(155), chr(155), 'chr(''155'') chr(''155'')');
insert into "SCOTT"."STRESS_AllChars_Child" values (chr(155), chr(156), 'chr(''155'') chr(''156'')');
insert into "SCOTT"."STRESS_AllChars_Child" values (chr(155), chr(157), 'chr(''155'') chr(''157'')');
insert into "SCOTT"."STRESS_AllChars_Child" values (chr(155), chr(158), 'chr(''155'') chr(''158'')');
insert into "SCOTT"."STRESS_AllChars_Child" values (chr(155), chr(159), 'chr(''155'') chr(''159'')');
insert into "SCOTT"."STRESS_AllChars_Child" values (chr(155), chr(160), 'chr(''155'') chr(''160'')');
insert into "SCOTT"."STRESS_AllChars" values (chr(156), 'chr(''156'')');
insert into "SCOTT"."STRESS_AllChars_Child" values (chr(156), chr(151), 'chr(''156'') chr(''151'')');
insert into "SCOTT"."STRESS_AllChars_Child" values (chr(156), chr(152), 'chr(''156'') chr(''152'')');
insert into "SCOTT"."STRESS_AllChars_Child" values (chr(156), chr(153), 'chr(''156'') chr(''153'')');
insert into "SCOTT"."STRESS_AllChars_Child" values (chr(156), chr(154), 'chr(''156'') chr(''154'')');
insert into "SCOTT"."STRESS_AllChars_Child" values (chr(156), chr(155), 'chr(''156'') chr(''155'')');
insert into "SCOTT"."STRESS_AllChars_Child" values (chr(156), chr(156), 'chr(''156'') chr(''156'')');
insert into "SCOTT"."STRESS_AllChars_Child" values (chr(156), chr(157), 'chr(''156'') chr(''157'')');
insert into "SCOTT"."STRESS_AllChars_Child" values (chr(156), chr(158), 'chr(''156'') chr(''158'')');
insert into "SCOTT"."STRESS_AllChars_Child" values (chr(156), chr(159), 'chr(''156'') chr(''159'')');
insert into "SCOTT"."STRESS_AllChars_Child" values (chr(156), chr(160), 'chr(''156'') chr(''160'')');
insert into "SCOTT"."STRESS_AllChars_Child" values (chr(156), chr(161), 'chr(''156'') chr(''161'')');
insert into "SCOTT"."STRESS_AllChars" values (chr(157), 'chr(''157'')');
insert into "SCOTT"."STRESS_AllChars_Child" values (chr(157), chr(152), 'chr(''157'') chr(''152'')');
insert into "SCOTT"."STRESS_AllChars_Child" values (chr(157), chr(153), 'chr(''157'') chr(''153'')');
insert into "SCOTT"."STRESS_AllChars_Child" values (chr(157), chr(154), 'chr(''157'') chr(''154'')');
insert into "SCOTT"."STRESS_AllChars_Child" values (chr(157), chr(155), 'chr(''157'') chr(''155'')');
insert into "SCOTT"."STRESS_AllChars_Child" values (chr(157), chr(156), 'chr(''157'') chr(''156'')');
insert into "SCOTT"."STRESS_AllChars_Child" values (chr(157), chr(157), 'chr(''157'') chr(''157'')');
insert into "SCOTT"."STRESS_AllChars_Child" values (chr(157), chr(158), 'chr(''157'') chr(''158'')');
insert into "SCOTT"."STRESS_AllChars_Child" values (chr(157), chr(159), 'chr(''157'') chr(''159'')');
insert into "SCOTT"."STRESS_AllChars_Child" values (chr(157), chr(160), 'chr(''157'') chr(''160'')');
insert into "SCOTT"."STRESS_AllChars_Child" values (chr(157), chr(161), 'chr(''157'') chr(''161'')');
insert into "SCOTT"."STRESS_AllChars_Child" values (chr(157), chr(162), 'chr(''157'') chr(''162'')');
insert into "SCOTT"."STRESS_AllChars" values (chr(158), 'chr(''158'')');
insert into "SCOTT"."STRESS_AllChars_Child" values (chr(158), chr(153), 'chr(''158'') chr(''153'')');
insert into "SCOTT"."STRESS_AllChars_Child" values (chr(158), chr(154), 'chr(''158'') chr(''154'')');
insert into "SCOTT"."STRESS_AllChars_Child" values (chr(158), chr(155), 'chr(''158'') chr(''155'')');
insert into "SCOTT"."STRESS_AllChars_Child" values (chr(158), chr(156), 'chr(''158'') chr(''156'')');
insert into "SCOTT"."STRESS_AllChars_Child" values (chr(158), chr(157), 'chr(''158'') chr(''157'')');
insert into "SCOTT"."STRESS_AllChars_Child" values (chr(158), chr(158), 'chr(''158'') chr(''158'')');
insert into "SCOTT"."STRESS_AllChars_Child" values (chr(158), chr(159), 'chr(''158'') chr(''159'')');
insert into "SCOTT"."STRESS_AllChars_Child" values (chr(158), chr(160), 'chr(''158'') chr(''160'')');
insert into "SCOTT"."STRESS_AllChars_Child" values (chr(158), chr(161), 'chr(''158'') chr(''161'')');
insert into "SCOTT"."STRESS_AllChars_Child" values (chr(158), chr(162), 'chr(''158'') chr(''162'')');
insert into "SCOTT"."STRESS_AllChars_Child" values (chr(158), chr(163), 'chr(''158'') chr(''163'')');
insert into "SCOTT"."STRESS_AllChars" values (chr(159), 'chr(''159'')');
insert into "SCOTT"."STRESS_AllChars_Child" values (chr(159), chr(154), 'chr(''159'') chr(''154'')');
insert into "SCOTT"."STRESS_AllChars_Child" values (chr(159), chr(155), 'chr(''159'') chr(''155'')');
insert into "SCOTT"."STRESS_AllChars_Child" values (chr(159), chr(156), 'chr(''159'') chr(''156'')');
insert into "SCOTT"."STRESS_AllChars_Child" values (chr(159), chr(157), 'chr(''159'') chr(''157'')');
insert into "SCOTT"."STRESS_AllChars_Child" values (chr(159), chr(158), 'chr(''159'') chr(''158'')');
insert into "SCOTT"."STRESS_AllChars_Child" values (chr(159), chr(159), 'chr(''159'') chr(''159'')');
insert into "SCOTT"."STRESS_AllChars_Child" values (chr(159), chr(160), 'chr(''159'') chr(''160'')');
insert into "SCOTT"."STRESS_AllChars_Child" values (chr(159), chr(161), 'chr(''159'') chr(''161'')');
insert into "SCOTT"."STRESS_AllChars_Child" values (chr(159), chr(162), 'chr(''159'') chr(''162'')');
insert into "SCOTT"."STRESS_AllChars_Child" values (chr(159), chr(163), 'chr(''159'') chr(''163'')');
insert into "SCOTT"."STRESS_AllChars_Child" values (chr(159), chr(164), 'chr(''159'') chr(''164'')');
insert into "SCOTT"."STRESS_AllChars" values (chr(160), 'chr(''160'')');
insert into "SCOTT"."STRESS_AllChars_Child" values (chr(160), chr(155), 'chr(''160'') chr(''155'')');
insert into "SCOTT"."STRESS_AllChars_Child" values (chr(160), chr(156), 'chr(''160'') chr(''156'')');
insert into "SCOTT"."STRESS_AllChars_Child" values (chr(160), chr(157), 'chr(''160'') chr(''157'')');
insert into "SCOTT"."STRESS_AllChars_Child" values (chr(160), chr(158), 'chr(''160'') chr(''158'')');
insert into "SCOTT"."STRESS_AllChars_Child" values (chr(160), chr(159), 'chr(''160'') chr(''159'')');
insert into "SCOTT"."STRESS_AllChars_Child" values (chr(160), chr(160), 'chr(''160'') chr(''160'')');
insert into "SCOTT"."STRESS_AllChars_Child" values (chr(160), chr(161), 'chr(''160'') chr(''161'')');
insert into "SCOTT"."STRESS_AllChars_Child" values (chr(160), chr(162), 'chr(''160'') chr(''162'')');
insert into "SCOTT"."STRESS_AllChars_Child" values (chr(160), chr(163), 'chr(''160'') chr(''163'')');
insert into "SCOTT"."STRESS_AllChars_Child" values (chr(160), chr(164), 'chr(''160'') chr(''164'')');
insert into "SCOTT"."STRESS_AllChars_Child" values (chr(160), chr(165), 'chr(''160'') chr(''165'')');
insert into "SCOTT"."STRESS_AllChars" values (chr(161), 'chr(''161'')');
insert into "SCOTT"."STRESS_AllChars_Child" values (chr(161), chr(156), 'chr(''161'') chr(''156'')');
insert into "SCOTT"."STRESS_AllChars_Child" values (chr(161), chr(157), 'chr(''161'') chr(''157'')');
insert into "SCOTT"."STRESS_AllChars_Child" values (chr(161), chr(158), 'chr(''161'') chr(''158'')');
insert into "SCOTT"."STRESS_AllChars_Child" values (chr(161), chr(159), 'chr(''161'') chr(''159'')');
insert into "SCOTT"."STRESS_AllChars_Child" values (chr(161), chr(160), 'chr(''161'') chr(''160'')');
insert into "SCOTT"."STRESS_AllChars_Child" values (chr(161), chr(161), 'chr(''161'') chr(''161'')');
insert into "SCOTT"."STRESS_AllChars_Child" values (chr(161), chr(162), 'chr(''161'') chr(''162'')');
insert into "SCOTT"."STRESS_AllChars_Child" values (chr(161), chr(163), 'chr(''161'') chr(''163'')');
insert into "SCOTT"."STRESS_AllChars_Child" values (chr(161), chr(164), 'chr(''161'') chr(''164'')');
insert into "SCOTT"."STRESS_AllChars_Child" values (chr(161), chr(165), 'chr(''161'') chr(''165'')');
insert into "SCOTT"."STRESS_AllChars_Child" values (chr(161), chr(166), 'chr(''161'') chr(''166'')');
insert into "SCOTT"."STRESS_AllChars" values (chr(162), 'chr(''162'')');
insert into "SCOTT"."STRESS_AllChars_Child" values (chr(162), chr(157), 'chr(''162'') chr(''157'')');
insert into "SCOTT"."STRESS_AllChars_Child" values (chr(162), chr(158), 'chr(''162'') chr(''158'')');
insert into "SCOTT"."STRESS_AllChars_Child" values (chr(162), chr(159), 'chr(''162'') chr(''159'')');
insert into "SCOTT"."STRESS_AllChars_Child" values (chr(162), chr(160), 'chr(''162'') chr(''160'')');
insert into "SCOTT"."STRESS_AllChars_Child" values (chr(162), chr(161), 'chr(''162'') chr(''161'')');
insert into "SCOTT"."STRESS_AllChars_Child" values (chr(162), chr(162), 'chr(''162'') chr(''162'')');
insert into "SCOTT"."STRESS_AllChars_Child" values (chr(162), chr(163), 'chr(''162'') chr(''163'')');
insert into "SCOTT"."STRESS_AllChars_Child" values (chr(162), chr(164), 'chr(''162'') chr(''164'')');
insert into "SCOTT"."STRESS_AllChars_Child" values (chr(162), chr(165), 'chr(''162'') chr(''165'')');
insert into "SCOTT"."STRESS_AllChars_Child" values (chr(162), chr(166), 'chr(''162'') chr(''166'')');
insert into "SCOTT"."STRESS_AllChars_Child" values (chr(162), chr(167), 'chr(''162'') chr(''167'')');
insert into "SCOTT"."STRESS_AllChars" values (chr(163), 'chr(''163'')');
insert into "SCOTT"."STRESS_AllChars_Child" values (chr(163), chr(158), 'chr(''163'') chr(''158'')');
insert into "SCOTT"."STRESS_AllChars_Child" values (chr(163), chr(159), 'chr(''163'') chr(''159'')');
insert into "SCOTT"."STRESS_AllChars_Child" values (chr(163), chr(160), 'chr(''163'') chr(''160'')');
insert into "SCOTT"."STRESS_AllChars_Child" values (chr(163), chr(161), 'chr(''163'') chr(''161'')');
insert into "SCOTT"."STRESS_AllChars_Child" values (chr(163), chr(162), 'chr(''163'') chr(''162'')');
insert into "SCOTT"."STRESS_AllChars_Child" values (chr(163), chr(163), 'chr(''163'') chr(''163'')');
insert into "SCOTT"."STRESS_AllChars_Child" values (chr(163), chr(164), 'chr(''163'') chr(''164'')');
insert into "SCOTT"."STRESS_AllChars_Child" values (chr(163), chr(165), 'chr(''163'') chr(''165'')');
insert into "SCOTT"."STRESS_AllChars_Child" values (chr(163), chr(166), 'chr(''163'') chr(''166'')');
insert into "SCOTT"."STRESS_AllChars_Child" values (chr(163), chr(167), 'chr(''163'') chr(''167'')');
insert into "SCOTT"."STRESS_AllChars_Child" values (chr(163), chr(168), 'chr(''163'') chr(''168'')');
insert into "SCOTT"."STRESS_AllChars" values (chr(164), 'chr(''164'')');
insert into "SCOTT"."STRESS_AllChars_Child" values (chr(164), chr(159), 'chr(''164'') chr(''159'')');
insert into "SCOTT"."STRESS_AllChars_Child" values (chr(164), chr(160), 'chr(''164'') chr(''160'')');
insert into "SCOTT"."STRESS_AllChars_Child" values (chr(164), chr(161), 'chr(''164'') chr(''161'')');
insert into "SCOTT"."STRESS_AllChars_Child" values (chr(164), chr(162), 'chr(''164'') chr(''162'')');
insert into "SCOTT"."STRESS_AllChars_Child" values (chr(164), chr(163), 'chr(''164'') chr(''163'')');
insert into "SCOTT"."STRESS_AllChars_Child" values (chr(164), chr(164), 'chr(''164'') chr(''164'')');
insert into "SCOTT"."STRESS_AllChars_Child" values (chr(164), chr(165), 'chr(''164'') chr(''165'')');
insert into "SCOTT"."STRESS_AllChars_Child" values (chr(164), chr(166), 'chr(''164'') chr(''166'')');
insert into "SCOTT"."STRESS_AllChars_Child" values (chr(164), chr(167), 'chr(''164'') chr(''167'')');
insert into "SCOTT"."STRESS_AllChars_Child" values (chr(164), chr(168), 'chr(''164'') chr(''168'')');
insert into "SCOTT"."STRESS_AllChars_Child" values (chr(164), chr(169), 'chr(''164'') chr(''169'')');
insert into "SCOTT"."STRESS_AllChars" values (chr(165), 'chr(''165'')');
insert into "SCOTT"."STRESS_AllChars_Child" values (chr(165), chr(160), 'chr(''165'') chr(''160'')');
insert into "SCOTT"."STRESS_AllChars_Child" values (chr(165), chr(161), 'chr(''165'') chr(''161'')');
insert into "SCOTT"."STRESS_AllChars_Child" values (chr(165), chr(162), 'chr(''165'') chr(''162'')');
insert into "SCOTT"."STRESS_AllChars_Child" values (chr(165), chr(163), 'chr(''165'') chr(''163'')');
insert into "SCOTT"."STRESS_AllChars_Child" values (chr(165), chr(164), 'chr(''165'') chr(''164'')');
insert into "SCOTT"."STRESS_AllChars_Child" values (chr(165), chr(165), 'chr(''165'') chr(''165'')');
insert into "SCOTT"."STRESS_AllChars_Child" values (chr(165), chr(166), 'chr(''165'') chr(''166'')');
insert into "SCOTT"."STRESS_AllChars_Child" values (chr(165), chr(167), 'chr(''165'') chr(''167'')');
insert into "SCOTT"."STRESS_AllChars_Child" values (chr(165), chr(168), 'chr(''165'') chr(''168'')');
insert into "SCOTT"."STRESS_AllChars_Child" values (chr(165), chr(169), 'chr(''165'') chr(''169'')');
insert into "SCOTT"."STRESS_AllChars_Child" values (chr(165), chr(170), 'chr(''165'') chr(''170'')');
insert into "SCOTT"."STRESS_AllChars" values (chr(166), 'chr(''166'')');
insert into "SCOTT"."STRESS_AllChars_Child" values (chr(166), chr(161), 'chr(''166'') chr(''161'')');
insert into "SCOTT"."STRESS_AllChars_Child" values (chr(166), chr(162), 'chr(''166'') chr(''162'')');
insert into "SCOTT"."STRESS_AllChars_Child" values (chr(166), chr(163), 'chr(''166'') chr(''163'')');
insert into "SCOTT"."STRESS_AllChars_Child" values (chr(166), chr(164), 'chr(''166'') chr(''164'')');
insert into "SCOTT"."STRESS_AllChars_Child" values (chr(166), chr(165), 'chr(''166'') chr(''165'')');
insert into "SCOTT"."STRESS_AllChars_Child" values (chr(166), chr(166), 'chr(''166'') chr(''166'')');
insert into "SCOTT"."STRESS_AllChars_Child" values (chr(166), chr(167), 'chr(''166'') chr(''167'')');
insert into "SCOTT"."STRESS_AllChars_Child" values (chr(166), chr(168), 'chr(''166'') chr(''168'')');
insert into "SCOTT"."STRESS_AllChars_Child" values (chr(166), chr(169), 'chr(''166'') chr(''169'')');
insert into "SCOTT"."STRESS_AllChars_Child" values (chr(166), chr(170), 'chr(''166'') chr(''170'')');
insert into "SCOTT"."STRESS_AllChars_Child" values (chr(166), chr(171), 'chr(''166'') chr(''171'')');
insert into "SCOTT"."STRESS_AllChars" values (chr(167), 'chr(''167'')');
insert into "SCOTT"."STRESS_AllChars_Child" values (chr(167), chr(162), 'chr(''167'') chr(''162'')');
insert into "SCOTT"."STRESS_AllChars_Child" values (chr(167), chr(163), 'chr(''167'') chr(''163'')');
insert into "SCOTT"."STRESS_AllChars_Child" values (chr(167), chr(164), 'chr(''167'') chr(''164'')');
insert into "SCOTT"."STRESS_AllChars_Child" values (chr(167), chr(165), 'chr(''167'') chr(''165'')');
insert into "SCOTT"."STRESS_AllChars_Child" values (chr(167), chr(166), 'chr(''167'') chr(''166'')');
insert into "SCOTT"."STRESS_AllChars_Child" values (chr(167), chr(167), 'chr(''167'') chr(''167'')');
insert into "SCOTT"."STRESS_AllChars_Child" values (chr(167), chr(168), 'chr(''167'') chr(''168'')');
insert into "SCOTT"."STRESS_AllChars_Child" values (chr(167), chr(169), 'chr(''167'') chr(''169'')');
insert into "SCOTT"."STRESS_AllChars_Child" values (chr(167), chr(170), 'chr(''167'') chr(''170'')');
insert into "SCOTT"."STRESS_AllChars_Child" values (chr(167), chr(171), 'chr(''167'') chr(''171'')');
insert into "SCOTT"."STRESS_AllChars_Child" values (chr(167), chr(172), 'chr(''167'') chr(''172'')');
insert into "SCOTT"."STRESS_AllChars" values (chr(168), 'chr(''168'')');
insert into "SCOTT"."STRESS_AllChars_Child" values (chr(168), chr(163), 'chr(''168'') chr(''163'')');
insert into "SCOTT"."STRESS_AllChars_Child" values (chr(168), chr(164), 'chr(''168'') chr(''164'')');
insert into "SCOTT"."STRESS_AllChars_Child" values (chr(168), chr(165), 'chr(''168'') chr(''165'')');
insert into "SCOTT"."STRESS_AllChars_Child" values (chr(168), chr(166), 'chr(''168'') chr(''166'')');
insert into "SCOTT"."STRESS_AllChars_Child" values (chr(168), chr(167), 'chr(''168'') chr(''167'')');
insert into "SCOTT"."STRESS_AllChars_Child" values (chr(168), chr(168), 'chr(''168'') chr(''168'')');
insert into "SCOTT"."STRESS_AllChars_Child" values (chr(168), chr(169), 'chr(''168'') chr(''169'')');
insert into "SCOTT"."STRESS_AllChars_Child" values (chr(168), chr(170), 'chr(''168'') chr(''170'')');
insert into "SCOTT"."STRESS_AllChars_Child" values (chr(168), chr(171), 'chr(''168'') chr(''171'')');
insert into "SCOTT"."STRESS_AllChars_Child" values (chr(168), chr(172), 'chr(''168'') chr(''172'')');
insert into "SCOTT"."STRESS_AllChars_Child" values (chr(168), chr(173), 'chr(''168'') chr(''173'')');
insert into "SCOTT"."STRESS_AllChars" values (chr(169), 'chr(''169'')');
insert into "SCOTT"."STRESS_AllChars_Child" values (chr(169), chr(164), 'chr(''169'') chr(''164'')');
insert into "SCOTT"."STRESS_AllChars_Child" values (chr(169), chr(165), 'chr(''169'') chr(''165'')');
insert into "SCOTT"."STRESS_AllChars_Child" values (chr(169), chr(166), 'chr(''169'') chr(''166'')');
insert into "SCOTT"."STRESS_AllChars_Child" values (chr(169), chr(167), 'chr(''169'') chr(''167'')');
insert into "SCOTT"."STRESS_AllChars_Child" values (chr(169), chr(168), 'chr(''169'') chr(''168'')');
insert into "SCOTT"."STRESS_AllChars_Child" values (chr(169), chr(169), 'chr(''169'') chr(''169'')');
insert into "SCOTT"."STRESS_AllChars_Child" values (chr(169), chr(170), 'chr(''169'') chr(''170'')');
insert into "SCOTT"."STRESS_AllChars_Child" values (chr(169), chr(171), 'chr(''169'') chr(''171'')');
insert into "SCOTT"."STRESS_AllChars_Child" values (chr(169), chr(172), 'chr(''169'') chr(''172'')');
insert into "SCOTT"."STRESS_AllChars_Child" values (chr(169), chr(173), 'chr(''169'') chr(''173'')');
insert into "SCOTT"."STRESS_AllChars_Child" values (chr(169), chr(174), 'chr(''169'') chr(''174'')');
insert into "SCOTT"."STRESS_AllChars" values (chr(170), 'chr(''170'')');
insert into "SCOTT"."STRESS_AllChars_Child" values (chr(170), chr(165), 'chr(''170'') chr(''165'')');
insert into "SCOTT"."STRESS_AllChars_Child" values (chr(170), chr(166), 'chr(''170'') chr(''166'')');
insert into "SCOTT"."STRESS_AllChars_Child" values (chr(170), chr(167), 'chr(''170'') chr(''167'')');
insert into "SCOTT"."STRESS_AllChars_Child" values (chr(170), chr(168), 'chr(''170'') chr(''168'')');
insert into "SCOTT"."STRESS_AllChars_Child" values (chr(170), chr(169), 'chr(''170'') chr(''169'')');
insert into "SCOTT"."STRESS_AllChars_Child" values (chr(170), chr(170), 'chr(''170'') chr(''170'')');
insert into "SCOTT"."STRESS_AllChars_Child" values (chr(170), chr(171), 'chr(''170'') chr(''171'')');
insert into "SCOTT"."STRESS_AllChars_Child" values (chr(170), chr(172), 'chr(''170'') chr(''172'')');
insert into "SCOTT"."STRESS_AllChars_Child" values (chr(170), chr(173), 'chr(''170'') chr(''173'')');
insert into "SCOTT"."STRESS_AllChars_Child" values (chr(170), chr(174), 'chr(''170'') chr(''174'')');
insert into "SCOTT"."STRESS_AllChars_Child" values (chr(170), chr(175), 'chr(''170'') chr(''175'')');
insert into "SCOTT"."STRESS_AllChars" values (chr(171), 'chr(''171'')');
insert into "SCOTT"."STRESS_AllChars_Child" values (chr(171), chr(166), 'chr(''171'') chr(''166'')');
insert into "SCOTT"."STRESS_AllChars_Child" values (chr(171), chr(167), 'chr(''171'') chr(''167'')');
insert into "SCOTT"."STRESS_AllChars_Child" values (chr(171), chr(168), 'chr(''171'') chr(''168'')');
insert into "SCOTT"."STRESS_AllChars_Child" values (chr(171), chr(169), 'chr(''171'') chr(''169'')');
insert into "SCOTT"."STRESS_AllChars_Child" values (chr(171), chr(170), 'chr(''171'') chr(''170'')');
insert into "SCOTT"."STRESS_AllChars_Child" values (chr(171), chr(171), 'chr(''171'') chr(''171'')');
insert into "SCOTT"."STRESS_AllChars_Child" values (chr(171), chr(172), 'chr(''171'') chr(''172'')');
insert into "SCOTT"."STRESS_AllChars_Child" values (chr(171), chr(173), 'chr(''171'') chr(''173'')');
insert into "SCOTT"."STRESS_AllChars_Child" values (chr(171), chr(174), 'chr(''171'') chr(''174'')');
insert into "SCOTT"."STRESS_AllChars_Child" values (chr(171), chr(175), 'chr(''171'') chr(''175'')');
insert into "SCOTT"."STRESS_AllChars_Child" values (chr(171), chr(176), 'chr(''171'') chr(''176'')');
insert into "SCOTT"."STRESS_AllChars" values (chr(172), 'chr(''172'')');
insert into "SCOTT"."STRESS_AllChars_Child" values (chr(172), chr(167), 'chr(''172'') chr(''167'')');
insert into "SCOTT"."STRESS_AllChars_Child" values (chr(172), chr(168), 'chr(''172'') chr(''168'')');
insert into "SCOTT"."STRESS_AllChars_Child" values (chr(172), chr(169), 'chr(''172'') chr(''169'')');
insert into "SCOTT"."STRESS_AllChars_Child" values (chr(172), chr(170), 'chr(''172'') chr(''170'')');
insert into "SCOTT"."STRESS_AllChars_Child" values (chr(172), chr(171), 'chr(''172'') chr(''171'')');
insert into "SCOTT"."STRESS_AllChars_Child" values (chr(172), chr(172), 'chr(''172'') chr(''172'')');
insert into "SCOTT"."STRESS_AllChars_Child" values (chr(172), chr(173), 'chr(''172'') chr(''173'')');
insert into "SCOTT"."STRESS_AllChars_Child" values (chr(172), chr(174), 'chr(''172'') chr(''174'')');
insert into "SCOTT"."STRESS_AllChars_Child" values (chr(172), chr(175), 'chr(''172'') chr(''175'')');
insert into "SCOTT"."STRESS_AllChars_Child" values (chr(172), chr(176), 'chr(''172'') chr(''176'')');
insert into "SCOTT"."STRESS_AllChars_Child" values (chr(172), chr(177), 'chr(''172'') chr(''177'')');
insert into "SCOTT"."STRESS_AllChars" values (chr(173), 'chr(''173'')');
insert into "SCOTT"."STRESS_AllChars_Child" values (chr(173), chr(168), 'chr(''173'') chr(''168'')');
insert into "SCOTT"."STRESS_AllChars_Child" values (chr(173), chr(169), 'chr(''173'') chr(''169'')');
insert into "SCOTT"."STRESS_AllChars_Child" values (chr(173), chr(170), 'chr(''173'') chr(''170'')');
insert into "SCOTT"."STRESS_AllChars_Child" values (chr(173), chr(171), 'chr(''173'') chr(''171'')');
insert into "SCOTT"."STRESS_AllChars_Child" values (chr(173), chr(172), 'chr(''173'') chr(''172'')');
insert into "SCOTT"."STRESS_AllChars_Child" values (chr(173), chr(173), 'chr(''173'') chr(''173'')');
insert into "SCOTT"."STRESS_AllChars_Child" values (chr(173), chr(174), 'chr(''173'') chr(''174'')');
insert into "SCOTT"."STRESS_AllChars_Child" values (chr(173), chr(175), 'chr(''173'') chr(''175'')');
insert into "SCOTT"."STRESS_AllChars_Child" values (chr(173), chr(176), 'chr(''173'') chr(''176'')');
insert into "SCOTT"."STRESS_AllChars_Child" values (chr(173), chr(177), 'chr(''173'') chr(''177'')');
insert into "SCOTT"."STRESS_AllChars_Child" values (chr(173), chr(178), 'chr(''173'') chr(''178'')');
insert into "SCOTT"."STRESS_AllChars" values (chr(174), 'chr(''174'')');
insert into "SCOTT"."STRESS_AllChars_Child" values (chr(174), chr(169), 'chr(''174'') chr(''169'')');
insert into "SCOTT"."STRESS_AllChars_Child" values (chr(174), chr(170), 'chr(''174'') chr(''170'')');
insert into "SCOTT"."STRESS_AllChars_Child" values (chr(174), chr(171), 'chr(''174'') chr(''171'')');
insert into "SCOTT"."STRESS_AllChars_Child" values (chr(174), chr(172), 'chr(''174'') chr(''172'')');
insert into "SCOTT"."STRESS_AllChars_Child" values (chr(174), chr(173), 'chr(''174'') chr(''173'')');
insert into "SCOTT"."STRESS_AllChars_Child" values (chr(174), chr(174), 'chr(''174'') chr(''174'')');
insert into "SCOTT"."STRESS_AllChars_Child" values (chr(174), chr(175), 'chr(''174'') chr(''175'')');
insert into "SCOTT"."STRESS_AllChars_Child" values (chr(174), chr(176), 'chr(''174'') chr(''176'')');
insert into "SCOTT"."STRESS_AllChars_Child" values (chr(174), chr(177), 'chr(''174'') chr(''177'')');
insert into "SCOTT"."STRESS_AllChars_Child" values (chr(174), chr(178), 'chr(''174'') chr(''178'')');
insert into "SCOTT"."STRESS_AllChars_Child" values (chr(174), chr(179), 'chr(''174'') chr(''179'')');
insert into "SCOTT"."STRESS_AllChars" values (chr(175), 'chr(''175'')');
insert into "SCOTT"."STRESS_AllChars_Child" values (chr(175), chr(170), 'chr(''175'') chr(''170'')');
insert into "SCOTT"."STRESS_AllChars_Child" values (chr(175), chr(171), 'chr(''175'') chr(''171'')');
insert into "SCOTT"."STRESS_AllChars_Child" values (chr(175), chr(172), 'chr(''175'') chr(''172'')');
insert into "SCOTT"."STRESS_AllChars_Child" values (chr(175), chr(173), 'chr(''175'') chr(''173'')');
insert into "SCOTT"."STRESS_AllChars_Child" values (chr(175), chr(174), 'chr(''175'') chr(''174'')');
insert into "SCOTT"."STRESS_AllChars_Child" values (chr(175), chr(175), 'chr(''175'') chr(''175'')');
insert into "SCOTT"."STRESS_AllChars_Child" values (chr(175), chr(176), 'chr(''175'') chr(''176'')');
insert into "SCOTT"."STRESS_AllChars_Child" values (chr(175), chr(177), 'chr(''175'') chr(''177'')');
insert into "SCOTT"."STRESS_AllChars_Child" values (chr(175), chr(178), 'chr(''175'') chr(''178'')');
insert into "SCOTT"."STRESS_AllChars_Child" values (chr(175), chr(179), 'chr(''175'') chr(''179'')');
insert into "SCOTT"."STRESS_AllChars_Child" values (chr(175), chr(180), 'chr(''175'') chr(''180'')');
insert into "SCOTT"."STRESS_AllChars" values (chr(176), 'chr(''176'')');
insert into "SCOTT"."STRESS_AllChars_Child" values (chr(176), chr(171), 'chr(''176'') chr(''171'')');
insert into "SCOTT"."STRESS_AllChars_Child" values (chr(176), chr(172), 'chr(''176'') chr(''172'')');
insert into "SCOTT"."STRESS_AllChars_Child" values (chr(176), chr(173), 'chr(''176'') chr(''173'')');
insert into "SCOTT"."STRESS_AllChars_Child" values (chr(176), chr(174), 'chr(''176'') chr(''174'')');
insert into "SCOTT"."STRESS_AllChars_Child" values (chr(176), chr(175), 'chr(''176'') chr(''175'')');
insert into "SCOTT"."STRESS_AllChars_Child" values (chr(176), chr(176), 'chr(''176'') chr(''176'')');
insert into "SCOTT"."STRESS_AllChars_Child" values (chr(176), chr(177), 'chr(''176'') chr(''177'')');
insert into "SCOTT"."STRESS_AllChars_Child" values (chr(176), chr(178), 'chr(''176'') chr(''178'')');
insert into "SCOTT"."STRESS_AllChars_Child" values (chr(176), chr(179), 'chr(''176'') chr(''179'')');
insert into "SCOTT"."STRESS_AllChars_Child" values (chr(176), chr(180), 'chr(''176'') chr(''180'')');
insert into "SCOTT"."STRESS_AllChars_Child" values (chr(176), chr(181), 'chr(''176'') chr(''181'')');
insert into "SCOTT"."STRESS_AllChars" values (chr(177), 'chr(''177'')');
insert into "SCOTT"."STRESS_AllChars_Child" values (chr(177), chr(172), 'chr(''177'') chr(''172'')');
insert into "SCOTT"."STRESS_AllChars_Child" values (chr(177), chr(173), 'chr(''177'') chr(''173'')');
insert into "SCOTT"."STRESS_AllChars_Child" values (chr(177), chr(174), 'chr(''177'') chr(''174'')');
insert into "SCOTT"."STRESS_AllChars_Child" values (chr(177), chr(175), 'chr(''177'') chr(''175'')');
insert into "SCOTT"."STRESS_AllChars_Child" values (chr(177), chr(176), 'chr(''177'') chr(''176'')');
insert into "SCOTT"."STRESS_AllChars_Child" values (chr(177), chr(177), 'chr(''177'') chr(''177'')');
insert into "SCOTT"."STRESS_AllChars_Child" values (chr(177), chr(178), 'chr(''177'') chr(''178'')');
insert into "SCOTT"."STRESS_AllChars_Child" values (chr(177), chr(179), 'chr(''177'') chr(''179'')');
insert into "SCOTT"."STRESS_AllChars_Child" values (chr(177), chr(180), 'chr(''177'') chr(''180'')');
insert into "SCOTT"."STRESS_AllChars_Child" values (chr(177), chr(181), 'chr(''177'') chr(''181'')');
insert into "SCOTT"."STRESS_AllChars_Child" values (chr(177), chr(182), 'chr(''177'') chr(''182'')');
insert into "SCOTT"."STRESS_AllChars" values (chr(178), 'chr(''178'')');
insert into "SCOTT"."STRESS_AllChars_Child" values (chr(178), chr(173), 'chr(''178'') chr(''173'')');
insert into "SCOTT"."STRESS_AllChars_Child" values (chr(178), chr(174), 'chr(''178'') chr(''174'')');
insert into "SCOTT"."STRESS_AllChars_Child" values (chr(178), chr(175), 'chr(''178'') chr(''175'')');
insert into "SCOTT"."STRESS_AllChars_Child" values (chr(178), chr(176), 'chr(''178'') chr(''176'')');
insert into "SCOTT"."STRESS_AllChars_Child" values (chr(178), chr(177), 'chr(''178'') chr(''177'')');
insert into "SCOTT"."STRESS_AllChars_Child" values (chr(178), chr(178), 'chr(''178'') chr(''178'')');
insert into "SCOTT"."STRESS_AllChars_Child" values (chr(178), chr(179), 'chr(''178'') chr(''179'')');
insert into "SCOTT"."STRESS_AllChars_Child" values (chr(178), chr(180), 'chr(''178'') chr(''180'')');
insert into "SCOTT"."STRESS_AllChars_Child" values (chr(178), chr(181), 'chr(''178'') chr(''181'')');
insert into "SCOTT"."STRESS_AllChars_Child" values (chr(178), chr(182), 'chr(''178'') chr(''182'')');
insert into "SCOTT"."STRESS_AllChars_Child" values (chr(178), chr(183), 'chr(''178'') chr(''183'')');
insert into "SCOTT"."STRESS_AllChars" values (chr(179), 'chr(''179'')');
insert into "SCOTT"."STRESS_AllChars_Child" values (chr(179), chr(174), 'chr(''179'') chr(''174'')');
insert into "SCOTT"."STRESS_AllChars_Child" values (chr(179), chr(175), 'chr(''179'') chr(''175'')');
insert into "SCOTT"."STRESS_AllChars_Child" values (chr(179), chr(176), 'chr(''179'') chr(''176'')');
insert into "SCOTT"."STRESS_AllChars_Child" values (chr(179), chr(177), 'chr(''179'') chr(''177'')');
insert into "SCOTT"."STRESS_AllChars_Child" values (chr(179), chr(178), 'chr(''179'') chr(''178'')');
insert into "SCOTT"."STRESS_AllChars_Child" values (chr(179), chr(179), 'chr(''179'') chr(''179'')');
insert into "SCOTT"."STRESS_AllChars_Child" values (chr(179), chr(180), 'chr(''179'') chr(''180'')');
insert into "SCOTT"."STRESS_AllChars_Child" values (chr(179), chr(181), 'chr(''179'') chr(''181'')');
insert into "SCOTT"."STRESS_AllChars_Child" values (chr(179), chr(182), 'chr(''179'') chr(''182'')');
insert into "SCOTT"."STRESS_AllChars_Child" values (chr(179), chr(183), 'chr(''179'') chr(''183'')');
insert into "SCOTT"."STRESS_AllChars_Child" values (chr(179), chr(184), 'chr(''179'') chr(''184'')');
insert into "SCOTT"."STRESS_AllChars" values (chr(180), 'chr(''180'')');
insert into "SCOTT"."STRESS_AllChars_Child" values (chr(180), chr(175), 'chr(''180'') chr(''175'')');
insert into "SCOTT"."STRESS_AllChars_Child" values (chr(180), chr(176), 'chr(''180'') chr(''176'')');
insert into "SCOTT"."STRESS_AllChars_Child" values (chr(180), chr(177), 'chr(''180'') chr(''177'')');
insert into "SCOTT"."STRESS_AllChars_Child" values (chr(180), chr(178), 'chr(''180'') chr(''178'')');
insert into "SCOTT"."STRESS_AllChars_Child" values (chr(180), chr(179), 'chr(''180'') chr(''179'')');
insert into "SCOTT"."STRESS_AllChars_Child" values (chr(180), chr(180), 'chr(''180'') chr(''180'')');
insert into "SCOTT"."STRESS_AllChars_Child" values (chr(180), chr(181), 'chr(''180'') chr(''181'')');
insert into "SCOTT"."STRESS_AllChars_Child" values (chr(180), chr(182), 'chr(''180'') chr(''182'')');
insert into "SCOTT"."STRESS_AllChars_Child" values (chr(180), chr(183), 'chr(''180'') chr(''183'')');
insert into "SCOTT"."STRESS_AllChars_Child" values (chr(180), chr(184), 'chr(''180'') chr(''184'')');
insert into "SCOTT"."STRESS_AllChars_Child" values (chr(180), chr(185), 'chr(''180'') chr(''185'')');
insert into "SCOTT"."STRESS_AllChars" values (chr(181), 'chr(''181'')');
insert into "SCOTT"."STRESS_AllChars_Child" values (chr(181), chr(176), 'chr(''181'') chr(''176'')');
insert into "SCOTT"."STRESS_AllChars_Child" values (chr(181), chr(177), 'chr(''181'') chr(''177'')');
insert into "SCOTT"."STRESS_AllChars_Child" values (chr(181), chr(178), 'chr(''181'') chr(''178'')');
insert into "SCOTT"."STRESS_AllChars_Child" values (chr(181), chr(179), 'chr(''181'') chr(''179'')');
insert into "SCOTT"."STRESS_AllChars_Child" values (chr(181), chr(180), 'chr(''181'') chr(''180'')');
insert into "SCOTT"."STRESS_AllChars_Child" values (chr(181), chr(181), 'chr(''181'') chr(''181'')');
insert into "SCOTT"."STRESS_AllChars_Child" values (chr(181), chr(182), 'chr(''181'') chr(''182'')');
insert into "SCOTT"."STRESS_AllChars_Child" values (chr(181), chr(183), 'chr(''181'') chr(''183'')');
insert into "SCOTT"."STRESS_AllChars_Child" values (chr(181), chr(184), 'chr(''181'') chr(''184'')');
insert into "SCOTT"."STRESS_AllChars_Child" values (chr(181), chr(185), 'chr(''181'') chr(''185'')');
insert into "SCOTT"."STRESS_AllChars_Child" values (chr(181), chr(186), 'chr(''181'') chr(''186'')');
insert into "SCOTT"."STRESS_AllChars" values (chr(182), 'chr(''182'')');
insert into "SCOTT"."STRESS_AllChars_Child" values (chr(182), chr(177), 'chr(''182'') chr(''177'')');
insert into "SCOTT"."STRESS_AllChars_Child" values (chr(182), chr(178), 'chr(''182'') chr(''178'')');
insert into "SCOTT"."STRESS_AllChars_Child" values (chr(182), chr(179), 'chr(''182'') chr(''179'')');
insert into "SCOTT"."STRESS_AllChars_Child" values (chr(182), chr(180), 'chr(''182'') chr(''180'')');
insert into "SCOTT"."STRESS_AllChars_Child" values (chr(182), chr(181), 'chr(''182'') chr(''181'')');
insert into "SCOTT"."STRESS_AllChars_Child" values (chr(182), chr(182), 'chr(''182'') chr(''182'')');
insert into "SCOTT"."STRESS_AllChars_Child" values (chr(182), chr(183), 'chr(''182'') chr(''183'')');
insert into "SCOTT"."STRESS_AllChars_Child" values (chr(182), chr(184), 'chr(''182'') chr(''184'')');
insert into "SCOTT"."STRESS_AllChars_Child" values (chr(182), chr(185), 'chr(''182'') chr(''185'')');
insert into "SCOTT"."STRESS_AllChars_Child" values (chr(182), chr(186), 'chr(''182'') chr(''186'')');
insert into "SCOTT"."STRESS_AllChars_Child" values (chr(182), chr(187), 'chr(''182'') chr(''187'')');
insert into "SCOTT"."STRESS_AllChars" values (chr(183), 'chr(''183'')');
insert into "SCOTT"."STRESS_AllChars_Child" values (chr(183), chr(178), 'chr(''183'') chr(''178'')');
insert into "SCOTT"."STRESS_AllChars_Child" values (chr(183), chr(179), 'chr(''183'') chr(''179'')');
insert into "SCOTT"."STRESS_AllChars_Child" values (chr(183), chr(180), 'chr(''183'') chr(''180'')');
insert into "SCOTT"."STRESS_AllChars_Child" values (chr(183), chr(181), 'chr(''183'') chr(''181'')');
insert into "SCOTT"."STRESS_AllChars_Child" values (chr(183), chr(182), 'chr(''183'') chr(''182'')');
insert into "SCOTT"."STRESS_AllChars_Child" values (chr(183), chr(183), 'chr(''183'') chr(''183'')');
insert into "SCOTT"."STRESS_AllChars_Child" values (chr(183), chr(184), 'chr(''183'') chr(''184'')');
insert into "SCOTT"."STRESS_AllChars_Child" values (chr(183), chr(185), 'chr(''183'') chr(''185'')');
insert into "SCOTT"."STRESS_AllChars_Child" values (chr(183), chr(186), 'chr(''183'') chr(''186'')');
insert into "SCOTT"."STRESS_AllChars_Child" values (chr(183), chr(187), 'chr(''183'') chr(''187'')');
insert into "SCOTT"."STRESS_AllChars_Child" values (chr(183), chr(188), 'chr(''183'') chr(''188'')');
insert into "SCOTT"."STRESS_AllChars" values (chr(184), 'chr(''184'')');
insert into "SCOTT"."STRESS_AllChars_Child" values (chr(184), chr(179), 'chr(''184'') chr(''179'')');
insert into "SCOTT"."STRESS_AllChars_Child" values (chr(184), chr(180), 'chr(''184'') chr(''180'')');
insert into "SCOTT"."STRESS_AllChars_Child" values (chr(184), chr(181), 'chr(''184'') chr(''181'')');
insert into "SCOTT"."STRESS_AllChars_Child" values (chr(184), chr(182), 'chr(''184'') chr(''182'')');
insert into "SCOTT"."STRESS_AllChars_Child" values (chr(184), chr(183), 'chr(''184'') chr(''183'')');
insert into "SCOTT"."STRESS_AllChars_Child" values (chr(184), chr(184), 'chr(''184'') chr(''184'')');
insert into "SCOTT"."STRESS_AllChars_Child" values (chr(184), chr(185), 'chr(''184'') chr(''185'')');
insert into "SCOTT"."STRESS_AllChars_Child" values (chr(184), chr(186), 'chr(''184'') chr(''186'')');
insert into "SCOTT"."STRESS_AllChars_Child" values (chr(184), chr(187), 'chr(''184'') chr(''187'')');
insert into "SCOTT"."STRESS_AllChars_Child" values (chr(184), chr(188), 'chr(''184'') chr(''188'')');
insert into "SCOTT"."STRESS_AllChars_Child" values (chr(184), chr(189), 'chr(''184'') chr(''189'')');
insert into "SCOTT"."STRESS_AllChars" values (chr(185), 'chr(''185'')');
insert into "SCOTT"."STRESS_AllChars_Child" values (chr(185), chr(180), 'chr(''185'') chr(''180'')');
insert into "SCOTT"."STRESS_AllChars_Child" values (chr(185), chr(181), 'chr(''185'') chr(''181'')');
insert into "SCOTT"."STRESS_AllChars_Child" values (chr(185), chr(182), 'chr(''185'') chr(''182'')');
insert into "SCOTT"."STRESS_AllChars_Child" values (chr(185), chr(183), 'chr(''185'') chr(''183'')');
insert into "SCOTT"."STRESS_AllChars_Child" values (chr(185), chr(184), 'chr(''185'') chr(''184'')');
insert into "SCOTT"."STRESS_AllChars_Child" values (chr(185), chr(185), 'chr(''185'') chr(''185'')');
insert into "SCOTT"."STRESS_AllChars_Child" values (chr(185), chr(186), 'chr(''185'') chr(''186'')');
insert into "SCOTT"."STRESS_AllChars_Child" values (chr(185), chr(187), 'chr(''185'') chr(''187'')');
insert into "SCOTT"."STRESS_AllChars_Child" values (chr(185), chr(188), 'chr(''185'') chr(''188'')');
insert into "SCOTT"."STRESS_AllChars_Child" values (chr(185), chr(189), 'chr(''185'') chr(''189'')');
insert into "SCOTT"."STRESS_AllChars_Child" values (chr(185), chr(190), 'chr(''185'') chr(''190'')');
insert into "SCOTT"."STRESS_AllChars" values (chr(186), 'chr(''186'')');
insert into "SCOTT"."STRESS_AllChars_Child" values (chr(186), chr(181), 'chr(''186'') chr(''181'')');
insert into "SCOTT"."STRESS_AllChars_Child" values (chr(186), chr(182), 'chr(''186'') chr(''182'')');
insert into "SCOTT"."STRESS_AllChars_Child" values (chr(186), chr(183), 'chr(''186'') chr(''183'')');
insert into "SCOTT"."STRESS_AllChars_Child" values (chr(186), chr(184), 'chr(''186'') chr(''184'')');
insert into "SCOTT"."STRESS_AllChars_Child" values (chr(186), chr(185), 'chr(''186'') chr(''185'')');
insert into "SCOTT"."STRESS_AllChars_Child" values (chr(186), chr(186), 'chr(''186'') chr(''186'')');
insert into "SCOTT"."STRESS_AllChars_Child" values (chr(186), chr(187), 'chr(''186'') chr(''187'')');
insert into "SCOTT"."STRESS_AllChars_Child" values (chr(186), chr(188), 'chr(''186'') chr(''188'')');
insert into "SCOTT"."STRESS_AllChars_Child" values (chr(186), chr(189), 'chr(''186'') chr(''189'')');
insert into "SCOTT"."STRESS_AllChars_Child" values (chr(186), chr(190), 'chr(''186'') chr(''190'')');
insert into "SCOTT"."STRESS_AllChars_Child" values (chr(186), chr(191), 'chr(''186'') chr(''191'')');
insert into "SCOTT"."STRESS_AllChars" values (chr(187), 'chr(''187'')');
insert into "SCOTT"."STRESS_AllChars_Child" values (chr(187), chr(182), 'chr(''187'') chr(''182'')');
insert into "SCOTT"."STRESS_AllChars_Child" values (chr(187), chr(183), 'chr(''187'') chr(''183'')');
insert into "SCOTT"."STRESS_AllChars_Child" values (chr(187), chr(184), 'chr(''187'') chr(''184'')');
insert into "SCOTT"."STRESS_AllChars_Child" values (chr(187), chr(185), 'chr(''187'') chr(''185'')');
insert into "SCOTT"."STRESS_AllChars_Child" values (chr(187), chr(186), 'chr(''187'') chr(''186'')');
insert into "SCOTT"."STRESS_AllChars_Child" values (chr(187), chr(187), 'chr(''187'') chr(''187'')');
insert into "SCOTT"."STRESS_AllChars_Child" values (chr(187), chr(188), 'chr(''187'') chr(''188'')');
insert into "SCOTT"."STRESS_AllChars_Child" values (chr(187), chr(189), 'chr(''187'') chr(''189'')');
insert into "SCOTT"."STRESS_AllChars_Child" values (chr(187), chr(190), 'chr(''187'') chr(''190'')');
insert into "SCOTT"."STRESS_AllChars_Child" values (chr(187), chr(191), 'chr(''187'') chr(''191'')');
insert into "SCOTT"."STRESS_AllChars_Child" values (chr(187), chr(192), 'chr(''187'') chr(''192'')');
insert into "SCOTT"."STRESS_AllChars" values (chr(188), 'chr(''188'')');
insert into "SCOTT"."STRESS_AllChars_Child" values (chr(188), chr(183), 'chr(''188'') chr(''183'')');
insert into "SCOTT"."STRESS_AllChars_Child" values (chr(188), chr(184), 'chr(''188'') chr(''184'')');
insert into "SCOTT"."STRESS_AllChars_Child" values (chr(188), chr(185), 'chr(''188'') chr(''185'')');
insert into "SCOTT"."STRESS_AllChars_Child" values (chr(188), chr(186), 'chr(''188'') chr(''186'')');
insert into "SCOTT"."STRESS_AllChars_Child" values (chr(188), chr(187), 'chr(''188'') chr(''187'')');
insert into "SCOTT"."STRESS_AllChars_Child" values (chr(188), chr(188), 'chr(''188'') chr(''188'')');
insert into "SCOTT"."STRESS_AllChars_Child" values (chr(188), chr(189), 'chr(''188'') chr(''189'')');
insert into "SCOTT"."STRESS_AllChars_Child" values (chr(188), chr(190), 'chr(''188'') chr(''190'')');
insert into "SCOTT"."STRESS_AllChars_Child" values (chr(188), chr(191), 'chr(''188'') chr(''191'')');
insert into "SCOTT"."STRESS_AllChars_Child" values (chr(188), chr(192), 'chr(''188'') chr(''192'')');
insert into "SCOTT"."STRESS_AllChars_Child" values (chr(188), chr(193), 'chr(''188'') chr(''193'')');
insert into "SCOTT"."STRESS_AllChars" values (chr(189), 'chr(''189'')');
insert into "SCOTT"."STRESS_AllChars_Child" values (chr(189), chr(184), 'chr(''189'') chr(''184'')');
insert into "SCOTT"."STRESS_AllChars_Child" values (chr(189), chr(185), 'chr(''189'') chr(''185'')');
insert into "SCOTT"."STRESS_AllChars_Child" values (chr(189), chr(186), 'chr(''189'') chr(''186'')');
insert into "SCOTT"."STRESS_AllChars_Child" values (chr(189), chr(187), 'chr(''189'') chr(''187'')');
insert into "SCOTT"."STRESS_AllChars_Child" values (chr(189), chr(188), 'chr(''189'') chr(''188'')');
insert into "SCOTT"."STRESS_AllChars_Child" values (chr(189), chr(189), 'chr(''189'') chr(''189'')');
insert into "SCOTT"."STRESS_AllChars_Child" values (chr(189), chr(190), 'chr(''189'') chr(''190'')');
insert into "SCOTT"."STRESS_AllChars_Child" values (chr(189), chr(191), 'chr(''189'') chr(''191'')');
insert into "SCOTT"."STRESS_AllChars_Child" values (chr(189), chr(192), 'chr(''189'') chr(''192'')');
insert into "SCOTT"."STRESS_AllChars_Child" values (chr(189), chr(193), 'chr(''189'') chr(''193'')');
insert into "SCOTT"."STRESS_AllChars_Child" values (chr(189), chr(194), 'chr(''189'') chr(''194'')');
insert into "SCOTT"."STRESS_AllChars" values (chr(190), 'chr(''190'')');
insert into "SCOTT"."STRESS_AllChars_Child" values (chr(190), chr(185), 'chr(''190'') chr(''185'')');
insert into "SCOTT"."STRESS_AllChars_Child" values (chr(190), chr(186), 'chr(''190'') chr(''186'')');
insert into "SCOTT"."STRESS_AllChars_Child" values (chr(190), chr(187), 'chr(''190'') chr(''187'')');
insert into "SCOTT"."STRESS_AllChars_Child" values (chr(190), chr(188), 'chr(''190'') chr(''188'')');
insert into "SCOTT"."STRESS_AllChars_Child" values (chr(190), chr(189), 'chr(''190'') chr(''189'')');
insert into "SCOTT"."STRESS_AllChars_Child" values (chr(190), chr(190), 'chr(''190'') chr(''190'')');
insert into "SCOTT"."STRESS_AllChars_Child" values (chr(190), chr(191), 'chr(''190'') chr(''191'')');
insert into "SCOTT"."STRESS_AllChars_Child" values (chr(190), chr(192), 'chr(''190'') chr(''192'')');
insert into "SCOTT"."STRESS_AllChars_Child" values (chr(190), chr(193), 'chr(''190'') chr(''193'')');
insert into "SCOTT"."STRESS_AllChars_Child" values (chr(190), chr(194), 'chr(''190'') chr(''194'')');
insert into "SCOTT"."STRESS_AllChars_Child" values (chr(190), chr(195), 'chr(''190'') chr(''195'')');
insert into "SCOTT"."STRESS_AllChars" values (chr(191), 'chr(''191'')');
insert into "SCOTT"."STRESS_AllChars_Child" values (chr(191), chr(186), 'chr(''191'') chr(''186'')');
insert into "SCOTT"."STRESS_AllChars_Child" values (chr(191), chr(187), 'chr(''191'') chr(''187'')');
insert into "SCOTT"."STRESS_AllChars_Child" values (chr(191), chr(188), 'chr(''191'') chr(''188'')');
insert into "SCOTT"."STRESS_AllChars_Child" values (chr(191), chr(189), 'chr(''191'') chr(''189'')');
insert into "SCOTT"."STRESS_AllChars_Child" values (chr(191), chr(190), 'chr(''191'') chr(''190'')');
insert into "SCOTT"."STRESS_AllChars_Child" values (chr(191), chr(191), 'chr(''191'') chr(''191'')');
insert into "SCOTT"."STRESS_AllChars_Child" values (chr(191), chr(192), 'chr(''191'') chr(''192'')');
insert into "SCOTT"."STRESS_AllChars_Child" values (chr(191), chr(193), 'chr(''191'') chr(''193'')');
insert into "SCOTT"."STRESS_AllChars_Child" values (chr(191), chr(194), 'chr(''191'') chr(''194'')');
insert into "SCOTT"."STRESS_AllChars_Child" values (chr(191), chr(195), 'chr(''191'') chr(''195'')');
insert into "SCOTT"."STRESS_AllChars_Child" values (chr(191), chr(196), 'chr(''191'') chr(''196'')');
insert into "SCOTT"."STRESS_AllChars" values (chr(192), 'chr(''192'')');
insert into "SCOTT"."STRESS_AllChars_Child" values (chr(192), chr(187), 'chr(''192'') chr(''187'')');
insert into "SCOTT"."STRESS_AllChars_Child" values (chr(192), chr(188), 'chr(''192'') chr(''188'')');
insert into "SCOTT"."STRESS_AllChars_Child" values (chr(192), chr(189), 'chr(''192'') chr(''189'')');
insert into "SCOTT"."STRESS_AllChars_Child" values (chr(192), chr(190), 'chr(''192'') chr(''190'')');
insert into "SCOTT"."STRESS_AllChars_Child" values (chr(192), chr(191), 'chr(''192'') chr(''191'')');
insert into "SCOTT"."STRESS_AllChars_Child" values (chr(192), chr(192), 'chr(''192'') chr(''192'')');
insert into "SCOTT"."STRESS_AllChars_Child" values (chr(192), chr(193), 'chr(''192'') chr(''193'')');
insert into "SCOTT"."STRESS_AllChars_Child" values (chr(192), chr(194), 'chr(''192'') chr(''194'')');
insert into "SCOTT"."STRESS_AllChars_Child" values (chr(192), chr(195), 'chr(''192'') chr(''195'')');
insert into "SCOTT"."STRESS_AllChars_Child" values (chr(192), chr(196), 'chr(''192'') chr(''196'')');
insert into "SCOTT"."STRESS_AllChars_Child" values (chr(192), chr(197), 'chr(''192'') chr(''197'')');
insert into "SCOTT"."STRESS_AllChars" values (chr(193), 'chr(''193'')');
insert into "SCOTT"."STRESS_AllChars_Child" values (chr(193), chr(188), 'chr(''193'') chr(''188'')');
insert into "SCOTT"."STRESS_AllChars_Child" values (chr(193), chr(189), 'chr(''193'') chr(''189'')');
insert into "SCOTT"."STRESS_AllChars_Child" values (chr(193), chr(190), 'chr(''193'') chr(''190'')');
insert into "SCOTT"."STRESS_AllChars_Child" values (chr(193), chr(191), 'chr(''193'') chr(''191'')');
insert into "SCOTT"."STRESS_AllChars_Child" values (chr(193), chr(192), 'chr(''193'') chr(''192'')');
insert into "SCOTT"."STRESS_AllChars_Child" values (chr(193), chr(193), 'chr(''193'') chr(''193'')');
insert into "SCOTT"."STRESS_AllChars_Child" values (chr(193), chr(194), 'chr(''193'') chr(''194'')');
insert into "SCOTT"."STRESS_AllChars_Child" values (chr(193), chr(195), 'chr(''193'') chr(''195'')');
insert into "SCOTT"."STRESS_AllChars_Child" values (chr(193), chr(196), 'chr(''193'') chr(''196'')');
insert into "SCOTT"."STRESS_AllChars_Child" values (chr(193), chr(197), 'chr(''193'') chr(''197'')');
insert into "SCOTT"."STRESS_AllChars_Child" values (chr(193), chr(198), 'chr(''193'') chr(''198'')');
insert into "SCOTT"."STRESS_AllChars" values (chr(194), 'chr(''194'')');
insert into "SCOTT"."STRESS_AllChars_Child" values (chr(194), chr(189), 'chr(''194'') chr(''189'')');
insert into "SCOTT"."STRESS_AllChars_Child" values (chr(194), chr(190), 'chr(''194'') chr(''190'')');
insert into "SCOTT"."STRESS_AllChars_Child" values (chr(194), chr(191), 'chr(''194'') chr(''191'')');
insert into "SCOTT"."STRESS_AllChars_Child" values (chr(194), chr(192), 'chr(''194'') chr(''192'')');
insert into "SCOTT"."STRESS_AllChars_Child" values (chr(194), chr(193), 'chr(''194'') chr(''193'')');
insert into "SCOTT"."STRESS_AllChars_Child" values (chr(194), chr(194), 'chr(''194'') chr(''194'')');
insert into "SCOTT"."STRESS_AllChars_Child" values (chr(194), chr(195), 'chr(''194'') chr(''195'')');
insert into "SCOTT"."STRESS_AllChars_Child" values (chr(194), chr(196), 'chr(''194'') chr(''196'')');
insert into "SCOTT"."STRESS_AllChars_Child" values (chr(194), chr(197), 'chr(''194'') chr(''197'')');
insert into "SCOTT"."STRESS_AllChars_Child" values (chr(194), chr(198), 'chr(''194'') chr(''198'')');
insert into "SCOTT"."STRESS_AllChars_Child" values (chr(194), chr(199), 'chr(''194'') chr(''199'')');
insert into "SCOTT"."STRESS_AllChars" values (chr(195), 'chr(''195'')');
insert into "SCOTT"."STRESS_AllChars_Child" values (chr(195), chr(190), 'chr(''195'') chr(''190'')');
insert into "SCOTT"."STRESS_AllChars_Child" values (chr(195), chr(191), 'chr(''195'') chr(''191'')');
insert into "SCOTT"."STRESS_AllChars_Child" values (chr(195), chr(192), 'chr(''195'') chr(''192'')');
insert into "SCOTT"."STRESS_AllChars_Child" values (chr(195), chr(193), 'chr(''195'') chr(''193'')');
insert into "SCOTT"."STRESS_AllChars_Child" values (chr(195), chr(194), 'chr(''195'') chr(''194'')');
insert into "SCOTT"."STRESS_AllChars_Child" values (chr(195), chr(195), 'chr(''195'') chr(''195'')');
insert into "SCOTT"."STRESS_AllChars_Child" values (chr(195), chr(196), 'chr(''195'') chr(''196'')');
insert into "SCOTT"."STRESS_AllChars_Child" values (chr(195), chr(197), 'chr(''195'') chr(''197'')');
insert into "SCOTT"."STRESS_AllChars_Child" values (chr(195), chr(198), 'chr(''195'') chr(''198'')');
insert into "SCOTT"."STRESS_AllChars_Child" values (chr(195), chr(199), 'chr(''195'') chr(''199'')');
insert into "SCOTT"."STRESS_AllChars_Child" values (chr(195), chr(200), 'chr(''195'') chr(''200'')');
insert into "SCOTT"."STRESS_AllChars" values (chr(196), 'chr(''196'')');
insert into "SCOTT"."STRESS_AllChars_Child" values (chr(196), chr(191), 'chr(''196'') chr(''191'')');
insert into "SCOTT"."STRESS_AllChars_Child" values (chr(196), chr(192), 'chr(''196'') chr(''192'')');
insert into "SCOTT"."STRESS_AllChars_Child" values (chr(196), chr(193), 'chr(''196'') chr(''193'')');
insert into "SCOTT"."STRESS_AllChars_Child" values (chr(196), chr(194), 'chr(''196'') chr(''194'')');
insert into "SCOTT"."STRESS_AllChars_Child" values (chr(196), chr(195), 'chr(''196'') chr(''195'')');
insert into "SCOTT"."STRESS_AllChars_Child" values (chr(196), chr(196), 'chr(''196'') chr(''196'')');
insert into "SCOTT"."STRESS_AllChars_Child" values (chr(196), chr(197), 'chr(''196'') chr(''197'')');
insert into "SCOTT"."STRESS_AllChars_Child" values (chr(196), chr(198), 'chr(''196'') chr(''198'')');
insert into "SCOTT"."STRESS_AllChars_Child" values (chr(196), chr(199), 'chr(''196'') chr(''199'')');
insert into "SCOTT"."STRESS_AllChars_Child" values (chr(196), chr(200), 'chr(''196'') chr(''200'')');
insert into "SCOTT"."STRESS_AllChars_Child" values (chr(196), chr(201), 'chr(''196'') chr(''201'')');
insert into "SCOTT"."STRESS_AllChars" values (chr(197), 'chr(''197'')');
insert into "SCOTT"."STRESS_AllChars_Child" values (chr(197), chr(192), 'chr(''197'') chr(''192'')');
insert into "SCOTT"."STRESS_AllChars_Child" values (chr(197), chr(193), 'chr(''197'') chr(''193'')');
insert into "SCOTT"."STRESS_AllChars_Child" values (chr(197), chr(194), 'chr(''197'') chr(''194'')');
insert into "SCOTT"."STRESS_AllChars_Child" values (chr(197), chr(195), 'chr(''197'') chr(''195'')');
insert into "SCOTT"."STRESS_AllChars_Child" values (chr(197), chr(196), 'chr(''197'') chr(''196'')');
insert into "SCOTT"."STRESS_AllChars_Child" values (chr(197), chr(197), 'chr(''197'') chr(''197'')');
insert into "SCOTT"."STRESS_AllChars_Child" values (chr(197), chr(198), 'chr(''197'') chr(''198'')');
insert into "SCOTT"."STRESS_AllChars_Child" values (chr(197), chr(199), 'chr(''197'') chr(''199'')');
insert into "SCOTT"."STRESS_AllChars_Child" values (chr(197), chr(200), 'chr(''197'') chr(''200'')');
insert into "SCOTT"."STRESS_AllChars_Child" values (chr(197), chr(201), 'chr(''197'') chr(''201'')');
insert into "SCOTT"."STRESS_AllChars_Child" values (chr(197), chr(202), 'chr(''197'') chr(''202'')');
insert into "SCOTT"."STRESS_AllChars" values (chr(198), 'chr(''198'')');
insert into "SCOTT"."STRESS_AllChars_Child" values (chr(198), chr(193), 'chr(''198'') chr(''193'')');
insert into "SCOTT"."STRESS_AllChars_Child" values (chr(198), chr(194), 'chr(''198'') chr(''194'')');
insert into "SCOTT"."STRESS_AllChars_Child" values (chr(198), chr(195), 'chr(''198'') chr(''195'')');
insert into "SCOTT"."STRESS_AllChars_Child" values (chr(198), chr(196), 'chr(''198'') chr(''196'')');
insert into "SCOTT"."STRESS_AllChars_Child" values (chr(198), chr(197), 'chr(''198'') chr(''197'')');
insert into "SCOTT"."STRESS_AllChars_Child" values (chr(198), chr(198), 'chr(''198'') chr(''198'')');
insert into "SCOTT"."STRESS_AllChars_Child" values (chr(198), chr(199), 'chr(''198'') chr(''199'')');
insert into "SCOTT"."STRESS_AllChars_Child" values (chr(198), chr(200), 'chr(''198'') chr(''200'')');
insert into "SCOTT"."STRESS_AllChars_Child" values (chr(198), chr(201), 'chr(''198'') chr(''201'')');
insert into "SCOTT"."STRESS_AllChars_Child" values (chr(198), chr(202), 'chr(''198'') chr(''202'')');
insert into "SCOTT"."STRESS_AllChars_Child" values (chr(198), chr(203), 'chr(''198'') chr(''203'')');
insert into "SCOTT"."STRESS_AllChars" values (chr(199), 'chr(''199'')');
insert into "SCOTT"."STRESS_AllChars_Child" values (chr(199), chr(194), 'chr(''199'') chr(''194'')');
insert into "SCOTT"."STRESS_AllChars_Child" values (chr(199), chr(195), 'chr(''199'') chr(''195'')');
insert into "SCOTT"."STRESS_AllChars_Child" values (chr(199), chr(196), 'chr(''199'') chr(''196'')');
insert into "SCOTT"."STRESS_AllChars_Child" values (chr(199), chr(197), 'chr(''199'') chr(''197'')');
insert into "SCOTT"."STRESS_AllChars_Child" values (chr(199), chr(198), 'chr(''199'') chr(''198'')');
insert into "SCOTT"."STRESS_AllChars_Child" values (chr(199), chr(199), 'chr(''199'') chr(''199'')');
insert into "SCOTT"."STRESS_AllChars_Child" values (chr(199), chr(200), 'chr(''199'') chr(''200'')');
insert into "SCOTT"."STRESS_AllChars_Child" values (chr(199), chr(201), 'chr(''199'') chr(''201'')');
insert into "SCOTT"."STRESS_AllChars_Child" values (chr(199), chr(202), 'chr(''199'') chr(''202'')');
insert into "SCOTT"."STRESS_AllChars_Child" values (chr(199), chr(203), 'chr(''199'') chr(''203'')');
insert into "SCOTT"."STRESS_AllChars_Child" values (chr(199), chr(204), 'chr(''199'') chr(''204'')');
insert into "SCOTT"."STRESS_AllChars" values (chr(200), 'chr(''200'')');
insert into "SCOTT"."STRESS_AllChars_Child" values (chr(200), chr(195), 'chr(''200'') chr(''195'')');
insert into "SCOTT"."STRESS_AllChars_Child" values (chr(200), chr(196), 'chr(''200'') chr(''196'')');
insert into "SCOTT"."STRESS_AllChars_Child" values (chr(200), chr(197), 'chr(''200'') chr(''197'')');
insert into "SCOTT"."STRESS_AllChars_Child" values (chr(200), chr(198), 'chr(''200'') chr(''198'')');
insert into "SCOTT"."STRESS_AllChars_Child" values (chr(200), chr(199), 'chr(''200'') chr(''199'')');
insert into "SCOTT"."STRESS_AllChars_Child" values (chr(200), chr(200), 'chr(''200'') chr(''200'')');
insert into "SCOTT"."STRESS_AllChars_Child" values (chr(200), chr(201), 'chr(''200'') chr(''201'')');
insert into "SCOTT"."STRESS_AllChars_Child" values (chr(200), chr(202), 'chr(''200'') chr(''202'')');
insert into "SCOTT"."STRESS_AllChars_Child" values (chr(200), chr(203), 'chr(''200'') chr(''203'')');
insert into "SCOTT"."STRESS_AllChars_Child" values (chr(200), chr(204), 'chr(''200'') chr(''204'')');
insert into "SCOTT"."STRESS_AllChars_Child" values (chr(200), chr(205), 'chr(''200'') chr(''205'')');
insert into "SCOTT"."STRESS_AllChars" values (chr(201), 'chr(''201'')');
insert into "SCOTT"."STRESS_AllChars_Child" values (chr(201), chr(196), 'chr(''201'') chr(''196'')');
insert into "SCOTT"."STRESS_AllChars_Child" values (chr(201), chr(197), 'chr(''201'') chr(''197'')');
insert into "SCOTT"."STRESS_AllChars_Child" values (chr(201), chr(198), 'chr(''201'') chr(''198'')');
insert into "SCOTT"."STRESS_AllChars_Child" values (chr(201), chr(199), 'chr(''201'') chr(''199'')');
insert into "SCOTT"."STRESS_AllChars_Child" values (chr(201), chr(200), 'chr(''201'') chr(''200'')');
insert into "SCOTT"."STRESS_AllChars_Child" values (chr(201), chr(201), 'chr(''201'') chr(''201'')');
insert into "SCOTT"."STRESS_AllChars_Child" values (chr(201), chr(202), 'chr(''201'') chr(''202'')');
insert into "SCOTT"."STRESS_AllChars_Child" values (chr(201), chr(203), 'chr(''201'') chr(''203'')');
insert into "SCOTT"."STRESS_AllChars_Child" values (chr(201), chr(204), 'chr(''201'') chr(''204'')');
insert into "SCOTT"."STRESS_AllChars_Child" values (chr(201), chr(205), 'chr(''201'') chr(''205'')');
insert into "SCOTT"."STRESS_AllChars_Child" values (chr(201), chr(206), 'chr(''201'') chr(''206'')');
insert into "SCOTT"."STRESS_AllChars" values (chr(202), 'chr(''202'')');
insert into "SCOTT"."STRESS_AllChars_Child" values (chr(202), chr(197), 'chr(''202'') chr(''197'')');
insert into "SCOTT"."STRESS_AllChars_Child" values (chr(202), chr(198), 'chr(''202'') chr(''198'')');
insert into "SCOTT"."STRESS_AllChars_Child" values (chr(202), chr(199), 'chr(''202'') chr(''199'')');
insert into "SCOTT"."STRESS_AllChars_Child" values (chr(202), chr(200), 'chr(''202'') chr(''200'')');
insert into "SCOTT"."STRESS_AllChars_Child" values (chr(202), chr(201), 'chr(''202'') chr(''201'')');
insert into "SCOTT"."STRESS_AllChars_Child" values (chr(202), chr(202), 'chr(''202'') chr(''202'')');
insert into "SCOTT"."STRESS_AllChars_Child" values (chr(202), chr(203), 'chr(''202'') chr(''203'')');
insert into "SCOTT"."STRESS_AllChars_Child" values (chr(202), chr(204), 'chr(''202'') chr(''204'')');
insert into "SCOTT"."STRESS_AllChars_Child" values (chr(202), chr(205), 'chr(''202'') chr(''205'')');
insert into "SCOTT"."STRESS_AllChars_Child" values (chr(202), chr(206), 'chr(''202'') chr(''206'')');
insert into "SCOTT"."STRESS_AllChars_Child" values (chr(202), chr(207), 'chr(''202'') chr(''207'')');
insert into "SCOTT"."STRESS_AllChars" values (chr(203), 'chr(''203'')');
insert into "SCOTT"."STRESS_AllChars_Child" values (chr(203), chr(198), 'chr(''203'') chr(''198'')');
insert into "SCOTT"."STRESS_AllChars_Child" values (chr(203), chr(199), 'chr(''203'') chr(''199'')');
insert into "SCOTT"."STRESS_AllChars_Child" values (chr(203), chr(200), 'chr(''203'') chr(''200'')');
insert into "SCOTT"."STRESS_AllChars_Child" values (chr(203), chr(201), 'chr(''203'') chr(''201'')');
insert into "SCOTT"."STRESS_AllChars_Child" values (chr(203), chr(202), 'chr(''203'') chr(''202'')');
insert into "SCOTT"."STRESS_AllChars_Child" values (chr(203), chr(203), 'chr(''203'') chr(''203'')');
insert into "SCOTT"."STRESS_AllChars_Child" values (chr(203), chr(204), 'chr(''203'') chr(''204'')');
insert into "SCOTT"."STRESS_AllChars_Child" values (chr(203), chr(205), 'chr(''203'') chr(''205'')');
insert into "SCOTT"."STRESS_AllChars_Child" values (chr(203), chr(206), 'chr(''203'') chr(''206'')');
insert into "SCOTT"."STRESS_AllChars_Child" values (chr(203), chr(207), 'chr(''203'') chr(''207'')');
insert into "SCOTT"."STRESS_AllChars_Child" values (chr(203), chr(208), 'chr(''203'') chr(''208'')');
insert into "SCOTT"."STRESS_AllChars" values (chr(204), 'chr(''204'')');
insert into "SCOTT"."STRESS_AllChars_Child" values (chr(204), chr(199), 'chr(''204'') chr(''199'')');
insert into "SCOTT"."STRESS_AllChars_Child" values (chr(204), chr(200), 'chr(''204'') chr(''200'')');
insert into "SCOTT"."STRESS_AllChars_Child" values (chr(204), chr(201), 'chr(''204'') chr(''201'')');
insert into "SCOTT"."STRESS_AllChars_Child" values (chr(204), chr(202), 'chr(''204'') chr(''202'')');
insert into "SCOTT"."STRESS_AllChars_Child" values (chr(204), chr(203), 'chr(''204'') chr(''203'')');
insert into "SCOTT"."STRESS_AllChars_Child" values (chr(204), chr(204), 'chr(''204'') chr(''204'')');
insert into "SCOTT"."STRESS_AllChars_Child" values (chr(204), chr(205), 'chr(''204'') chr(''205'')');
insert into "SCOTT"."STRESS_AllChars_Child" values (chr(204), chr(206), 'chr(''204'') chr(''206'')');
insert into "SCOTT"."STRESS_AllChars_Child" values (chr(204), chr(207), 'chr(''204'') chr(''207'')');
insert into "SCOTT"."STRESS_AllChars_Child" values (chr(204), chr(208), 'chr(''204'') chr(''208'')');
insert into "SCOTT"."STRESS_AllChars_Child" values (chr(204), chr(209), 'chr(''204'') chr(''209'')');
insert into "SCOTT"."STRESS_AllChars" values (chr(205), 'chr(''205'')');
insert into "SCOTT"."STRESS_AllChars_Child" values (chr(205), chr(200), 'chr(''205'') chr(''200'')');
insert into "SCOTT"."STRESS_AllChars_Child" values (chr(205), chr(201), 'chr(''205'') chr(''201'')');
insert into "SCOTT"."STRESS_AllChars_Child" values (chr(205), chr(202), 'chr(''205'') chr(''202'')');
insert into "SCOTT"."STRESS_AllChars_Child" values (chr(205), chr(203), 'chr(''205'') chr(''203'')');
insert into "SCOTT"."STRESS_AllChars_Child" values (chr(205), chr(204), 'chr(''205'') chr(''204'')');
insert into "SCOTT"."STRESS_AllChars_Child" values (chr(205), chr(205), 'chr(''205'') chr(''205'')');
insert into "SCOTT"."STRESS_AllChars_Child" values (chr(205), chr(206), 'chr(''205'') chr(''206'')');
insert into "SCOTT"."STRESS_AllChars_Child" values (chr(205), chr(207), 'chr(''205'') chr(''207'')');
insert into "SCOTT"."STRESS_AllChars_Child" values (chr(205), chr(208), 'chr(''205'') chr(''208'')');
insert into "SCOTT"."STRESS_AllChars_Child" values (chr(205), chr(209), 'chr(''205'') chr(''209'')');
insert into "SCOTT"."STRESS_AllChars_Child" values (chr(205), chr(210), 'chr(''205'') chr(''210'')');
insert into "SCOTT"."STRESS_AllChars" values (chr(206), 'chr(''206'')');
insert into "SCOTT"."STRESS_AllChars_Child" values (chr(206), chr(201), 'chr(''206'') chr(''201'')');
insert into "SCOTT"."STRESS_AllChars_Child" values (chr(206), chr(202), 'chr(''206'') chr(''202'')');
insert into "SCOTT"."STRESS_AllChars_Child" values (chr(206), chr(203), 'chr(''206'') chr(''203'')');
insert into "SCOTT"."STRESS_AllChars_Child" values (chr(206), chr(204), 'chr(''206'') chr(''204'')');
insert into "SCOTT"."STRESS_AllChars_Child" values (chr(206), chr(205), 'chr(''206'') chr(''205'')');
insert into "SCOTT"."STRESS_AllChars_Child" values (chr(206), chr(206), 'chr(''206'') chr(''206'')');
insert into "SCOTT"."STRESS_AllChars_Child" values (chr(206), chr(207), 'chr(''206'') chr(''207'')');
insert into "SCOTT"."STRESS_AllChars_Child" values (chr(206), chr(208), 'chr(''206'') chr(''208'')');
insert into "SCOTT"."STRESS_AllChars_Child" values (chr(206), chr(209), 'chr(''206'') chr(''209'')');
insert into "SCOTT"."STRESS_AllChars_Child" values (chr(206), chr(210), 'chr(''206'') chr(''210'')');
insert into "SCOTT"."STRESS_AllChars_Child" values (chr(206), chr(211), 'chr(''206'') chr(''211'')');
insert into "SCOTT"."STRESS_AllChars" values (chr(207), 'chr(''207'')');
insert into "SCOTT"."STRESS_AllChars_Child" values (chr(207), chr(202), 'chr(''207'') chr(''202'')');
insert into "SCOTT"."STRESS_AllChars_Child" values (chr(207), chr(203), 'chr(''207'') chr(''203'')');
insert into "SCOTT"."STRESS_AllChars_Child" values (chr(207), chr(204), 'chr(''207'') chr(''204'')');
insert into "SCOTT"."STRESS_AllChars_Child" values (chr(207), chr(205), 'chr(''207'') chr(''205'')');
insert into "SCOTT"."STRESS_AllChars_Child" values (chr(207), chr(206), 'chr(''207'') chr(''206'')');
insert into "SCOTT"."STRESS_AllChars_Child" values (chr(207), chr(207), 'chr(''207'') chr(''207'')');
insert into "SCOTT"."STRESS_AllChars_Child" values (chr(207), chr(208), 'chr(''207'') chr(''208'')');
insert into "SCOTT"."STRESS_AllChars_Child" values (chr(207), chr(209), 'chr(''207'') chr(''209'')');
insert into "SCOTT"."STRESS_AllChars_Child" values (chr(207), chr(210), 'chr(''207'') chr(''210'')');
insert into "SCOTT"."STRESS_AllChars_Child" values (chr(207), chr(211), 'chr(''207'') chr(''211'')');
insert into "SCOTT"."STRESS_AllChars_Child" values (chr(207), chr(212), 'chr(''207'') chr(''212'')');
insert into "SCOTT"."STRESS_AllChars" values (chr(208), 'chr(''208'')');
insert into "SCOTT"."STRESS_AllChars_Child" values (chr(208), chr(203), 'chr(''208'') chr(''203'')');
insert into "SCOTT"."STRESS_AllChars_Child" values (chr(208), chr(204), 'chr(''208'') chr(''204'')');
insert into "SCOTT"."STRESS_AllChars_Child" values (chr(208), chr(205), 'chr(''208'') chr(''205'')');
insert into "SCOTT"."STRESS_AllChars_Child" values (chr(208), chr(206), 'chr(''208'') chr(''206'')');
insert into "SCOTT"."STRESS_AllChars_Child" values (chr(208), chr(207), 'chr(''208'') chr(''207'')');
insert into "SCOTT"."STRESS_AllChars_Child" values (chr(208), chr(208), 'chr(''208'') chr(''208'')');
insert into "SCOTT"."STRESS_AllChars_Child" values (chr(208), chr(209), 'chr(''208'') chr(''209'')');
insert into "SCOTT"."STRESS_AllChars_Child" values (chr(208), chr(210), 'chr(''208'') chr(''210'')');
insert into "SCOTT"."STRESS_AllChars_Child" values (chr(208), chr(211), 'chr(''208'') chr(''211'')');
insert into "SCOTT"."STRESS_AllChars_Child" values (chr(208), chr(212), 'chr(''208'') chr(''212'')');
insert into "SCOTT"."STRESS_AllChars_Child" values (chr(208), chr(213), 'chr(''208'') chr(''213'')');
insert into "SCOTT"."STRESS_AllChars" values (chr(209), 'chr(''209'')');
insert into "SCOTT"."STRESS_AllChars_Child" values (chr(209), chr(204), 'chr(''209'') chr(''204'')');
insert into "SCOTT"."STRESS_AllChars_Child" values (chr(209), chr(205), 'chr(''209'') chr(''205'')');
insert into "SCOTT"."STRESS_AllChars_Child" values (chr(209), chr(206), 'chr(''209'') chr(''206'')');
insert into "SCOTT"."STRESS_AllChars_Child" values (chr(209), chr(207), 'chr(''209'') chr(''207'')');
insert into "SCOTT"."STRESS_AllChars_Child" values (chr(209), chr(208), 'chr(''209'') chr(''208'')');
insert into "SCOTT"."STRESS_AllChars_Child" values (chr(209), chr(209), 'chr(''209'') chr(''209'')');
insert into "SCOTT"."STRESS_AllChars_Child" values (chr(209), chr(210), 'chr(''209'') chr(''210'')');
insert into "SCOTT"."STRESS_AllChars_Child" values (chr(209), chr(211), 'chr(''209'') chr(''211'')');
insert into "SCOTT"."STRESS_AllChars_Child" values (chr(209), chr(212), 'chr(''209'') chr(''212'')');
insert into "SCOTT"."STRESS_AllChars_Child" values (chr(209), chr(213), 'chr(''209'') chr(''213'')');
insert into "SCOTT"."STRESS_AllChars_Child" values (chr(209), chr(214), 'chr(''209'') chr(''214'')');
insert into "SCOTT"."STRESS_AllChars" values (chr(210), 'chr(''210'')');
insert into "SCOTT"."STRESS_AllChars_Child" values (chr(210), chr(205), 'chr(''210'') chr(''205'')');
insert into "SCOTT"."STRESS_AllChars_Child" values (chr(210), chr(206), 'chr(''210'') chr(''206'')');
insert into "SCOTT"."STRESS_AllChars_Child" values (chr(210), chr(207), 'chr(''210'') chr(''207'')');
insert into "SCOTT"."STRESS_AllChars_Child" values (chr(210), chr(208), 'chr(''210'') chr(''208'')');
insert into "SCOTT"."STRESS_AllChars_Child" values (chr(210), chr(209), 'chr(''210'') chr(''209'')');
insert into "SCOTT"."STRESS_AllChars_Child" values (chr(210), chr(210), 'chr(''210'') chr(''210'')');
insert into "SCOTT"."STRESS_AllChars_Child" values (chr(210), chr(211), 'chr(''210'') chr(''211'')');
insert into "SCOTT"."STRESS_AllChars_Child" values (chr(210), chr(212), 'chr(''210'') chr(''212'')');
insert into "SCOTT"."STRESS_AllChars_Child" values (chr(210), chr(213), 'chr(''210'') chr(''213'')');
insert into "SCOTT"."STRESS_AllChars_Child" values (chr(210), chr(214), 'chr(''210'') chr(''214'')');
insert into "SCOTT"."STRESS_AllChars_Child" values (chr(210), chr(215), 'chr(''210'') chr(''215'')');
insert into "SCOTT"."STRESS_AllChars" values (chr(211), 'chr(''211'')');
insert into "SCOTT"."STRESS_AllChars_Child" values (chr(211), chr(206), 'chr(''211'') chr(''206'')');
insert into "SCOTT"."STRESS_AllChars_Child" values (chr(211), chr(207), 'chr(''211'') chr(''207'')');
insert into "SCOTT"."STRESS_AllChars_Child" values (chr(211), chr(208), 'chr(''211'') chr(''208'')');
insert into "SCOTT"."STRESS_AllChars_Child" values (chr(211), chr(209), 'chr(''211'') chr(''209'')');
insert into "SCOTT"."STRESS_AllChars_Child" values (chr(211), chr(210), 'chr(''211'') chr(''210'')');
insert into "SCOTT"."STRESS_AllChars_Child" values (chr(211), chr(211), 'chr(''211'') chr(''211'')');
insert into "SCOTT"."STRESS_AllChars_Child" values (chr(211), chr(212), 'chr(''211'') chr(''212'')');
insert into "SCOTT"."STRESS_AllChars_Child" values (chr(211), chr(213), 'chr(''211'') chr(''213'')');
insert into "SCOTT"."STRESS_AllChars_Child" values (chr(211), chr(214), 'chr(''211'') chr(''214'')');
insert into "SCOTT"."STRESS_AllChars_Child" values (chr(211), chr(215), 'chr(''211'') chr(''215'')');
insert into "SCOTT"."STRESS_AllChars_Child" values (chr(211), chr(216), 'chr(''211'') chr(''216'')');
insert into "SCOTT"."STRESS_AllChars" values (chr(212), 'chr(''212'')');
insert into "SCOTT"."STRESS_AllChars_Child" values (chr(212), chr(207), 'chr(''212'') chr(''207'')');
insert into "SCOTT"."STRESS_AllChars_Child" values (chr(212), chr(208), 'chr(''212'') chr(''208'')');
insert into "SCOTT"."STRESS_AllChars_Child" values (chr(212), chr(209), 'chr(''212'') chr(''209'')');
insert into "SCOTT"."STRESS_AllChars_Child" values (chr(212), chr(210), 'chr(''212'') chr(''210'')');
insert into "SCOTT"."STRESS_AllChars_Child" values (chr(212), chr(211), 'chr(''212'') chr(''211'')');
insert into "SCOTT"."STRESS_AllChars_Child" values (chr(212), chr(212), 'chr(''212'') chr(''212'')');
insert into "SCOTT"."STRESS_AllChars_Child" values (chr(212), chr(213), 'chr(''212'') chr(''213'')');
insert into "SCOTT"."STRESS_AllChars_Child" values (chr(212), chr(214), 'chr(''212'') chr(''214'')');
insert into "SCOTT"."STRESS_AllChars_Child" values (chr(212), chr(215), 'chr(''212'') chr(''215'')');
insert into "SCOTT"."STRESS_AllChars_Child" values (chr(212), chr(216), 'chr(''212'') chr(''216'')');
insert into "SCOTT"."STRESS_AllChars_Child" values (chr(212), chr(217), 'chr(''212'') chr(''217'')');
insert into "SCOTT"."STRESS_AllChars" values (chr(213), 'chr(''213'')');
insert into "SCOTT"."STRESS_AllChars_Child" values (chr(213), chr(208), 'chr(''213'') chr(''208'')');
insert into "SCOTT"."STRESS_AllChars_Child" values (chr(213), chr(209), 'chr(''213'') chr(''209'')');
insert into "SCOTT"."STRESS_AllChars_Child" values (chr(213), chr(210), 'chr(''213'') chr(''210'')');
insert into "SCOTT"."STRESS_AllChars_Child" values (chr(213), chr(211), 'chr(''213'') chr(''211'')');
insert into "SCOTT"."STRESS_AllChars_Child" values (chr(213), chr(212), 'chr(''213'') chr(''212'')');
insert into "SCOTT"."STRESS_AllChars_Child" values (chr(213), chr(213), 'chr(''213'') chr(''213'')');
insert into "SCOTT"."STRESS_AllChars_Child" values (chr(213), chr(214), 'chr(''213'') chr(''214'')');
insert into "SCOTT"."STRESS_AllChars_Child" values (chr(213), chr(215), 'chr(''213'') chr(''215'')');
insert into "SCOTT"."STRESS_AllChars_Child" values (chr(213), chr(216), 'chr(''213'') chr(''216'')');
insert into "SCOTT"."STRESS_AllChars_Child" values (chr(213), chr(217), 'chr(''213'') chr(''217'')');
insert into "SCOTT"."STRESS_AllChars_Child" values (chr(213), chr(218), 'chr(''213'') chr(''218'')');
insert into "SCOTT"."STRESS_AllChars" values (chr(214), 'chr(''214'')');
insert into "SCOTT"."STRESS_AllChars_Child" values (chr(214), chr(209), 'chr(''214'') chr(''209'')');
insert into "SCOTT"."STRESS_AllChars_Child" values (chr(214), chr(210), 'chr(''214'') chr(''210'')');
insert into "SCOTT"."STRESS_AllChars_Child" values (chr(214), chr(211), 'chr(''214'') chr(''211'')');
insert into "SCOTT"."STRESS_AllChars_Child" values (chr(214), chr(212), 'chr(''214'') chr(''212'')');
insert into "SCOTT"."STRESS_AllChars_Child" values (chr(214), chr(213), 'chr(''214'') chr(''213'')');
insert into "SCOTT"."STRESS_AllChars_Child" values (chr(214), chr(214), 'chr(''214'') chr(''214'')');
insert into "SCOTT"."STRESS_AllChars_Child" values (chr(214), chr(215), 'chr(''214'') chr(''215'')');
insert into "SCOTT"."STRESS_AllChars_Child" values (chr(214), chr(216), 'chr(''214'') chr(''216'')');
insert into "SCOTT"."STRESS_AllChars_Child" values (chr(214), chr(217), 'chr(''214'') chr(''217'')');
insert into "SCOTT"."STRESS_AllChars_Child" values (chr(214), chr(218), 'chr(''214'') chr(''218'')');
insert into "SCOTT"."STRESS_AllChars_Child" values (chr(214), chr(219), 'chr(''214'') chr(''219'')');
insert into "SCOTT"."STRESS_AllChars" values (chr(215), 'chr(''215'')');
insert into "SCOTT"."STRESS_AllChars_Child" values (chr(215), chr(210), 'chr(''215'') chr(''210'')');
insert into "SCOTT"."STRESS_AllChars_Child" values (chr(215), chr(211), 'chr(''215'') chr(''211'')');
insert into "SCOTT"."STRESS_AllChars_Child" values (chr(215), chr(212), 'chr(''215'') chr(''212'')');
insert into "SCOTT"."STRESS_AllChars_Child" values (chr(215), chr(213), 'chr(''215'') chr(''213'')');
insert into "SCOTT"."STRESS_AllChars_Child" values (chr(215), chr(214), 'chr(''215'') chr(''214'')');
insert into "SCOTT"."STRESS_AllChars_Child" values (chr(215), chr(215), 'chr(''215'') chr(''215'')');
insert into "SCOTT"."STRESS_AllChars_Child" values (chr(215), chr(216), 'chr(''215'') chr(''216'')');
insert into "SCOTT"."STRESS_AllChars_Child" values (chr(215), chr(217), 'chr(''215'') chr(''217'')');
insert into "SCOTT"."STRESS_AllChars_Child" values (chr(215), chr(218), 'chr(''215'') chr(''218'')');
insert into "SCOTT"."STRESS_AllChars_Child" values (chr(215), chr(219), 'chr(''215'') chr(''219'')');
insert into "SCOTT"."STRESS_AllChars_Child" values (chr(215), chr(220), 'chr(''215'') chr(''220'')');
insert into "SCOTT"."STRESS_AllChars" values (chr(216), 'chr(''216'')');
insert into "SCOTT"."STRESS_AllChars_Child" values (chr(216), chr(211), 'chr(''216'') chr(''211'')');
insert into "SCOTT"."STRESS_AllChars_Child" values (chr(216), chr(212), 'chr(''216'') chr(''212'')');
insert into "SCOTT"."STRESS_AllChars_Child" values (chr(216), chr(213), 'chr(''216'') chr(''213'')');
insert into "SCOTT"."STRESS_AllChars_Child" values (chr(216), chr(214), 'chr(''216'') chr(''214'')');
insert into "SCOTT"."STRESS_AllChars_Child" values (chr(216), chr(215), 'chr(''216'') chr(''215'')');
insert into "SCOTT"."STRESS_AllChars_Child" values (chr(216), chr(216), 'chr(''216'') chr(''216'')');
insert into "SCOTT"."STRESS_AllChars_Child" values (chr(216), chr(217), 'chr(''216'') chr(''217'')');
insert into "SCOTT"."STRESS_AllChars_Child" values (chr(216), chr(218), 'chr(''216'') chr(''218'')');
insert into "SCOTT"."STRESS_AllChars_Child" values (chr(216), chr(219), 'chr(''216'') chr(''219'')');
insert into "SCOTT"."STRESS_AllChars_Child" values (chr(216), chr(220), 'chr(''216'') chr(''220'')');
insert into "SCOTT"."STRESS_AllChars_Child" values (chr(216), chr(221), 'chr(''216'') chr(''221'')');
insert into "SCOTT"."STRESS_AllChars" values (chr(217), 'chr(''217'')');
insert into "SCOTT"."STRESS_AllChars_Child" values (chr(217), chr(212), 'chr(''217'') chr(''212'')');
insert into "SCOTT"."STRESS_AllChars_Child" values (chr(217), chr(213), 'chr(''217'') chr(''213'')');
insert into "SCOTT"."STRESS_AllChars_Child" values (chr(217), chr(214), 'chr(''217'') chr(''214'')');
insert into "SCOTT"."STRESS_AllChars_Child" values (chr(217), chr(215), 'chr(''217'') chr(''215'')');
insert into "SCOTT"."STRESS_AllChars_Child" values (chr(217), chr(216), 'chr(''217'') chr(''216'')');
insert into "SCOTT"."STRESS_AllChars_Child" values (chr(217), chr(217), 'chr(''217'') chr(''217'')');
insert into "SCOTT"."STRESS_AllChars_Child" values (chr(217), chr(218), 'chr(''217'') chr(''218'')');
insert into "SCOTT"."STRESS_AllChars_Child" values (chr(217), chr(219), 'chr(''217'') chr(''219'')');
insert into "SCOTT"."STRESS_AllChars_Child" values (chr(217), chr(220), 'chr(''217'') chr(''220'')');
insert into "SCOTT"."STRESS_AllChars_Child" values (chr(217), chr(221), 'chr(''217'') chr(''221'')');
insert into "SCOTT"."STRESS_AllChars_Child" values (chr(217), chr(222), 'chr(''217'') chr(''222'')');
insert into "SCOTT"."STRESS_AllChars" values (chr(218), 'chr(''218'')');
insert into "SCOTT"."STRESS_AllChars_Child" values (chr(218), chr(213), 'chr(''218'') chr(''213'')');
insert into "SCOTT"."STRESS_AllChars_Child" values (chr(218), chr(214), 'chr(''218'') chr(''214'')');
insert into "SCOTT"."STRESS_AllChars_Child" values (chr(218), chr(215), 'chr(''218'') chr(''215'')');
insert into "SCOTT"."STRESS_AllChars_Child" values (chr(218), chr(216), 'chr(''218'') chr(''216'')');
insert into "SCOTT"."STRESS_AllChars_Child" values (chr(218), chr(217), 'chr(''218'') chr(''217'')');
insert into "SCOTT"."STRESS_AllChars_Child" values (chr(218), chr(218), 'chr(''218'') chr(''218'')');
insert into "SCOTT"."STRESS_AllChars_Child" values (chr(218), chr(219), 'chr(''218'') chr(''219'')');
insert into "SCOTT"."STRESS_AllChars_Child" values (chr(218), chr(220), 'chr(''218'') chr(''220'')');
insert into "SCOTT"."STRESS_AllChars_Child" values (chr(218), chr(221), 'chr(''218'') chr(''221'')');
insert into "SCOTT"."STRESS_AllChars_Child" values (chr(218), chr(222), 'chr(''218'') chr(''222'')');
insert into "SCOTT"."STRESS_AllChars_Child" values (chr(218), chr(223), 'chr(''218'') chr(''223'')');
insert into "SCOTT"."STRESS_AllChars" values (chr(219), 'chr(''219'')');
insert into "SCOTT"."STRESS_AllChars_Child" values (chr(219), chr(214), 'chr(''219'') chr(''214'')');
insert into "SCOTT"."STRESS_AllChars_Child" values (chr(219), chr(215), 'chr(''219'') chr(''215'')');
insert into "SCOTT"."STRESS_AllChars_Child" values (chr(219), chr(216), 'chr(''219'') chr(''216'')');
insert into "SCOTT"."STRESS_AllChars_Child" values (chr(219), chr(217), 'chr(''219'') chr(''217'')');
insert into "SCOTT"."STRESS_AllChars_Child" values (chr(219), chr(218), 'chr(''219'') chr(''218'')');
insert into "SCOTT"."STRESS_AllChars_Child" values (chr(219), chr(219), 'chr(''219'') chr(''219'')');
insert into "SCOTT"."STRESS_AllChars_Child" values (chr(219), chr(220), 'chr(''219'') chr(''220'')');
insert into "SCOTT"."STRESS_AllChars_Child" values (chr(219), chr(221), 'chr(''219'') chr(''221'')');
insert into "SCOTT"."STRESS_AllChars_Child" values (chr(219), chr(222), 'chr(''219'') chr(''222'')');
insert into "SCOTT"."STRESS_AllChars_Child" values (chr(219), chr(223), 'chr(''219'') chr(''223'')');
insert into "SCOTT"."STRESS_AllChars_Child" values (chr(219), chr(224), 'chr(''219'') chr(''224'')');
insert into "SCOTT"."STRESS_AllChars" values (chr(220), 'chr(''220'')');
insert into "SCOTT"."STRESS_AllChars_Child" values (chr(220), chr(215), 'chr(''220'') chr(''215'')');
insert into "SCOTT"."STRESS_AllChars_Child" values (chr(220), chr(216), 'chr(''220'') chr(''216'')');
insert into "SCOTT"."STRESS_AllChars_Child" values (chr(220), chr(217), 'chr(''220'') chr(''217'')');
insert into "SCOTT"."STRESS_AllChars_Child" values (chr(220), chr(218), 'chr(''220'') chr(''218'')');
insert into "SCOTT"."STRESS_AllChars_Child" values (chr(220), chr(219), 'chr(''220'') chr(''219'')');
insert into "SCOTT"."STRESS_AllChars_Child" values (chr(220), chr(220), 'chr(''220'') chr(''220'')');
insert into "SCOTT"."STRESS_AllChars_Child" values (chr(220), chr(221), 'chr(''220'') chr(''221'')');
insert into "SCOTT"."STRESS_AllChars_Child" values (chr(220), chr(222), 'chr(''220'') chr(''222'')');
insert into "SCOTT"."STRESS_AllChars_Child" values (chr(220), chr(223), 'chr(''220'') chr(''223'')');
insert into "SCOTT"."STRESS_AllChars_Child" values (chr(220), chr(224), 'chr(''220'') chr(''224'')');
insert into "SCOTT"."STRESS_AllChars_Child" values (chr(220), chr(225), 'chr(''220'') chr(''225'')');
insert into "SCOTT"."STRESS_AllChars" values (chr(221), 'chr(''221'')');
insert into "SCOTT"."STRESS_AllChars_Child" values (chr(221), chr(216), 'chr(''221'') chr(''216'')');
insert into "SCOTT"."STRESS_AllChars_Child" values (chr(221), chr(217), 'chr(''221'') chr(''217'')');
insert into "SCOTT"."STRESS_AllChars_Child" values (chr(221), chr(218), 'chr(''221'') chr(''218'')');
insert into "SCOTT"."STRESS_AllChars_Child" values (chr(221), chr(219), 'chr(''221'') chr(''219'')');
insert into "SCOTT"."STRESS_AllChars_Child" values (chr(221), chr(220), 'chr(''221'') chr(''220'')');
insert into "SCOTT"."STRESS_AllChars_Child" values (chr(221), chr(221), 'chr(''221'') chr(''221'')');
insert into "SCOTT"."STRESS_AllChars_Child" values (chr(221), chr(222), 'chr(''221'') chr(''222'')');
insert into "SCOTT"."STRESS_AllChars_Child" values (chr(221), chr(223), 'chr(''221'') chr(''223'')');
insert into "SCOTT"."STRESS_AllChars_Child" values (chr(221), chr(224), 'chr(''221'') chr(''224'')');
insert into "SCOTT"."STRESS_AllChars_Child" values (chr(221), chr(225), 'chr(''221'') chr(''225'')');
insert into "SCOTT"."STRESS_AllChars_Child" values (chr(221), chr(226), 'chr(''221'') chr(''226'')');
insert into "SCOTT"."STRESS_AllChars" values (chr(222), 'chr(''222'')');
insert into "SCOTT"."STRESS_AllChars_Child" values (chr(222), chr(217), 'chr(''222'') chr(''217'')');
insert into "SCOTT"."STRESS_AllChars_Child" values (chr(222), chr(218), 'chr(''222'') chr(''218'')');
insert into "SCOTT"."STRESS_AllChars_Child" values (chr(222), chr(219), 'chr(''222'') chr(''219'')');
insert into "SCOTT"."STRESS_AllChars_Child" values (chr(222), chr(220), 'chr(''222'') chr(''220'')');
insert into "SCOTT"."STRESS_AllChars_Child" values (chr(222), chr(221), 'chr(''222'') chr(''221'')');
insert into "SCOTT"."STRESS_AllChars_Child" values (chr(222), chr(222), 'chr(''222'') chr(''222'')');
insert into "SCOTT"."STRESS_AllChars_Child" values (chr(222), chr(223), 'chr(''222'') chr(''223'')');
insert into "SCOTT"."STRESS_AllChars_Child" values (chr(222), chr(224), 'chr(''222'') chr(''224'')');
insert into "SCOTT"."STRESS_AllChars_Child" values (chr(222), chr(225), 'chr(''222'') chr(''225'')');
insert into "SCOTT"."STRESS_AllChars_Child" values (chr(222), chr(226), 'chr(''222'') chr(''226'')');
insert into "SCOTT"."STRESS_AllChars_Child" values (chr(222), chr(227), 'chr(''222'') chr(''227'')');
insert into "SCOTT"."STRESS_AllChars" values (chr(223), 'chr(''223'')');
insert into "SCOTT"."STRESS_AllChars_Child" values (chr(223), chr(218), 'chr(''223'') chr(''218'')');
insert into "SCOTT"."STRESS_AllChars_Child" values (chr(223), chr(219), 'chr(''223'') chr(''219'')');
insert into "SCOTT"."STRESS_AllChars_Child" values (chr(223), chr(220), 'chr(''223'') chr(''220'')');
insert into "SCOTT"."STRESS_AllChars_Child" values (chr(223), chr(221), 'chr(''223'') chr(''221'')');
insert into "SCOTT"."STRESS_AllChars_Child" values (chr(223), chr(222), 'chr(''223'') chr(''222'')');
insert into "SCOTT"."STRESS_AllChars_Child" values (chr(223), chr(223), 'chr(''223'') chr(''223'')');
insert into "SCOTT"."STRESS_AllChars_Child" values (chr(223), chr(224), 'chr(''223'') chr(''224'')');
insert into "SCOTT"."STRESS_AllChars_Child" values (chr(223), chr(225), 'chr(''223'') chr(''225'')');
insert into "SCOTT"."STRESS_AllChars_Child" values (chr(223), chr(226), 'chr(''223'') chr(''226'')');
insert into "SCOTT"."STRESS_AllChars_Child" values (chr(223), chr(227), 'chr(''223'') chr(''227'')');
insert into "SCOTT"."STRESS_AllChars_Child" values (chr(223), chr(228), 'chr(''223'') chr(''228'')');
insert into "SCOTT"."STRESS_AllChars" values (chr(224), 'chr(''224'')');
insert into "SCOTT"."STRESS_AllChars_Child" values (chr(224), chr(219), 'chr(''224'') chr(''219'')');
insert into "SCOTT"."STRESS_AllChars_Child" values (chr(224), chr(220), 'chr(''224'') chr(''220'')');
insert into "SCOTT"."STRESS_AllChars_Child" values (chr(224), chr(221), 'chr(''224'') chr(''221'')');
insert into "SCOTT"."STRESS_AllChars_Child" values (chr(224), chr(222), 'chr(''224'') chr(''222'')');
insert into "SCOTT"."STRESS_AllChars_Child" values (chr(224), chr(223), 'chr(''224'') chr(''223'')');
insert into "SCOTT"."STRESS_AllChars_Child" values (chr(224), chr(224), 'chr(''224'') chr(''224'')');
insert into "SCOTT"."STRESS_AllChars_Child" values (chr(224), chr(225), 'chr(''224'') chr(''225'')');
insert into "SCOTT"."STRESS_AllChars_Child" values (chr(224), chr(226), 'chr(''224'') chr(''226'')');
insert into "SCOTT"."STRESS_AllChars_Child" values (chr(224), chr(227), 'chr(''224'') chr(''227'')');
insert into "SCOTT"."STRESS_AllChars_Child" values (chr(224), chr(228), 'chr(''224'') chr(''228'')');
insert into "SCOTT"."STRESS_AllChars_Child" values (chr(224), chr(229), 'chr(''224'') chr(''229'')');
insert into "SCOTT"."STRESS_AllChars" values (chr(225), 'chr(''225'')');
insert into "SCOTT"."STRESS_AllChars_Child" values (chr(225), chr(220), 'chr(''225'') chr(''220'')');
insert into "SCOTT"."STRESS_AllChars_Child" values (chr(225), chr(221), 'chr(''225'') chr(''221'')');
insert into "SCOTT"."STRESS_AllChars_Child" values (chr(225), chr(222), 'chr(''225'') chr(''222'')');
insert into "SCOTT"."STRESS_AllChars_Child" values (chr(225), chr(223), 'chr(''225'') chr(''223'')');
insert into "SCOTT"."STRESS_AllChars_Child" values (chr(225), chr(224), 'chr(''225'') chr(''224'')');
insert into "SCOTT"."STRESS_AllChars_Child" values (chr(225), chr(225), 'chr(''225'') chr(''225'')');
insert into "SCOTT"."STRESS_AllChars_Child" values (chr(225), chr(226), 'chr(''225'') chr(''226'')');
insert into "SCOTT"."STRESS_AllChars_Child" values (chr(225), chr(227), 'chr(''225'') chr(''227'')');
insert into "SCOTT"."STRESS_AllChars_Child" values (chr(225), chr(228), 'chr(''225'') chr(''228'')');
insert into "SCOTT"."STRESS_AllChars_Child" values (chr(225), chr(229), 'chr(''225'') chr(''229'')');
insert into "SCOTT"."STRESS_AllChars_Child" values (chr(225), chr(230), 'chr(''225'') chr(''230'')');
insert into "SCOTT"."STRESS_AllChars" values (chr(226), 'chr(''226'')');
insert into "SCOTT"."STRESS_AllChars_Child" values (chr(226), chr(221), 'chr(''226'') chr(''221'')');
insert into "SCOTT"."STRESS_AllChars_Child" values (chr(226), chr(222), 'chr(''226'') chr(''222'')');
insert into "SCOTT"."STRESS_AllChars_Child" values (chr(226), chr(223), 'chr(''226'') chr(''223'')');
insert into "SCOTT"."STRESS_AllChars_Child" values (chr(226), chr(224), 'chr(''226'') chr(''224'')');
insert into "SCOTT"."STRESS_AllChars_Child" values (chr(226), chr(225), 'chr(''226'') chr(''225'')');
insert into "SCOTT"."STRESS_AllChars_Child" values (chr(226), chr(226), 'chr(''226'') chr(''226'')');
insert into "SCOTT"."STRESS_AllChars_Child" values (chr(226), chr(227), 'chr(''226'') chr(''227'')');
insert into "SCOTT"."STRESS_AllChars_Child" values (chr(226), chr(228), 'chr(''226'') chr(''228'')');
insert into "SCOTT"."STRESS_AllChars_Child" values (chr(226), chr(229), 'chr(''226'') chr(''229'')');
insert into "SCOTT"."STRESS_AllChars_Child" values (chr(226), chr(230), 'chr(''226'') chr(''230'')');
insert into "SCOTT"."STRESS_AllChars_Child" values (chr(226), chr(231), 'chr(''226'') chr(''231'')');
insert into "SCOTT"."STRESS_AllChars" values (chr(227), 'chr(''227'')');
insert into "SCOTT"."STRESS_AllChars_Child" values (chr(227), chr(222), 'chr(''227'') chr(''222'')');
insert into "SCOTT"."STRESS_AllChars_Child" values (chr(227), chr(223), 'chr(''227'') chr(''223'')');
insert into "SCOTT"."STRESS_AllChars_Child" values (chr(227), chr(224), 'chr(''227'') chr(''224'')');
insert into "SCOTT"."STRESS_AllChars_Child" values (chr(227), chr(225), 'chr(''227'') chr(''225'')');
insert into "SCOTT"."STRESS_AllChars_Child" values (chr(227), chr(226), 'chr(''227'') chr(''226'')');
insert into "SCOTT"."STRESS_AllChars_Child" values (chr(227), chr(227), 'chr(''227'') chr(''227'')');
insert into "SCOTT"."STRESS_AllChars_Child" values (chr(227), chr(228), 'chr(''227'') chr(''228'')');
insert into "SCOTT"."STRESS_AllChars_Child" values (chr(227), chr(229), 'chr(''227'') chr(''229'')');
insert into "SCOTT"."STRESS_AllChars_Child" values (chr(227), chr(230), 'chr(''227'') chr(''230'')');
insert into "SCOTT"."STRESS_AllChars_Child" values (chr(227), chr(231), 'chr(''227'') chr(''231'')');
insert into "SCOTT"."STRESS_AllChars_Child" values (chr(227), chr(232), 'chr(''227'') chr(''232'')');
insert into "SCOTT"."STRESS_AllChars" values (chr(228), 'chr(''228'')');
insert into "SCOTT"."STRESS_AllChars_Child" values (chr(228), chr(223), 'chr(''228'') chr(''223'')');
insert into "SCOTT"."STRESS_AllChars_Child" values (chr(228), chr(224), 'chr(''228'') chr(''224'')');
insert into "SCOTT"."STRESS_AllChars_Child" values (chr(228), chr(225), 'chr(''228'') chr(''225'')');
insert into "SCOTT"."STRESS_AllChars_Child" values (chr(228), chr(226), 'chr(''228'') chr(''226'')');
insert into "SCOTT"."STRESS_AllChars_Child" values (chr(228), chr(227), 'chr(''228'') chr(''227'')');
insert into "SCOTT"."STRESS_AllChars_Child" values (chr(228), chr(228), 'chr(''228'') chr(''228'')');
insert into "SCOTT"."STRESS_AllChars_Child" values (chr(228), chr(229), 'chr(''228'') chr(''229'')');
insert into "SCOTT"."STRESS_AllChars_Child" values (chr(228), chr(230), 'chr(''228'') chr(''230'')');
insert into "SCOTT"."STRESS_AllChars_Child" values (chr(228), chr(231), 'chr(''228'') chr(''231'')');
insert into "SCOTT"."STRESS_AllChars_Child" values (chr(228), chr(232), 'chr(''228'') chr(''232'')');
insert into "SCOTT"."STRESS_AllChars_Child" values (chr(228), chr(233), 'chr(''228'') chr(''233'')');
insert into "SCOTT"."STRESS_AllChars" values (chr(229), 'chr(''229'')');
insert into "SCOTT"."STRESS_AllChars_Child" values (chr(229), chr(224), 'chr(''229'') chr(''224'')');
insert into "SCOTT"."STRESS_AllChars_Child" values (chr(229), chr(225), 'chr(''229'') chr(''225'')');
insert into "SCOTT"."STRESS_AllChars_Child" values (chr(229), chr(226), 'chr(''229'') chr(''226'')');
insert into "SCOTT"."STRESS_AllChars_Child" values (chr(229), chr(227), 'chr(''229'') chr(''227'')');
insert into "SCOTT"."STRESS_AllChars_Child" values (chr(229), chr(228), 'chr(''229'') chr(''228'')');
insert into "SCOTT"."STRESS_AllChars_Child" values (chr(229), chr(229), 'chr(''229'') chr(''229'')');
insert into "SCOTT"."STRESS_AllChars_Child" values (chr(229), chr(230), 'chr(''229'') chr(''230'')');
insert into "SCOTT"."STRESS_AllChars_Child" values (chr(229), chr(231), 'chr(''229'') chr(''231'')');
insert into "SCOTT"."STRESS_AllChars_Child" values (chr(229), chr(232), 'chr(''229'') chr(''232'')');
insert into "SCOTT"."STRESS_AllChars_Child" values (chr(229), chr(233), 'chr(''229'') chr(''233'')');
insert into "SCOTT"."STRESS_AllChars_Child" values (chr(229), chr(234), 'chr(''229'') chr(''234'')');
insert into "SCOTT"."STRESS_AllChars" values (chr(230), 'chr(''230'')');
insert into "SCOTT"."STRESS_AllChars_Child" values (chr(230), chr(225), 'chr(''230'') chr(''225'')');
insert into "SCOTT"."STRESS_AllChars_Child" values (chr(230), chr(226), 'chr(''230'') chr(''226'')');
insert into "SCOTT"."STRESS_AllChars_Child" values (chr(230), chr(227), 'chr(''230'') chr(''227'')');
insert into "SCOTT"."STRESS_AllChars_Child" values (chr(230), chr(228), 'chr(''230'') chr(''228'')');
insert into "SCOTT"."STRESS_AllChars_Child" values (chr(230), chr(229), 'chr(''230'') chr(''229'')');
insert into "SCOTT"."STRESS_AllChars_Child" values (chr(230), chr(230), 'chr(''230'') chr(''230'')');
insert into "SCOTT"."STRESS_AllChars_Child" values (chr(230), chr(231), 'chr(''230'') chr(''231'')');
insert into "SCOTT"."STRESS_AllChars_Child" values (chr(230), chr(232), 'chr(''230'') chr(''232'')');
insert into "SCOTT"."STRESS_AllChars_Child" values (chr(230), chr(233), 'chr(''230'') chr(''233'')');
insert into "SCOTT"."STRESS_AllChars_Child" values (chr(230), chr(234), 'chr(''230'') chr(''234'')');
insert into "SCOTT"."STRESS_AllChars_Child" values (chr(230), chr(235), 'chr(''230'') chr(''235'')');
insert into "SCOTT"."STRESS_AllChars" values (chr(231), 'chr(''231'')');
insert into "SCOTT"."STRESS_AllChars_Child" values (chr(231), chr(226), 'chr(''231'') chr(''226'')');
insert into "SCOTT"."STRESS_AllChars_Child" values (chr(231), chr(227), 'chr(''231'') chr(''227'')');
insert into "SCOTT"."STRESS_AllChars_Child" values (chr(231), chr(228), 'chr(''231'') chr(''228'')');
insert into "SCOTT"."STRESS_AllChars_Child" values (chr(231), chr(229), 'chr(''231'') chr(''229'')');
insert into "SCOTT"."STRESS_AllChars_Child" values (chr(231), chr(230), 'chr(''231'') chr(''230'')');
insert into "SCOTT"."STRESS_AllChars_Child" values (chr(231), chr(231), 'chr(''231'') chr(''231'')');
insert into "SCOTT"."STRESS_AllChars_Child" values (chr(231), chr(232), 'chr(''231'') chr(''232'')');
insert into "SCOTT"."STRESS_AllChars_Child" values (chr(231), chr(233), 'chr(''231'') chr(''233'')');
insert into "SCOTT"."STRESS_AllChars_Child" values (chr(231), chr(234), 'chr(''231'') chr(''234'')');
insert into "SCOTT"."STRESS_AllChars_Child" values (chr(231), chr(235), 'chr(''231'') chr(''235'')');
insert into "SCOTT"."STRESS_AllChars_Child" values (chr(231), chr(236), 'chr(''231'') chr(''236'')');
insert into "SCOTT"."STRESS_AllChars" values (chr(232), 'chr(''232'')');
insert into "SCOTT"."STRESS_AllChars_Child" values (chr(232), chr(227), 'chr(''232'') chr(''227'')');
insert into "SCOTT"."STRESS_AllChars_Child" values (chr(232), chr(228), 'chr(''232'') chr(''228'')');
insert into "SCOTT"."STRESS_AllChars_Child" values (chr(232), chr(229), 'chr(''232'') chr(''229'')');
insert into "SCOTT"."STRESS_AllChars_Child" values (chr(232), chr(230), 'chr(''232'') chr(''230'')');
insert into "SCOTT"."STRESS_AllChars_Child" values (chr(232), chr(231), 'chr(''232'') chr(''231'')');
insert into "SCOTT"."STRESS_AllChars_Child" values (chr(232), chr(232), 'chr(''232'') chr(''232'')');
insert into "SCOTT"."STRESS_AllChars_Child" values (chr(232), chr(233), 'chr(''232'') chr(''233'')');
insert into "SCOTT"."STRESS_AllChars_Child" values (chr(232), chr(234), 'chr(''232'') chr(''234'')');
insert into "SCOTT"."STRESS_AllChars_Child" values (chr(232), chr(235), 'chr(''232'') chr(''235'')');
insert into "SCOTT"."STRESS_AllChars_Child" values (chr(232), chr(236), 'chr(''232'') chr(''236'')');
insert into "SCOTT"."STRESS_AllChars_Child" values (chr(232), chr(237), 'chr(''232'') chr(''237'')');
insert into "SCOTT"."STRESS_AllChars" values (chr(233), 'chr(''233'')');
insert into "SCOTT"."STRESS_AllChars_Child" values (chr(233), chr(228), 'chr(''233'') chr(''228'')');
insert into "SCOTT"."STRESS_AllChars_Child" values (chr(233), chr(229), 'chr(''233'') chr(''229'')');
insert into "SCOTT"."STRESS_AllChars_Child" values (chr(233), chr(230), 'chr(''233'') chr(''230'')');
insert into "SCOTT"."STRESS_AllChars_Child" values (chr(233), chr(231), 'chr(''233'') chr(''231'')');
insert into "SCOTT"."STRESS_AllChars_Child" values (chr(233), chr(232), 'chr(''233'') chr(''232'')');
insert into "SCOTT"."STRESS_AllChars_Child" values (chr(233), chr(233), 'chr(''233'') chr(''233'')');
insert into "SCOTT"."STRESS_AllChars_Child" values (chr(233), chr(234), 'chr(''233'') chr(''234'')');
insert into "SCOTT"."STRESS_AllChars_Child" values (chr(233), chr(235), 'chr(''233'') chr(''235'')');
insert into "SCOTT"."STRESS_AllChars_Child" values (chr(233), chr(236), 'chr(''233'') chr(''236'')');
insert into "SCOTT"."STRESS_AllChars_Child" values (chr(233), chr(237), 'chr(''233'') chr(''237'')');
insert into "SCOTT"."STRESS_AllChars_Child" values (chr(233), chr(238), 'chr(''233'') chr(''238'')');
insert into "SCOTT"."STRESS_AllChars" values (chr(234), 'chr(''234'')');
insert into "SCOTT"."STRESS_AllChars_Child" values (chr(234), chr(229), 'chr(''234'') chr(''229'')');
insert into "SCOTT"."STRESS_AllChars_Child" values (chr(234), chr(230), 'chr(''234'') chr(''230'')');
insert into "SCOTT"."STRESS_AllChars_Child" values (chr(234), chr(231), 'chr(''234'') chr(''231'')');
insert into "SCOTT"."STRESS_AllChars_Child" values (chr(234), chr(232), 'chr(''234'') chr(''232'')');
insert into "SCOTT"."STRESS_AllChars_Child" values (chr(234), chr(233), 'chr(''234'') chr(''233'')');
insert into "SCOTT"."STRESS_AllChars_Child" values (chr(234), chr(234), 'chr(''234'') chr(''234'')');
insert into "SCOTT"."STRESS_AllChars_Child" values (chr(234), chr(235), 'chr(''234'') chr(''235'')');
insert into "SCOTT"."STRESS_AllChars_Child" values (chr(234), chr(236), 'chr(''234'') chr(''236'')');
insert into "SCOTT"."STRESS_AllChars_Child" values (chr(234), chr(237), 'chr(''234'') chr(''237'')');
insert into "SCOTT"."STRESS_AllChars_Child" values (chr(234), chr(238), 'chr(''234'') chr(''238'')');
insert into "SCOTT"."STRESS_AllChars_Child" values (chr(234), chr(239), 'chr(''234'') chr(''239'')');
insert into "SCOTT"."STRESS_AllChars" values (chr(235), 'chr(''235'')');
insert into "SCOTT"."STRESS_AllChars_Child" values (chr(235), chr(230), 'chr(''235'') chr(''230'')');
insert into "SCOTT"."STRESS_AllChars_Child" values (chr(235), chr(231), 'chr(''235'') chr(''231'')');
insert into "SCOTT"."STRESS_AllChars_Child" values (chr(235), chr(232), 'chr(''235'') chr(''232'')');
insert into "SCOTT"."STRESS_AllChars_Child" values (chr(235), chr(233), 'chr(''235'') chr(''233'')');
insert into "SCOTT"."STRESS_AllChars_Child" values (chr(235), chr(234), 'chr(''235'') chr(''234'')');
insert into "SCOTT"."STRESS_AllChars_Child" values (chr(235), chr(235), 'chr(''235'') chr(''235'')');
insert into "SCOTT"."STRESS_AllChars_Child" values (chr(235), chr(236), 'chr(''235'') chr(''236'')');
insert into "SCOTT"."STRESS_AllChars_Child" values (chr(235), chr(237), 'chr(''235'') chr(''237'')');
insert into "SCOTT"."STRESS_AllChars_Child" values (chr(235), chr(238), 'chr(''235'') chr(''238'')');
insert into "SCOTT"."STRESS_AllChars_Child" values (chr(235), chr(239), 'chr(''235'') chr(''239'')');
insert into "SCOTT"."STRESS_AllChars_Child" values (chr(235), chr(240), 'chr(''235'') chr(''240'')');
insert into "SCOTT"."STRESS_AllChars" values (chr(236), 'chr(''236'')');
insert into "SCOTT"."STRESS_AllChars_Child" values (chr(236), chr(231), 'chr(''236'') chr(''231'')');
insert into "SCOTT"."STRESS_AllChars_Child" values (chr(236), chr(232), 'chr(''236'') chr(''232'')');
insert into "SCOTT"."STRESS_AllChars_Child" values (chr(236), chr(233), 'chr(''236'') chr(''233'')');
insert into "SCOTT"."STRESS_AllChars_Child" values (chr(236), chr(234), 'chr(''236'') chr(''234'')');
insert into "SCOTT"."STRESS_AllChars_Child" values (chr(236), chr(235), 'chr(''236'') chr(''235'')');
insert into "SCOTT"."STRESS_AllChars_Child" values (chr(236), chr(236), 'chr(''236'') chr(''236'')');
insert into "SCOTT"."STRESS_AllChars_Child" values (chr(236), chr(237), 'chr(''236'') chr(''237'')');
insert into "SCOTT"."STRESS_AllChars_Child" values (chr(236), chr(238), 'chr(''236'') chr(''238'')');
insert into "SCOTT"."STRESS_AllChars_Child" values (chr(236), chr(239), 'chr(''236'') chr(''239'')');
insert into "SCOTT"."STRESS_AllChars_Child" values (chr(236), chr(240), 'chr(''236'') chr(''240'')');
insert into "SCOTT"."STRESS_AllChars_Child" values (chr(236), chr(241), 'chr(''236'') chr(''241'')');
insert into "SCOTT"."STRESS_AllChars" values (chr(237), 'chr(''237'')');
insert into "SCOTT"."STRESS_AllChars_Child" values (chr(237), chr(232), 'chr(''237'') chr(''232'')');
insert into "SCOTT"."STRESS_AllChars_Child" values (chr(237), chr(233), 'chr(''237'') chr(''233'')');
insert into "SCOTT"."STRESS_AllChars_Child" values (chr(237), chr(234), 'chr(''237'') chr(''234'')');
insert into "SCOTT"."STRESS_AllChars_Child" values (chr(237), chr(235), 'chr(''237'') chr(''235'')');
insert into "SCOTT"."STRESS_AllChars_Child" values (chr(237), chr(236), 'chr(''237'') chr(''236'')');
insert into "SCOTT"."STRESS_AllChars_Child" values (chr(237), chr(237), 'chr(''237'') chr(''237'')');
insert into "SCOTT"."STRESS_AllChars_Child" values (chr(237), chr(238), 'chr(''237'') chr(''238'')');
insert into "SCOTT"."STRESS_AllChars_Child" values (chr(237), chr(239), 'chr(''237'') chr(''239'')');
insert into "SCOTT"."STRESS_AllChars_Child" values (chr(237), chr(240), 'chr(''237'') chr(''240'')');
insert into "SCOTT"."STRESS_AllChars_Child" values (chr(237), chr(241), 'chr(''237'') chr(''241'')');
insert into "SCOTT"."STRESS_AllChars_Child" values (chr(237), chr(242), 'chr(''237'') chr(''242'')');
insert into "SCOTT"."STRESS_AllChars" values (chr(238), 'chr(''238'')');
insert into "SCOTT"."STRESS_AllChars_Child" values (chr(238), chr(233), 'chr(''238'') chr(''233'')');
insert into "SCOTT"."STRESS_AllChars_Child" values (chr(238), chr(234), 'chr(''238'') chr(''234'')');
insert into "SCOTT"."STRESS_AllChars_Child" values (chr(238), chr(235), 'chr(''238'') chr(''235'')');
insert into "SCOTT"."STRESS_AllChars_Child" values (chr(238), chr(236), 'chr(''238'') chr(''236'')');
insert into "SCOTT"."STRESS_AllChars_Child" values (chr(238), chr(237), 'chr(''238'') chr(''237'')');
insert into "SCOTT"."STRESS_AllChars_Child" values (chr(238), chr(238), 'chr(''238'') chr(''238'')');
insert into "SCOTT"."STRESS_AllChars_Child" values (chr(238), chr(239), 'chr(''238'') chr(''239'')');
insert into "SCOTT"."STRESS_AllChars_Child" values (chr(238), chr(240), 'chr(''238'') chr(''240'')');
insert into "SCOTT"."STRESS_AllChars_Child" values (chr(238), chr(241), 'chr(''238'') chr(''241'')');
insert into "SCOTT"."STRESS_AllChars_Child" values (chr(238), chr(242), 'chr(''238'') chr(''242'')');
insert into "SCOTT"."STRESS_AllChars_Child" values (chr(238), chr(243), 'chr(''238'') chr(''243'')');
insert into "SCOTT"."STRESS_AllChars" values (chr(239), 'chr(''239'')');
insert into "SCOTT"."STRESS_AllChars_Child" values (chr(239), chr(234), 'chr(''239'') chr(''234'')');
insert into "SCOTT"."STRESS_AllChars_Child" values (chr(239), chr(235), 'chr(''239'') chr(''235'')');
insert into "SCOTT"."STRESS_AllChars_Child" values (chr(239), chr(236), 'chr(''239'') chr(''236'')');
insert into "SCOTT"."STRESS_AllChars_Child" values (chr(239), chr(237), 'chr(''239'') chr(''237'')');
insert into "SCOTT"."STRESS_AllChars_Child" values (chr(239), chr(238), 'chr(''239'') chr(''238'')');
insert into "SCOTT"."STRESS_AllChars_Child" values (chr(239), chr(239), 'chr(''239'') chr(''239'')');
insert into "SCOTT"."STRESS_AllChars_Child" values (chr(239), chr(240), 'chr(''239'') chr(''240'')');
insert into "SCOTT"."STRESS_AllChars_Child" values (chr(239), chr(241), 'chr(''239'') chr(''241'')');
insert into "SCOTT"."STRESS_AllChars_Child" values (chr(239), chr(242), 'chr(''239'') chr(''242'')');
insert into "SCOTT"."STRESS_AllChars_Child" values (chr(239), chr(243), 'chr(''239'') chr(''243'')');
insert into "SCOTT"."STRESS_AllChars_Child" values (chr(239), chr(244), 'chr(''239'') chr(''244'')');
insert into "SCOTT"."STRESS_AllChars" values (chr(240), 'chr(''240'')');
insert into "SCOTT"."STRESS_AllChars_Child" values (chr(240), chr(235), 'chr(''240'') chr(''235'')');
insert into "SCOTT"."STRESS_AllChars_Child" values (chr(240), chr(236), 'chr(''240'') chr(''236'')');
insert into "SCOTT"."STRESS_AllChars_Child" values (chr(240), chr(237), 'chr(''240'') chr(''237'')');
insert into "SCOTT"."STRESS_AllChars_Child" values (chr(240), chr(238), 'chr(''240'') chr(''238'')');
insert into "SCOTT"."STRESS_AllChars_Child" values (chr(240), chr(239), 'chr(''240'') chr(''239'')');
insert into "SCOTT"."STRESS_AllChars_Child" values (chr(240), chr(240), 'chr(''240'') chr(''240'')');
insert into "SCOTT"."STRESS_AllChars_Child" values (chr(240), chr(241), 'chr(''240'') chr(''241'')');
insert into "SCOTT"."STRESS_AllChars_Child" values (chr(240), chr(242), 'chr(''240'') chr(''242'')');
insert into "SCOTT"."STRESS_AllChars_Child" values (chr(240), chr(243), 'chr(''240'') chr(''243'')');
insert into "SCOTT"."STRESS_AllChars_Child" values (chr(240), chr(244), 'chr(''240'') chr(''244'')');
insert into "SCOTT"."STRESS_AllChars_Child" values (chr(240), chr(245), 'chr(''240'') chr(''245'')');
insert into "SCOTT"."STRESS_AllChars" values (chr(241), 'chr(''241'')');
insert into "SCOTT"."STRESS_AllChars_Child" values (chr(241), chr(236), 'chr(''241'') chr(''236'')');
insert into "SCOTT"."STRESS_AllChars_Child" values (chr(241), chr(237), 'chr(''241'') chr(''237'')');
insert into "SCOTT"."STRESS_AllChars_Child" values (chr(241), chr(238), 'chr(''241'') chr(''238'')');
insert into "SCOTT"."STRESS_AllChars_Child" values (chr(241), chr(239), 'chr(''241'') chr(''239'')');
insert into "SCOTT"."STRESS_AllChars_Child" values (chr(241), chr(240), 'chr(''241'') chr(''240'')');
insert into "SCOTT"."STRESS_AllChars_Child" values (chr(241), chr(241), 'chr(''241'') chr(''241'')');
insert into "SCOTT"."STRESS_AllChars_Child" values (chr(241), chr(242), 'chr(''241'') chr(''242'')');
insert into "SCOTT"."STRESS_AllChars_Child" values (chr(241), chr(243), 'chr(''241'') chr(''243'')');
insert into "SCOTT"."STRESS_AllChars_Child" values (chr(241), chr(244), 'chr(''241'') chr(''244'')');
insert into "SCOTT"."STRESS_AllChars_Child" values (chr(241), chr(245), 'chr(''241'') chr(''245'')');
insert into "SCOTT"."STRESS_AllChars_Child" values (chr(241), chr(246), 'chr(''241'') chr(''246'')');
insert into "SCOTT"."STRESS_AllChars" values (chr(242), 'chr(''242'')');
insert into "SCOTT"."STRESS_AllChars_Child" values (chr(242), chr(237), 'chr(''242'') chr(''237'')');
insert into "SCOTT"."STRESS_AllChars_Child" values (chr(242), chr(238), 'chr(''242'') chr(''238'')');
insert into "SCOTT"."STRESS_AllChars_Child" values (chr(242), chr(239), 'chr(''242'') chr(''239'')');
insert into "SCOTT"."STRESS_AllChars_Child" values (chr(242), chr(240), 'chr(''242'') chr(''240'')');
insert into "SCOTT"."STRESS_AllChars_Child" values (chr(242), chr(241), 'chr(''242'') chr(''241'')');
insert into "SCOTT"."STRESS_AllChars_Child" values (chr(242), chr(242), 'chr(''242'') chr(''242'')');
insert into "SCOTT"."STRESS_AllChars_Child" values (chr(242), chr(243), 'chr(''242'') chr(''243'')');
insert into "SCOTT"."STRESS_AllChars_Child" values (chr(242), chr(244), 'chr(''242'') chr(''244'')');
insert into "SCOTT"."STRESS_AllChars_Child" values (chr(242), chr(245), 'chr(''242'') chr(''245'')');
insert into "SCOTT"."STRESS_AllChars_Child" values (chr(242), chr(246), 'chr(''242'') chr(''246'')');
insert into "SCOTT"."STRESS_AllChars_Child" values (chr(242), chr(247), 'chr(''242'') chr(''247'')');
insert into "SCOTT"."STRESS_AllChars" values (chr(243), 'chr(''243'')');
insert into "SCOTT"."STRESS_AllChars_Child" values (chr(243), chr(238), 'chr(''243'') chr(''238'')');
insert into "SCOTT"."STRESS_AllChars_Child" values (chr(243), chr(239), 'chr(''243'') chr(''239'')');
insert into "SCOTT"."STRESS_AllChars_Child" values (chr(243), chr(240), 'chr(''243'') chr(''240'')');
insert into "SCOTT"."STRESS_AllChars_Child" values (chr(243), chr(241), 'chr(''243'') chr(''241'')');
insert into "SCOTT"."STRESS_AllChars_Child" values (chr(243), chr(242), 'chr(''243'') chr(''242'')');
insert into "SCOTT"."STRESS_AllChars_Child" values (chr(243), chr(243), 'chr(''243'') chr(''243'')');
insert into "SCOTT"."STRESS_AllChars_Child" values (chr(243), chr(244), 'chr(''243'') chr(''244'')');
insert into "SCOTT"."STRESS_AllChars_Child" values (chr(243), chr(245), 'chr(''243'') chr(''245'')');
insert into "SCOTT"."STRESS_AllChars_Child" values (chr(243), chr(246), 'chr(''243'') chr(''246'')');
insert into "SCOTT"."STRESS_AllChars_Child" values (chr(243), chr(247), 'chr(''243'') chr(''247'')');
insert into "SCOTT"."STRESS_AllChars_Child" values (chr(243), chr(248), 'chr(''243'') chr(''248'')');
insert into "SCOTT"."STRESS_AllChars" values (chr(244), 'chr(''244'')');
insert into "SCOTT"."STRESS_AllChars_Child" values (chr(244), chr(239), 'chr(''244'') chr(''239'')');
insert into "SCOTT"."STRESS_AllChars_Child" values (chr(244), chr(240), 'chr(''244'') chr(''240'')');
insert into "SCOTT"."STRESS_AllChars_Child" values (chr(244), chr(241), 'chr(''244'') chr(''241'')');
insert into "SCOTT"."STRESS_AllChars_Child" values (chr(244), chr(242), 'chr(''244'') chr(''242'')');
insert into "SCOTT"."STRESS_AllChars_Child" values (chr(244), chr(243), 'chr(''244'') chr(''243'')');
insert into "SCOTT"."STRESS_AllChars_Child" values (chr(244), chr(244), 'chr(''244'') chr(''244'')');
insert into "SCOTT"."STRESS_AllChars_Child" values (chr(244), chr(245), 'chr(''244'') chr(''245'')');
insert into "SCOTT"."STRESS_AllChars_Child" values (chr(244), chr(246), 'chr(''244'') chr(''246'')');
insert into "SCOTT"."STRESS_AllChars_Child" values (chr(244), chr(247), 'chr(''244'') chr(''247'')');
insert into "SCOTT"."STRESS_AllChars_Child" values (chr(244), chr(248), 'chr(''244'') chr(''248'')');
insert into "SCOTT"."STRESS_AllChars_Child" values (chr(244), chr(249), 'chr(''244'') chr(''249'')');
insert into "SCOTT"."STRESS_AllChars" values (chr(245), 'chr(''245'')');
insert into "SCOTT"."STRESS_AllChars_Child" values (chr(245), chr(240), 'chr(''245'') chr(''240'')');
insert into "SCOTT"."STRESS_AllChars_Child" values (chr(245), chr(241), 'chr(''245'') chr(''241'')');
insert into "SCOTT"."STRESS_AllChars_Child" values (chr(245), chr(242), 'chr(''245'') chr(''242'')');
insert into "SCOTT"."STRESS_AllChars_Child" values (chr(245), chr(243), 'chr(''245'') chr(''243'')');
insert into "SCOTT"."STRESS_AllChars_Child" values (chr(245), chr(244), 'chr(''245'') chr(''244'')');
insert into "SCOTT"."STRESS_AllChars_Child" values (chr(245), chr(245), 'chr(''245'') chr(''245'')');
insert into "SCOTT"."STRESS_AllChars_Child" values (chr(245), chr(246), 'chr(''245'') chr(''246'')');
insert into "SCOTT"."STRESS_AllChars_Child" values (chr(245), chr(247), 'chr(''245'') chr(''247'')');
insert into "SCOTT"."STRESS_AllChars_Child" values (chr(245), chr(248), 'chr(''245'') chr(''248'')');
insert into "SCOTT"."STRESS_AllChars_Child" values (chr(245), chr(249), 'chr(''245'') chr(''249'')');
insert into "SCOTT"."STRESS_AllChars_Child" values (chr(245), chr(250), 'chr(''245'') chr(''250'')');
insert into "SCOTT"."STRESS_AllChars" values (chr(246), 'chr(''246'')');
insert into "SCOTT"."STRESS_AllChars_Child" values (chr(246), chr(241), 'chr(''246'') chr(''241'')');
insert into "SCOTT"."STRESS_AllChars_Child" values (chr(246), chr(242), 'chr(''246'') chr(''242'')');
insert into "SCOTT"."STRESS_AllChars_Child" values (chr(246), chr(243), 'chr(''246'') chr(''243'')');
insert into "SCOTT"."STRESS_AllChars_Child" values (chr(246), chr(244), 'chr(''246'') chr(''244'')');
insert into "SCOTT"."STRESS_AllChars_Child" values (chr(246), chr(245), 'chr(''246'') chr(''245'')');
insert into "SCOTT"."STRESS_AllChars_Child" values (chr(246), chr(246), 'chr(''246'') chr(''246'')');
insert into "SCOTT"."STRESS_AllChars_Child" values (chr(246), chr(247), 'chr(''246'') chr(''247'')');
insert into "SCOTT"."STRESS_AllChars_Child" values (chr(246), chr(248), 'chr(''246'') chr(''248'')');
insert into "SCOTT"."STRESS_AllChars_Child" values (chr(246), chr(249), 'chr(''246'') chr(''249'')');
insert into "SCOTT"."STRESS_AllChars_Child" values (chr(246), chr(250), 'chr(''246'') chr(''250'')');
insert into "SCOTT"."STRESS_AllChars_Child" values (chr(246), chr(251), 'chr(''246'') chr(''251'')');
insert into "SCOTT"."STRESS_AllChars" values (chr(247), 'chr(''247'')');
insert into "SCOTT"."STRESS_AllChars_Child" values (chr(247), chr(242), 'chr(''247'') chr(''242'')');
insert into "SCOTT"."STRESS_AllChars_Child" values (chr(247), chr(243), 'chr(''247'') chr(''243'')');
insert into "SCOTT"."STRESS_AllChars_Child" values (chr(247), chr(244), 'chr(''247'') chr(''244'')');
insert into "SCOTT"."STRESS_AllChars_Child" values (chr(247), chr(245), 'chr(''247'') chr(''245'')');
insert into "SCOTT"."STRESS_AllChars_Child" values (chr(247), chr(246), 'chr(''247'') chr(''246'')');
insert into "SCOTT"."STRESS_AllChars_Child" values (chr(247), chr(247), 'chr(''247'') chr(''247'')');
insert into "SCOTT"."STRESS_AllChars_Child" values (chr(247), chr(248), 'chr(''247'') chr(''248'')');
insert into "SCOTT"."STRESS_AllChars_Child" values (chr(247), chr(249), 'chr(''247'') chr(''249'')');
insert into "SCOTT"."STRESS_AllChars_Child" values (chr(247), chr(250), 'chr(''247'') chr(''250'')');
insert into "SCOTT"."STRESS_AllChars_Child" values (chr(247), chr(251), 'chr(''247'') chr(''251'')');
insert into "SCOTT"."STRESS_AllChars_Child" values (chr(247), chr(252), 'chr(''247'') chr(''252'')');
insert into "SCOTT"."STRESS_AllChars" values (chr(248), 'chr(''248'')');
insert into "SCOTT"."STRESS_AllChars_Child" values (chr(248), chr(243), 'chr(''248'') chr(''243'')');
insert into "SCOTT"."STRESS_AllChars_Child" values (chr(248), chr(244), 'chr(''248'') chr(''244'')');
insert into "SCOTT"."STRESS_AllChars_Child" values (chr(248), chr(245), 'chr(''248'') chr(''245'')');
insert into "SCOTT"."STRESS_AllChars_Child" values (chr(248), chr(246), 'chr(''248'') chr(''246'')');
insert into "SCOTT"."STRESS_AllChars_Child" values (chr(248), chr(247), 'chr(''248'') chr(''247'')');
insert into "SCOTT"."STRESS_AllChars_Child" values (chr(248), chr(248), 'chr(''248'') chr(''248'')');
insert into "SCOTT"."STRESS_AllChars_Child" values (chr(248), chr(249), 'chr(''248'') chr(''249'')');
insert into "SCOTT"."STRESS_AllChars_Child" values (chr(248), chr(250), 'chr(''248'') chr(''250'')');
insert into "SCOTT"."STRESS_AllChars_Child" values (chr(248), chr(251), 'chr(''248'') chr(''251'')');
insert into "SCOTT"."STRESS_AllChars_Child" values (chr(248), chr(252), 'chr(''248'') chr(''252'')');
insert into "SCOTT"."STRESS_AllChars_Child" values (chr(248), chr(253), 'chr(''248'') chr(''253'')');
insert into "SCOTT"."STRESS_AllChars" values (chr(249), 'chr(''249'')');
insert into "SCOTT"."STRESS_AllChars_Child" values (chr(249), chr(244), 'chr(''249'') chr(''244'')');
insert into "SCOTT"."STRESS_AllChars_Child" values (chr(249), chr(245), 'chr(''249'') chr(''245'')');
insert into "SCOTT"."STRESS_AllChars_Child" values (chr(249), chr(246), 'chr(''249'') chr(''246'')');
insert into "SCOTT"."STRESS_AllChars_Child" values (chr(249), chr(247), 'chr(''249'') chr(''247'')');
insert into "SCOTT"."STRESS_AllChars_Child" values (chr(249), chr(248), 'chr(''249'') chr(''248'')');
insert into "SCOTT"."STRESS_AllChars_Child" values (chr(249), chr(249), 'chr(''249'') chr(''249'')');
insert into "SCOTT"."STRESS_AllChars_Child" values (chr(249), chr(250), 'chr(''249'') chr(''250'')');
insert into "SCOTT"."STRESS_AllChars_Child" values (chr(249), chr(251), 'chr(''249'') chr(''251'')');
insert into "SCOTT"."STRESS_AllChars_Child" values (chr(249), chr(252), 'chr(''249'') chr(''252'')');
insert into "SCOTT"."STRESS_AllChars_Child" values (chr(249), chr(253), 'chr(''249'') chr(''253'')');
insert into "SCOTT"."STRESS_AllChars_Child" values (chr(249), chr(254), 'chr(''249'') chr(''254'')');
insert into "SCOTT"."STRESS_AllChars" values (chr(250), 'chr(''250'')');
insert into "SCOTT"."STRESS_AllChars_Child" values (chr(250), chr(245), 'chr(''250'') chr(''245'')');
insert into "SCOTT"."STRESS_AllChars_Child" values (chr(250), chr(246), 'chr(''250'') chr(''246'')');
insert into "SCOTT"."STRESS_AllChars_Child" values (chr(250), chr(247), 'chr(''250'') chr(''247'')');
insert into "SCOTT"."STRESS_AllChars_Child" values (chr(250), chr(248), 'chr(''250'') chr(''248'')');
insert into "SCOTT"."STRESS_AllChars_Child" values (chr(250), chr(249), 'chr(''250'') chr(''249'')');
insert into "SCOTT"."STRESS_AllChars_Child" values (chr(250), chr(250), 'chr(''250'') chr(''250'')');
insert into "SCOTT"."STRESS_AllChars_Child" values (chr(250), chr(251), 'chr(''250'') chr(''251'')');
insert into "SCOTT"."STRESS_AllChars_Child" values (chr(250), chr(252), 'chr(''250'') chr(''252'')');
insert into "SCOTT"."STRESS_AllChars_Child" values (chr(250), chr(253), 'chr(''250'') chr(''253'')');
insert into "SCOTT"."STRESS_AllChars_Child" values (chr(250), chr(254), 'chr(''250'') chr(''254'')');
insert into "SCOTT"."STRESS_AllChars_Child" values (chr(250), chr(255), 'chr(''250'') chr(''255'')');
insert into "SCOTT"."STRESS_AllChars" values (chr(251), 'chr(''251'')');
insert into "SCOTT"."STRESS_AllChars_Child" values (chr(251), chr(246), 'chr(''251'') chr(''246'')');
insert into "SCOTT"."STRESS_AllChars_Child" values (chr(251), chr(247), 'chr(''251'') chr(''247'')');
insert into "SCOTT"."STRESS_AllChars_Child" values (chr(251), chr(248), 'chr(''251'') chr(''248'')');
insert into "SCOTT"."STRESS_AllChars_Child" values (chr(251), chr(249), 'chr(''251'') chr(''249'')');
insert into "SCOTT"."STRESS_AllChars_Child" values (chr(251), chr(250), 'chr(''251'') chr(''250'')');
insert into "SCOTT"."STRESS_AllChars_Child" values (chr(251), chr(251), 'chr(''251'') chr(''251'')');
insert into "SCOTT"."STRESS_AllChars_Child" values (chr(251), chr(252), 'chr(''251'') chr(''252'')');
insert into "SCOTT"."STRESS_AllChars_Child" values (chr(251), chr(253), 'chr(''251'') chr(''253'')');
insert into "SCOTT"."STRESS_AllChars_Child" values (chr(251), chr(254), 'chr(''251'') chr(''254'')');
insert into "SCOTT"."STRESS_AllChars_Child" values (chr(251), chr(255), 'chr(''251'') chr(''255'')');
insert into "SCOTT"."STRESS_AllChars" values (chr(252), 'chr(''252'')');
insert into "SCOTT"."STRESS_AllChars_Child" values (chr(252), chr(247), 'chr(''252'') chr(''247'')');
insert into "SCOTT"."STRESS_AllChars_Child" values (chr(252), chr(248), 'chr(''252'') chr(''248'')');
insert into "SCOTT"."STRESS_AllChars_Child" values (chr(252), chr(249), 'chr(''252'') chr(''249'')');
insert into "SCOTT"."STRESS_AllChars_Child" values (chr(252), chr(250), 'chr(''252'') chr(''250'')');
insert into "SCOTT"."STRESS_AllChars_Child" values (chr(252), chr(251), 'chr(''252'') chr(''251'')');
insert into "SCOTT"."STRESS_AllChars_Child" values (chr(252), chr(252), 'chr(''252'') chr(''252'')');
insert into "SCOTT"."STRESS_AllChars_Child" values (chr(252), chr(253), 'chr(''252'') chr(''253'')');
insert into "SCOTT"."STRESS_AllChars_Child" values (chr(252), chr(254), 'chr(''252'') chr(''254'')');
insert into "SCOTT"."STRESS_AllChars_Child" values (chr(252), chr(255), 'chr(''252'') chr(''255'')');
insert into "SCOTT"."STRESS_AllChars" values (chr(253), 'chr(''253'')');
insert into "SCOTT"."STRESS_AllChars_Child" values (chr(253), chr(248), 'chr(''253'') chr(''248'')');
insert into "SCOTT"."STRESS_AllChars_Child" values (chr(253), chr(249), 'chr(''253'') chr(''249'')');
insert into "SCOTT"."STRESS_AllChars_Child" values (chr(253), chr(250), 'chr(''253'') chr(''250'')');
insert into "SCOTT"."STRESS_AllChars_Child" values (chr(253), chr(251), 'chr(''253'') chr(''251'')');
insert into "SCOTT"."STRESS_AllChars_Child" values (chr(253), chr(252), 'chr(''253'') chr(''252'')');
insert into "SCOTT"."STRESS_AllChars_Child" values (chr(253), chr(253), 'chr(''253'') chr(''253'')');
insert into "SCOTT"."STRESS_AllChars_Child" values (chr(253), chr(254), 'chr(''253'') chr(''254'')');
insert into "SCOTT"."STRESS_AllChars_Child" values (chr(253), chr(255), 'chr(''253'') chr(''255'')');
insert into "SCOTT"."STRESS_AllChars" values (chr(254), 'chr(''254'')');
insert into "SCOTT"."STRESS_AllChars_Child" values (chr(254), chr(249), 'chr(''254'') chr(''249'')');
insert into "SCOTT"."STRESS_AllChars_Child" values (chr(254), chr(250), 'chr(''254'') chr(''250'')');
insert into "SCOTT"."STRESS_AllChars_Child" values (chr(254), chr(251), 'chr(''254'') chr(''251'')');
insert into "SCOTT"."STRESS_AllChars_Child" values (chr(254), chr(252), 'chr(''254'') chr(''252'')');
insert into "SCOTT"."STRESS_AllChars_Child" values (chr(254), chr(253), 'chr(''254'') chr(''253'')');
insert into "SCOTT"."STRESS_AllChars_Child" values (chr(254), chr(254), 'chr(''254'') chr(''254'')');
insert into "SCOTT"."STRESS_AllChars_Child" values (chr(254), chr(255), 'chr(''254'') chr(''255'')');
insert into "SCOTT"."STRESS_AllChars" values (chr(255), 'chr(''255'')');
insert into "SCOTT"."STRESS_AllChars_Child" values (chr(255), chr(250), 'chr(''255'') chr(''250'')');
insert into "SCOTT"."STRESS_AllChars_Child" values (chr(255), chr(251), 'chr(''255'') chr(''251'')');
insert into "SCOTT"."STRESS_AllChars_Child" values (chr(255), chr(252), 'chr(''255'') chr(''252'')');
insert into "SCOTT"."STRESS_AllChars_Child" values (chr(255), chr(253), 'chr(''255'') chr(''253'')');
insert into "SCOTT"."STRESS_AllChars_Child" values (chr(255), chr(254), 'chr(''255'') chr(''254'')');
insert into "SCOTT"."STRESS_AllChars_Child" values (chr(255), chr(255), 'chr(''255'') chr(''255'')');

-- STRESS_NO_PRIMARY_KEY.table
drop sequence "SCOTT"."STRESS_NO_PRIMARY_KEY_SEQ";
drop table "SCOTT"."STRESS_NO_PRIMARY_KEY";

create sequence "SCOTT"."STRESS_NO_PRIMARY_KEY_SEQ" increment by 1 start with 1 nocache;
create table "SCOTT"."STRESS_NO_PRIMARY_KEY" (  "id" integer not null);

insert into "SCOTT"."STRESS_NO_PRIMARY_KEY" values ("SCOTT"."STRESS_NO_PRIMARY_KEY_SEQ".nextval);
insert into "SCOTT"."STRESS_NO_PRIMARY_KEY" values ("SCOTT"."STRESS_NO_PRIMARY_KEY_SEQ".nextval);
insert into "SCOTT"."STRESS_NO_PRIMARY_KEY" values ("SCOTT"."STRESS_NO_PRIMARY_KEY_SEQ".nextval);

-- STRESS_IDENTITY_01.table
drop table "SCOTT"."STRESS_IDENTITY";

create table "SCOTT"."STRESS_IDENTITY" (  "id" int generated always as identity (increment by 1 start with 1 nocache) ,"some_text" varchar(40));
alter table "SCOTT"."STRESS_IDENTITY"  add constraint "PK_STRESS_IDENTITY"  primary key ("id");

insert into "SCOTT"."STRESS_IDENTITY"("some_text") values ('Hello 1');
insert into "SCOTT"."STRESS_IDENTITY"("id", "some_text") values (DEFAULT, 'Hello 2');
-- this will failinsert into "SCOTT"."STRESS_IDENTITY"("id", "some_text") values (0, 'Hello 3');
-- this will failinsert into "SCOTT"."STRESS_IDENTITY"("id", "some_text") values (null, 'Hello 4');
insert into "SCOTT"."STRESS_IDENTITY"("some_text") values ('Hello 5');
insert into "SCOTT"."STRESS_IDENTITY"("some_text") values ('Hello 6');

-- STRESS_VARRAY.table
create sequence "SCOTT"."STRESS_VARRAY_SEQ" increment by 1 start with 1 nocache;
create or replace type "SCOTT"."varchar_va" as varray(10) of varchar2(100);
create or replace type "SCOTT"."number_va" as varray(5) of number(10,2);
create table "SCOTT"."STRESS_VARRAY" (  "id" integer not null ,"description" long ,"varray_varchar" "varchar_va" ,"varray_number" "number_va");
alter table "SCOTT"."STRESS_VARRAY"  add constraint "PK_STRESS_VARRAY"  primary key ("id");

insert into "SCOTT"."STRESS_VARRAY" values (  "STRESS_VARRAY_SEQ".nextval ,'"varchar_va"(''A'',''B'',''C'',''DDDDDDDEEEEEEEEEEFFFFFFFFFF'',''1234567890'',''G'',''H'',''I'',''KKKKKKKKKKKKKKKKKKKKKKKKKKKKKKKKKKKKKK'',''LLLLLL'')' || chr(10) || '"number_va"(0,1,1e40,123144123123,99999.99,-99999.99,-1.2,9.8)' ,"varchar_va"('A','B','C','DDDDDDDEEEEEEEEEEFFFFFFFFFF','1234567890','G','H','I','KKKKKKKKKKKKKKKKKKKKKKKKKKKKKKKKKKKKKK','LLLLLL') ,"number_va"(0,1,-99999.99,-1.2,9.8));
insert into "SCOTT"."STRESS_VARRAY" values (  "STRESS_VARRAY_SEQ".nextval ,'varchar_va is null' || chr(10) || 'number_va is null' ,null ,null);

-- ['This stress table has varrays of different types that we currently support in Oracle.', 'Note: Certain characteristics of Object types are not currently supported.', 'drop sequence "SCOTT"."STRESS_VARRAY_SEQ"', '/', 'drop table "SCOTT"."STRESS_VARRAY"', '/', '-- Phase Create']
